participant,exp,voice_pair,actor,emotion,level,contrast,stim_language,listener_group,native_stimulus,H_side,ccr_raw,score_H,rt_ms,n_replays,catch_pass,in_primary
P01,1,rav04_hap,rav04,hap,normal,H_vs_E@normal,en,cn,0,left,2,-2,761,1,1,1
P01,1,rav12_fea_r2,rav12,fear,strong,H_vs_R@strong,en,cn,0,right,1,1,470,1,1,1
P01,1,rav18_dis,rav18,dis,strong,H_vs_R@strong,en,cn,0,left,2,-2,947,0,1,1
P01,1,rav16_hap,rav16,hap,normal,H_vs_E@normal,en,cn,0,left,3,-3,635,0,1,1
P01,1,rav02_ang,rav02,ang,normal,H_vs_E@normal,en,cn,0,left,0,0,593,0,1,1
P01,1,rav14_hap,rav14,hap,strong,H_vs_R@strong,en,cn,0,left,1,-1,599,0,1,1
P01,1,rav02_ang,rav02,ang,strong,H_vs_E@strong,en,cn,0,left,-1,1,673,0,1,1
P01,1,rav24_dis,rav24,dis,strong,H_vs_E@strong,en,cn,0,right,-1,-1,1690,0,1,1
P01,1,rav06_ang,rav06,ang,strong,H_vs_R@strong,en,cn,0,left,0,0,489,0,1,1
P01,1,rav12_fea_r2,rav12,fear,strong,H_vs_E@strong,en,cn,0,left,-2,2,1281,1,1,1
P01,1,rav02_dis,rav02,dis,normal,H_vs_E@normal,en,cn,0,right,-1,-1,1247,1,1,1
P01,1,rav02_dis,rav02,dis,strong,H_vs_R@strong,en,cn,0,left,0,0,970,0,1,1
P01,1,rav20_fea_r2,rav20,fear,strong,H_vs_E@strong,en,cn,0,left,0,0,840,1,1,1
P01,1,rav14_hap,rav14,hap,normal,H_vs_E@normal,en,cn,0,right,2,2,892,0,1,1
P01,1,rav10_fea,rav10,fear,strong,H_vs_R@strong,en,cn,0,left,2,-2,3003,0,1,1
P01,1,rav24_dis,rav24,dis,normal,H_vs_E@normal,en,cn,0,right,2,2,1274,0,1,1
P01,1,rav06_ang,rav06,ang,strong,H_vs_E@strong,en,cn,0,right,3,3,536,0,1,1
P01,1,rav12_fea_r2,rav12,fear,normal,H_vs_E@normal,en,cn,0,left,1,-1,873,0,1,1
P01,1,rav02_ang,rav02,ang,strong,H_vs_R@strong,en,cn,0,right,-2,-2,494,0,1,1
P01,1,rav06_ang,rav06,ang,normal,H_vs_E@normal,en,cn,0,right,1,1,2499,0,1,1
P01,1,rav04_hap,rav04,hap,strong,H_vs_R@strong,en,cn,0,right,0,0,589,0,1,1
P01,1,rav10_fea,rav10,fear,normal,H_vs_E@normal,en,cn,0,right,2,2,523,1,1,1
P01,1,rav24_dis,rav24,dis,strong,H_vs_R@strong,en,cn,0,left,3,-3,1100,0,1,1
P01,1,rav20_fea_r2,rav20,fear,normal,H_vs_E@normal,en,cn,0,left,0,0,1594,0,1,1
P01,1,rav10_fea,rav10,fear,strong,H_vs_E@strong,en,cn,0,right,1,1,1053,0,1,1
P01,1,rav04_hap,rav04,hap,strong,H_vs_E@strong,en,cn,0,left,3,-3,815,0,1,1
P01,1,rav14_hap,rav14,hap,strong,H_vs_E@strong,en,cn,0,right,-1,-1,719,0,1,1
P01,1,rav16_hap,rav16,hap,strong,H_vs_R@strong,en,cn,0,right,1,1,1064,0,1,1
P01,1,rav18_dis,rav18,dis,normal,H_vs_E@normal,en,cn,0,right,2,2,686,0,1,1
P01,1,rav20_fea_r2,rav20,fear,strong,H_vs_R@strong,en,cn,0,right,0,0,2622,0,1,1
P01,1,rav16_hap,rav16,hap,strong,H_vs_E@strong,en,cn,0,left,1,-1,11513,0,1,1
P01,1,rav08_ang,rav08,ang,normal,H_vs_E@normal,en,cn,0,left,-1,1,1360,1,1,1
P01,1,rav02_dis,rav02,dis,strong,H_vs_E@strong,en,cn,0,right,3,3,597,0,1,1
P01,1,rav18_dis,rav18,dis,strong,H_vs_E@strong,en,cn,0,right,2,2,575,0,1,1
P01,1,rav08_ang,rav08,ang,strong,H_vs_R@strong,en,cn,0,right,0,0,873,0,1,1
P01,1,rav08_ang,rav08,ang,strong,H_vs_E@strong,en,cn,0,left,-2,2,1470,0,1,1
P01,1,rav06_ang,rav06,ang,strong,mute:H_vs_E@strong,en,cn,0,right,1,1,462,1,1,1
P01,1,rav16_hap,rav16,hap,strong,mute:H_vs_E@strong,en,cn,0,right,2,2,9159,0,1,1
P01,1,rav18_dis,rav18,dis,strong,mute:H_vs_E@strong,en,cn,0,left,-2,2,4609,0,1,1
P01,1,rav20_fea_r2,rav20,fear,strong,mute:H_vs_E@strong,en,cn,0,right,-2,-2,920,0,1,1
P01,1,rav10_fea,rav10,fear,strong,mute:H_vs_E@strong,en,cn,0,left,2,-2,953,0,1,1
P01,1,rav04_hap,rav04,hap,strong,mute:H_vs_E@strong,en,cn,0,left,2,-2,1218,0,1,1
P01,2,jp_hap_short_sentence,,hap,jp,L_vs_Lrev@jp,jp,cn,0,left,1,-1,1104,3,1,1
P01,2,cn_esd0002_short3_ang,,ang,cn,L_vs_Lrev@cn,cn,cn,1,right,-1,-1,450,1,1,1
P01,2,jp_sad_short_sentence,,sad,jp,L_vs_Lrev@jp,jp,cn,0,right,0,0,518,0,1,1
P01,2,en_ang_short_sentence,,ang,en,L_vs_E@en,en,cn,0,right,1,1,2145,0,1,1
P01,2,jp_sad_short_sentence,,sad,jp,L_vs_E@jp,jp,cn,0,left,3,-3,629,0,1,1
P01,2,en_ang_short_sentence,,ang,en,L_vs_Lrev@en,en,cn,0,left,0,0,979,0,1,1
P01,2,cn_esd0002_short3_hap,,hap,cn,L_vs_Lrev@cn,cn,cn,1,left,2,-2,591,0,1,1
P01,2,en_sad_short_sentence,,sad,en,L_vs_E@en,en,cn,0,right,-2,-2,798,0,1,1
P01,2,jp_hap_short_sentence,,hap,jp,L_vs_E@jp,jp,cn,0,right,-3,-3,635,0,1,1
P01,2,cn_esd0002_short3_sad,,sad,cn,L_vs_Lrev@cn,cn,cn,1,right,1,1,1023,0,1,1
P01,2,en_hap_short_sentence,,hap,en,L_vs_Lrev@en,en,cn,0,right,1,1,1371,0,1,1
P01,2,jp_ang_short_sentence,,ang,jp,L_vs_Lrev@jp,jp,cn,0,right,2,2,508,0,1,1
P01,2,cn_esd0002_short3_sad,,sad,cn,L_vs_E@cn,cn,cn,1,left,3,-3,230,0,1,1
P01,2,jp_ang_short_sentence,,ang,jp,L_vs_E@jp,jp,cn,0,left,1,-1,2194,1,1,1
P01,2,cn_esd0002_short3_hap,,hap,cn,L_vs_E@cn,cn,cn,1,right,-2,-2,907,0,1,1
P01,2,en_sad_short_sentence,,sad,en,L_vs_Lrev@en,en,cn,0,left,1,-1,747,0,1,1
P01,2,cn_esd0002_short3_ang,,ang,cn,L_vs_E@cn,cn,cn,1,left,-1,1,702,1,1,1
P01,2,en_hap_short_sentence,,hap,en,L_vs_E@en,en,cn,0,left,1,-1,617,0,1,1
P02,1,rav24_dis,rav24,dis,normal,H_vs_E@normal,en,cn,0,left,1,-1,811,1,1,1
P02,1,rav08_ang,rav08,ang,strong,H_vs_E@strong,en,cn,0,right,-2,-2,789,0,1,1
P02,1,rav08_ang,rav08,ang,normal,H_vs_E@normal,en,cn,0,right,-1,-1,1146,1,1,1
P02,1,rav14_hap,rav14,hap,strong,H_vs_E@strong,en,cn,0,left,1,-1,833,0,1,1
P02,1,rav02_ang,rav02,ang,normal,H_vs_E@normal,en,cn,0,right,0,0,805,1,1,1
P02,1,rav08_ang,rav08,ang,strong,H_vs_R@strong,en,cn,0,left,1,-1,792,0,1,1
P02,1,rav16_hap,rav16,hap,strong,H_vs_R@strong,en,cn,0,left,1,-1,802,1,1,1
P02,1,rav02_ang,rav02,ang,strong,H_vs_R@strong,en,cn,0,left,-1,1,1120,0,1,1
P02,1,rav18_dis,rav18,dis,strong,H_vs_E@strong,en,cn,0,left,2,-2,742,0,1,1
P02,1,rav06_ang,rav06,ang,strong,H_vs_R@strong,en,cn,0,right,-1,-1,910,1,1,1
P02,1,rav04_hap,rav04,hap,normal,H_vs_E@normal,en,cn,0,right,1,1,647,0,1,1
P02,1,rav20_fea_r2,rav20,fear,strong,H_vs_R@strong,en,cn,0,left,0,0,996,0,1,1
P02,1,rav24_dis,rav24,dis,strong,H_vs_R@strong,en,cn,0,right,-1,-1,644,0,1,1
P02,1,rav14_hap,rav14,hap,strong,H_vs_R@strong,en,cn,0,right,1,1,518,0,1,1
P02,1,rav12_fea_r2,rav12,fear,strong,H_vs_R@strong,en,cn,0,left,1,-1,1044,0,1,1
P02,1,rav06_ang,rav06,ang,normal,H_vs_E@normal,en,cn,0,left,2,-2,744,0,1,1
P02,1,rav20_fea_r2,rav20,fear,strong,H_vs_E@strong,en,cn,0,right,1,1,2323,0,1,1
P02,1,rav16_hap,rav16,hap,strong,H_vs_E@strong,en,cn,0,right,-1,-1,869,0,1,1
P02,1,rav20_fea_r2,rav20,fear,normal,H_vs_E@normal,en,cn,0,right,0,0,660,1,1,1
P02,1,rav02_dis,rav02,dis,strong,H_vs_E@strong,en,cn,0,left,2,-2,962,0,1,1
P02,1,rav16_hap,rav16,hap,normal,H_vs_E@normal,en,cn,0,right,-1,-1,725,1,1,1
P02,1,rav02_dis,rav02,dis,strong,H_vs_R@strong,en,cn,0,right,-1,-1,586,0,1,1
P02,1,rav04_hap,rav04,hap,strong,H_vs_E@strong,en,cn,0,right,-1,-1,810,0,1,1
P02,1,rav02_dis,rav02,dis,normal,H_vs_E@normal,en,cn,0,left,0,0,1159,0,1,1
P02,1,rav10_fea,rav10,fear,strong,H_vs_R@strong,en,cn,0,right,1,1,1091,0,1,1
P02,1,rav12_fea_r2,rav12,fear,strong,H_vs_E@strong,en,cn,0,right,-1,-1,617,0,1,1
P02,1,rav04_hap,rav04,hap,strong,H_vs_R@strong,en,cn,0,left,-1,1,444,0,1,1
P02,1,rav10_fea,rav10,fear,normal,H_vs_E@normal,en,cn,0,left,0,0,555,0,1,1
P02,1,rav12_fea_r2,rav12,fear,normal,H_vs_E@normal,en,cn,0,right,-1,-1,608,0,1,1
P02,1,rav18_dis,rav18,dis,strong,H_vs_R@strong,en,cn,0,right,-2,-2,597,0,1,1
P02,1,rav02_ang,rav02,ang,strong,H_vs_E@strong,en,cn,0,right,-1,-1,745,0,1,1
P02,1,rav06_ang,rav06,ang,strong,H_vs_E@strong,en,cn,0,left,0,0,1032,0,1,1
P02,1,rav14_hap,rav14,hap,normal,H_vs_E@normal,en,cn,0,left,-2,2,614,0,1,1
P02,1,rav10_fea,rav10,fear,strong,H_vs_E@strong,en,cn,0,left,2,-2,589,0,1,1
P02,1,rav18_dis,rav18,dis,normal,H_vs_E@normal,en,cn,0,left,3,-3,449,0,1,1
P02,1,rav24_dis,rav24,dis,strong,H_vs_E@strong,en,cn,0,left,2,-2,565,0,1,1
P02,1,rav06_ang,rav06,ang,strong,mute:H_vs_E@strong,en,cn,0,left,-1,1,770,1,1,1
P02,1,rav04_hap,rav04,hap,strong,mute:H_vs_E@strong,en,cn,0,right,2,2,1526,0,1,1
P02,1,rav18_dis,rav18,dis,strong,mute:H_vs_E@strong,en,cn,0,right,-3,-3,473,0,1,1
P02,1,rav20_fea_r2,rav20,fear,strong,mute:H_vs_E@strong,en,cn,0,left,2,-2,656,0,1,1
P02,1,rav16_hap,rav16,hap,strong,mute:H_vs_E@strong,en,cn,0,left,2,-2,887,0,1,1
P02,1,rav10_fea,rav10,fear,strong,mute:H_vs_E@strong,en,cn,0,right,-2,-2,786,0,1,1
P02,2,cn_esd0002_short3_hap,,hap,cn,L_vs_E@cn,cn,cn,1,left,1,-1,1354,0,1,1
P02,2,jp_ang_short_sentence,,ang,jp,L_vs_E@jp,jp,cn,0,right,0,0,1111,0,1,1
P02,2,en_sad_short_sentence,,sad,en,L_vs_E@en,en,cn,0,left,1,-1,1030,0,1,1
P02,2,cn_esd0002_short3_ang,,ang,cn,L_vs_Lrev@cn,cn,cn,1,left,1,-1,746,0,1,1
P02,2,jp_hap_short_sentence,,hap,jp,L_vs_E@jp,jp,cn,0,left,2,-2,1323,1,1,1
P02,2,en_sad_short_sentence,,sad,en,L_vs_Lrev@en,en,cn,0,right,1,1,1117,0,1,1
P02,2,cn_esd0002_short3_ang,,ang,cn,L_vs_E@cn,cn,cn,1,right,-2,-2,780,0,1,1
P02,2,jp_sad_short_sentence,,sad,jp,L_vs_E@jp,jp,cn,0,right,-1,-1,611,0,1,1
P02,2,en_hap_short_sentence,,hap,en,L_vs_Lrev@en,en,cn,0,left,-1,1,547,0,1,1
P02,2,cn_esd0002_short3_sad,,sad,cn,L_vs_E@cn,cn,cn,1,right,-1,-1,643,0,1,1
P02,2,en_ang_short_sentence,,ang,en,L_vs_Lrev@en,en,cn,0,right,1,1,1285,0,1,1
P02,2,cn_esd0002_short3_sad,,sad,cn,L_vs_Lrev@cn,cn,cn,1,left,-1,1,590,0,1,1
P02,2,jp_hap_short_sentence,,hap,jp,L_vs_Lrev@jp,jp,cn,0,right,2,2,575,0,1,1
P02,2,en_ang_short_sentence,,ang,en,L_vs_E@en,en,cn,0,left,0,0,912,0,1,1
P02,2,jp_sad_short_sentence,,sad,jp,L_vs_Lrev@jp,jp,cn,0,left,1,-1,845,0,1,1
P02,2,cn_esd0002_short3_hap,,hap,cn,L_vs_Lrev@cn,cn,cn,1,right,-1,-1,623,1,1,1
P02,2,jp_ang_short_sentence,,ang,jp,L_vs_Lrev@jp,jp,cn,0,left,0,0,661,0,1,1
P02,2,en_hap_short_sentence,,hap,en,L_vs_E@en,en,cn,0,right,-2,-2,993,0,1,1
P03,1,rav08_ang,rav08,ang,normal,H_vs_E@normal,en,cn,0,right,1,1,1904,0,1,1
P03,1,rav02_ang,rav02,ang,strong,H_vs_E@strong,en,cn,0,right,2,2,1075,1,1,1
P03,1,rav08_ang,rav08,ang,strong,H_vs_R@strong,en,cn,0,left,0,0,1531,2,1,1
P03,1,rav18_dis,rav18,dis,strong,H_vs_E@strong,en,cn,0,left,1,-1,1394,1,1,1
P03,1,rav10_fea,rav10,fear,strong,H_vs_R@strong,en,cn,0,right,0,0,1548,1,1,1
P03,1,rav02_dis,rav02,dis,strong,H_vs_E@strong,en,cn,0,left,1,-1,1386,1,1,1
P03,1,rav24_dis,rav24,dis,strong,H_vs_E@strong,en,cn,0,left,1,-1,1579,1,1,1
P03,1,rav20_fea_r2,rav20,fear,strong,H_vs_R@strong,en,cn,0,left,0,0,1112,0,1,1
P03,1,rav14_hap,rav14,hap,strong,H_vs_E@strong,en,cn,0,left,-2,2,1017,1,1,1
P03,1,rav02_dis,rav02,dis,strong,H_vs_R@strong,en,cn,0,right,1,1,1029,0,1,1
P03,1,rav12_fea_r2,rav12,fear,normal,H_vs_E@normal,en,cn,0,right,1,1,1266,1,1,1
P03,1,rav06_ang,rav06,ang,strong,H_vs_R@strong,en,cn,0,right,-2,-2,1005,2,1,1
P03,1,rav20_fea_r2,rav20,fear,normal,H_vs_E@normal,en,cn,0,right,1,1,957,3,1,1
P03,1,rav02_ang,rav02,ang,strong,H_vs_R@strong,en,cn,0,left,2,-2,1326,0,1,1
P03,1,rav20_fea_r2,rav20,fear,strong,H_vs_E@strong,en,cn,0,right,0,0,1030,1,1,1
P03,1,rav16_hap,rav16,hap,strong,H_vs_E@strong,en,cn,0,right,2,2,984,0,1,1
P03,1,rav12_fea_r2,rav12,fear,strong,H_vs_R@strong,en,cn,0,left,-1,1,881,0,1,1
P03,1,rav10_fea,rav10,fear,normal,H_vs_E@normal,en,cn,0,left,-1,1,1025,2,1,1
P03,1,rav02_ang,rav02,ang,normal,H_vs_E@normal,en,cn,0,right,2,2,860,0,1,1
P03,1,rav24_dis,rav24,dis,normal,H_vs_E@normal,en,cn,0,left,1,-1,1370,2,1,1
P03,1,rav10_fea,rav10,fear,strong,H_vs_E@strong,en,cn,0,left,1,-1,1710,2,1,1
P03,1,rav06_ang,rav06,ang,normal,H_vs_E@normal,en,cn,0,left,-1,1,3700,2,1,1
P03,1,rav24_dis,rav24,dis,strong,H_vs_R@strong,en,cn,0,right,0,0,1307,1,1,1
P03,1,rav08_ang,rav08,ang,strong,H_vs_E@strong,en,cn,0,right,-1,-1,1567,2,1,1
P03,1,rav14_hap,rav14,hap,strong,H_vs_R@strong,en,cn,0,right,1,1,791,1,1,1
P03,1,rav16_hap,rav16,hap,strong,H_vs_R@strong,en,cn,0,left,-2,2,1226,1,1,1
P03,1,rav12_fea_r2,rav12,fear,strong,H_vs_E@strong,en,cn,0,right,0,0,1867,1,1,1
P03,1,rav06_ang,rav06,ang,strong,H_vs_E@strong,en,cn,0,left,0,0,1301,2,1,1
P03,1,rav14_hap,rav14,hap,normal,H_vs_E@normal,en,cn,0,left,-1,1,2075,4,1,1
P03,1,rav04_hap,rav04,hap,normal,H_vs_E@normal,en,cn,0,right,1,1,1307,0,1,1
P03,1,rav04_hap,rav04,hap,strong,H_vs_E@strong,en,cn,0,right,1,1,940,0,1,1
P03,1,rav18_dis,rav18,dis,normal,H_vs_E@normal,en,cn,0,left,1,-1,920,1,1,1
P03,1,rav04_hap,rav04,hap,strong,H_vs_R@strong,en,cn,0,left,-1,1,971,0,1,1
P03,1,rav16_hap,rav16,hap,normal,H_vs_E@normal,en,cn,0,right,1,1,786,3,1,1
P03,1,rav18_dis,rav18,dis,strong,H_vs_R@strong,en,cn,0,right,1,1,667,0,1,1
P03,1,rav02_dis,rav02,dis,normal,H_vs_E@normal,en,cn,0,left,1,-1,1650,1,1,1
P03,1,rav16_hap,rav16,hap,strong,mute:H_vs_E@strong,en,cn,0,left,-1,1,919,5,1,1
P03,1,rav18_dis,rav18,dis,strong,mute:H_vs_E@strong,en,cn,0,right,1,1,1359,1,1,1
P03,1,rav04_hap,rav04,hap,strong,mute:H_vs_E@strong,en,cn,0,right,1,1,660,0,1,1
P03,1,rav20_fea_r2,rav20,fear,strong,mute:H_vs_E@strong,en,cn,0,left,-1,1,720,0,1,1
P03,1,rav10_fea,rav10,fear,strong,mute:H_vs_E@strong,en,cn,0,right,1,1,871,1,1,1
P03,1,rav06_ang,rav06,ang,strong,mute:H_vs_E@strong,en,cn,0,left,-1,1,903,0,1,1
P03,2,jp_ang_short_sentence,,ang,jp,L_vs_Lrev@jp,jp,cn,0,left,1,-1,1798,4,1,1
P03,2,cn_esd0002_short3_sad,,sad,cn,L_vs_Lrev@cn,cn,cn,1,left,0,0,2013,2,1,1
P03,2,en_ang_short_sentence,,ang,en,L_vs_Lrev@en,en,cn,0,right,-1,-1,1552,1,1,1
P03,2,cn_esd0002_short3_hap,,hap,cn,L_vs_Lrev@cn,cn,cn,1,right,1,1,899,3,1,1
P03,2,jp_sad_short_sentence,,sad,jp,L_vs_Lrev@jp,jp,cn,0,left,-1,1,1167,1,1,1
P03,2,cn_esd0002_short3_ang,,ang,cn,L_vs_E@cn,cn,cn,1,right,2,2,1304,1,1,1
P03,2,en_hap_short_sentence,,hap,en,L_vs_E@en,en,cn,0,right,1,1,1860,0,1,1
P03,2,jp_sad_short_sentence,,sad,jp,L_vs_E@jp,jp,cn,0,right,1,1,1028,0,1,1
P03,2,cn_esd0002_short3_ang,,ang,cn,L_vs_Lrev@cn,cn,cn,1,left,1,-1,846,0,1,1
P03,2,en_hap_short_sentence,,hap,en,L_vs_Lrev@en,en,cn,0,left,0,0,1439,2,1,1
P03,2,jp_ang_short_sentence,,ang,jp,L_vs_E@jp,jp,cn,0,right,0,0,1261,0,1,1
P03,2,en_sad_short_sentence,,sad,en,L_vs_E@en,en,cn,0,left,1,-1,1241,1,1,1
P03,2,jp_hap_short_sentence,,hap,jp,L_vs_E@jp,jp,cn,0,left,0,0,947,2,1,1
P03,2,cn_esd0002_short3_sad,,sad,cn,L_vs_E@cn,cn,cn,1,right,-2,-2,1490,2,1,1
P03,2,jp_hap_short_sentence,,hap,jp,L_vs_Lrev@jp,jp,cn,0,right,0,0,1386,1,1,1
P03,2,en_ang_short_sentence,,ang,en,L_vs_E@en,en,cn,0,left,0,0,1326,3,1,1
P03,2,cn_esd0002_short3_hap,,hap,cn,L_vs_E@cn,cn,cn,1,left,1,-1,815,1,1,1
P03,2,en_sad_short_sentence,,sad,en,L_vs_Lrev@en,en,cn,0,right,1,1,1418,3,1,1
P04,1,rav12_fea_r2,rav12,fear,normal,H_vs_E@normal,en,cn,0,left,-1,1,1853,0,1,1
P04,1,rav24_dis,rav24,dis,normal,H_vs_E@normal,en,cn,0,right,-1,-1,1707,0,1,1
P04,1,rav02_dis,rav02,dis,strong,H_vs_E@strong,en,cn,0,right,0,0,869,0,1,1
P04,1,rav02_ang,rav02,ang,strong,H_vs_E@strong,en,cn,0,left,-1,1,1343,0,1,1
P04,1,rav16_hap,rav16,hap,strong,H_vs_R@strong,en,cn,0,right,-1,-1,795,0,1,1
P04,1,rav06_ang,rav06,ang,strong,H_vs_R@strong,en,cn,0,left,1,-1,808,0,1,1
P04,1,rav24_dis,rav24,dis,strong,H_vs_E@strong,en,cn,0,right,1,1,985,0,1,1
P04,1,rav02_ang,rav02,ang,normal,H_vs_E@normal,en,cn,0,left,1,-1,1611,0,1,1
P04,1,rav14_hap,rav14,hap,strong,H_vs_R@strong,en,cn,0,left,-1,1,1176,0,1,1
P04,1,rav12_fea_r2,rav12,fear,strong,H_vs_E@strong,en,cn,0,left,-1,1,897,1,1,1
P04,1,rav02_ang,rav02,ang,strong,H_vs_R@strong,en,cn,0,right,1,1,779,0,1,1
P04,1,rav16_hap,rav16,hap,normal,H_vs_E@normal,en,cn,0,left,-1,1,1273,0,1,1
P04,1,rav04_hap,rav04,hap,strong,H_vs_R@strong,en,cn,0,right,1,1,989,0,1,1
P04,1,rav02_dis,rav02,dis,normal,H_vs_E@normal,en,cn,0,right,1,1,884,0,1,1
P04,1,rav02_dis,rav02,dis,strong,H_vs_R@strong,en,cn,0,left,1,-1,700,0,1,1
P04,1,rav16_hap,rav16,hap,strong,H_vs_E@strong,en,cn,0,left,-1,1,917,0,1,1
P04,1,rav04_hap,rav04,hap,strong,H_vs_E@strong,en,cn,0,left,1,-1,602,0,1,1
P04,1,rav10_fea,rav10,fear,strong,H_vs_R@strong,en,cn,0,left,-1,1,954,1,1,1
P04,1,rav14_hap,rav14,hap,strong,H_vs_E@strong,en,cn,0,right,-1,-1,1125,0,1,1
P04,1,rav04_hap,rav04,hap,normal,H_vs_E@normal,en,cn,0,left,1,-1,915,0,1,1
P04,1,rav14_hap,rav14,hap,normal,H_vs_E@normal,en,cn,0,right,1,1,2175,0,1,1
P04,1,rav08_ang,rav08,ang,strong,H_vs_R@strong,en,cn,0,right,1,1,1715,1,1,1
P04,1,rav20_fea_r2,rav20,fear,strong,H_vs_E@strong,en,cn,0,left,1,-1,1465,0,1,1
P04,1,rav12_fea_r2,rav12,fear,strong,H_vs_R@strong,en,cn,0,right,-1,-1,834,0,1,1
P04,1,rav08_ang,rav08,ang,strong,H_vs_E@strong,en,cn,0,left,-1,1,726,0,1,1
P04,1,rav20_fea_r2,rav20,fear,normal,H_vs_E@normal,en,cn,0,left,-1,1,769,0,1,1
P04,1,rav18_dis,rav18,dis,strong,H_vs_E@strong,en,cn,0,right,1,1,899,0,1,1
P04,1,rav08_ang,rav08,ang,normal,H_vs_E@normal,en,cn,0,left,1,-1,5949,0,1,1
P04,1,rav24_dis,rav24,dis,strong,H_vs_R@strong,en,cn,0,left,-1,1,758,0,1,1
P04,1,rav10_fea,rav10,fear,normal,H_vs_E@normal,en,cn,0,right,1,1,790,0,1,1
P04,1,rav20_fea_r2,rav20,fear,strong,H_vs_R@strong,en,cn,0,right,1,1,912,0,1,1
P04,1,rav06_ang,rav06,ang,normal,H_vs_E@normal,en,cn,0,right,1,1,643,0,1,1
P04,1,rav18_dis,rav18,dis,strong,H_vs_R@strong,en,cn,0,left,1,-1,737,0,1,1
P04,1,rav18_dis,rav18,dis,normal,H_vs_E@normal,en,cn,0,right,1,1,636,0,1,1
P04,1,rav06_ang,rav06,ang,strong,H_vs_E@strong,en,cn,0,right,1,1,595,0,1,1
P04,1,rav10_fea,rav10,fear,strong,H_vs_E@strong,en,cn,0,right,1,1,623,0,1,1
P04,1,rav10_fea,rav10,fear,strong,mute:H_vs_E@strong,en,cn,0,left,-1,1,820,1,1,1
P04,1,rav18_dis,rav18,dis,strong,mute:H_vs_E@strong,en,cn,0,left,-1,1,887,0,1,1
P04,1,rav20_fea_r2,rav20,fear,strong,mute:H_vs_E@strong,en,cn,0,right,1,1,1116,0,1,1
P04,1,rav16_hap,rav16,hap,strong,mute:H_vs_E@strong,en,cn,0,right,1,1,1009,0,1,1
P04,1,rav06_ang,rav06,ang,strong,mute:H_vs_E@strong,en,cn,0,right,1,1,686,0,1,1
P04,1,rav04_hap,rav04,hap,strong,mute:H_vs_E@strong,en,cn,0,left,-1,1,774,0,1,1
P04,2,jp_sad_short_sentence,,sad,jp,L_vs_E@jp,jp,cn,0,left,-1,1,1442,1,1,1
P04,2,en_ang_short_sentence,,ang,en,L_vs_Lrev@en,en,cn,0,left,-1,1,1157,0,1,1
P04,2,jp_sad_short_sentence,,sad,jp,L_vs_Lrev@jp,jp,cn,0,right,-1,-1,689,1,1,1
P04,2,cn_esd0002_short3_ang,,ang,cn,L_vs_Lrev@cn,cn,cn,1,right,1,1,878,1,1,1
P04,2,en_hap_short_sentence,,hap,en,L_vs_E@en,en,cn,0,left,1,-1,1406,0,1,1
P04,2,cn_esd0002_short3_sad,,sad,cn,L_vs_Lrev@cn,cn,cn,1,right,1,1,1523,1,1,1
P04,2,jp_hap_short_sentence,,hap,jp,L_vs_Lrev@jp,jp,cn,0,left,-1,1,1587,0,1,1
P04,2,en_ang_short_sentence,,ang,en,L_vs_E@en,en,cn,0,right,1,1,1536,0,1,1
P04,2,cn_esd0002_short3_hap,,hap,cn,L_vs_Lrev@cn,cn,cn,1,left,1,-1,733,1,1,1
P04,2,en_sad_short_sentence,,sad,en,L_vs_E@en,en,cn,0,right,1,1,1156,0,1,1
P04,2,jp_ang_short_sentence,,ang,jp,L_vs_Lrev@jp,jp,cn,0,right,1,1,1197,0,1,1
P04,2,en_hap_short_sentence,,hap,en,L_vs_Lrev@en,en,cn,0,right,1,1,1027,1,1,1
P04,2,cn_esd0002_short3_sad,,sad,cn,L_vs_E@cn,cn,cn,1,left,1,-1,1449,0,1,1
P04,2,jp_hap_short_sentence,,hap,jp,L_vs_E@jp,jp,cn,0,right,1,1,1097,0,1,1
P04,2,cn_esd0002_short3_ang,,ang,cn,L_vs_E@cn,cn,cn,1,left,1,-1,1148,0,1,1
P04,2,en_sad_short_sentence,,sad,en,L_vs_Lrev@en,en,cn,0,left,-1,1,1109,0,1,1
P04,2,cn_esd0002_short3_hap,,hap,cn,L_vs_E@cn,cn,cn,1,right,1,1,1063,0,1,1
P04,2,jp_ang_short_sentence,,ang,jp,L_vs_E@jp,jp,cn,0,left,-1,1,959,0,1,1
P05,1,rav14_hap,rav14,hap,normal,H_vs_E@normal,en,cn,0,right,0,0,1595,0,1,1
P05,1,rav10_fea,rav10,fear,strong,H_vs_R@strong,en,cn,0,left,-2,2,626,0,1,1
P05,1,rav06_ang,rav06,ang,strong,H_vs_R@strong,en,cn,0,left,-1,1,507,1,1,1
P05,1,rav12_fea_r2,rav12,fear,normal,H_vs_E@normal,en,cn,0,left,1,-1,883,0,1,1
P05,1,rav02_ang,rav02,ang,strong,H_vs_E@strong,en,cn,0,left,-1,1,512,1,1,1
P05,1,rav14_hap,rav14,hap,strong,H_vs_R@strong,en,cn,0,left,-2,2,1536,0,1,1
P05,1,rav24_dis,rav24,dis,strong,H_vs_E@strong,en,cn,0,right,1,1,895,1,1,1
P05,1,rav24_dis,rav24,dis,strong,H_vs_R@strong,en,cn,0,left,1,-1,1068,0,1,1
P05,1,rav08_ang,rav08,ang,strong,H_vs_E@strong,en,cn,0,left,-2,2,668,0,1,1
P05,1,rav18_dis,rav18,dis,normal,H_vs_E@normal,en,cn,0,right,-1,-1,679,0,1,1
P05,1,rav10_fea,rav10,fear,strong,H_vs_E@strong,en,cn,0,right,1,1,849,0,1,1
P05,1,rav14_hap,rav14,hap,strong,H_vs_E@strong,en,cn,0,right,1,1,1317,0,1,1
P05,1,rav04_hap,rav04,hap,normal,H_vs_E@normal,en,cn,0,left,-1,1,905,1,1,1
P05,1,rav04_hap,rav04,hap,strong,H_vs_E@strong,en,cn,0,left,-1,1,587,0,1,1
P05,1,rav16_hap,rav16,hap,normal,H_vs_E@normal,en,cn,0,left,1,-1,992,1,1,1
P05,1,rav18_dis,rav18,dis,strong,H_vs_E@strong,en,cn,0,right,-3,-3,874,0,1,1
P05,1,rav02_ang,rav02,ang,strong,H_vs_R@strong,en,cn,0,right,-2,-2,502,0,1,1
P05,1,rav20_fea_r2,rav20,fear,normal,H_vs_E@normal,en,cn,0,left,0,0,627,0,1,1
P05,1,rav18_dis,rav18,dis,strong,H_vs_R@strong,en,cn,0,left,0,0,3049,0,1,1
P05,1,rav06_ang,rav06,ang,normal,H_vs_E@normal,en,cn,0,right,0,0,551,0,1,1
P05,1,rav12_fea_r2,rav12,fear,strong,H_vs_R@strong,en,cn,0,right,2,2,524,0,1,1
P05,1,rav16_hap,rav16,hap,strong,H_vs_R@strong,en,cn,0,right,0,0,1687,0,1,1
P05,1,rav02_dis,rav02,dis,normal,H_vs_E@normal,en,cn,0,right,0,0,2579,0,1,1
P05,1,rav20_fea_r2,rav20,fear,strong,H_vs_E@strong,en,cn,0,left,-2,2,1415,0,1,1
P05,1,rav02_ang,rav02,ang,normal,H_vs_E@normal,en,cn,0,left,1,-1,698,1,1,1
P05,1,rav16_hap,rav16,hap,strong,H_vs_E@strong,en,cn,0,left,1,-1,670,0,1,1
P05,1,rav20_fea_r2,rav20,fear,strong,H_vs_R@strong,en,cn,0,right,-2,-2,585,0,1,1
P05,1,rav02_dis,rav02,dis,strong,H_vs_E@strong,en,cn,0,right,-1,-1,1837,0,1,1
P05,1,rav10_fea,rav10,fear,normal,H_vs_E@normal,en,cn,0,right,1,1,1100,1,1,1
P05,1,rav04_hap,rav04,hap,strong,H_vs_R@strong,en,cn,0,right,0,0,939,2,1,1
P05,1,rav08_ang,rav08,ang,normal,H_vs_E@normal,en,cn,0,left,-1,1,1038,1,1,1
P05,1,rav12_fea_r2,rav12,fear,strong,H_vs_E@strong,en,cn,0,left,-2,2,693,0,1,1
P05,1,rav24_dis,rav24,dis,normal,H_vs_E@normal,en,cn,0,right,-2,-2,720,0,1,1
P05,1,rav08_ang,rav08,ang,strong,H_vs_R@strong,en,cn,0,right,2,2,1619,0,1,1
P05,1,rav06_ang,rav06,ang,strong,H_vs_E@strong,en,cn,0,right,2,2,481,0,1,1
P05,1,rav02_dis,rav02,dis,strong,H_vs_R@strong,en,cn,0,left,3,-3,1579,1,1,1
P05,1,rav06_ang,rav06,ang,strong,mute:H_vs_E@strong,en,cn,0,right,2,2,866,2,1,1
P05,1,rav18_dis,rav18,dis,strong,mute:H_vs_E@strong,en,cn,0,left,0,0,827,1,1,1
P05,1,rav20_fea_r2,rav20,fear,strong,mute:H_vs_E@strong,en,cn,0,right,1,1,892,2,1,1
P05,1,rav10_fea,rav10,fear,strong,mute:H_vs_E@strong,en,cn,0,left,-1,1,899,1,1,1
P05,1,rav04_hap,rav04,hap,strong,mute:H_vs_E@strong,en,cn,0,left,-2,2,873,0,1,1
P05,1,rav16_hap,rav16,hap,strong,mute:H_vs_E@strong,en,cn,0,right,2,2,629,1,1,1
P05,2,en_ang_short_sentence,,ang,en,L_vs_Lrev@en,en,cn,0,left,-2,2,915,1,1,1
P05,2,jp_hap_short_sentence,,hap,jp,L_vs_E@jp,jp,cn,0,right,-2,-2,969,1,1,1
P05,2,en_sad_short_sentence,,sad,en,L_vs_E@en,en,cn,0,right,-3,-3,1450,1,1,1
P05,2,jp_ang_short_sentence,,ang,jp,L_vs_Lrev@jp,jp,cn,0,right,2,2,1097,2,1,1
P05,2,en_sad_short_sentence,,sad,en,L_vs_Lrev@en,en,cn,0,left,-3,3,1023,2,1,1
P05,2,cn_esd0002_short3_ang,,ang,cn,L_vs_Lrev@cn,cn,cn,1,right,3,3,707,1,1,1
P05,2,jp_hap_short_sentence,,hap,jp,L_vs_Lrev@jp,jp,cn,0,left,-2,2,1238,0,1,1
P05,2,cn_esd0002_short3_sad,,sad,cn,L_vs_E@cn,cn,cn,1,left,2,-2,799,1,1,1
P05,2,jp_ang_short_sentence,,ang,jp,L_vs_E@jp,jp,cn,0,left,-3,3,771,1,1,1
P05,2,cn_esd0002_short3_hap,,hap,cn,L_vs_Lrev@cn,cn,cn,1,left,-3,3,389,1,1,1
P05,2,jp_sad_short_sentence,,sad,jp,L_vs_Lrev@jp,jp,cn,0,right,3,3,1033,2,1,1
P05,2,cn_esd0002_short3_ang,,ang,cn,L_vs_E@cn,cn,cn,1,left,3,-3,501,1,1,1
P05,2,en_hap_short_sentence,,hap,en,L_vs_E@en,en,cn,0,left,3,-3,552,0,1,1
P05,2,jp_sad_short_sentence,,sad,jp,L_vs_E@jp,jp,cn,0,left,1,-1,461,0,1,1
P05,2,en_hap_short_sentence,,hap,en,L_vs_Lrev@en,en,cn,0,right,-2,-2,805,0,1,1
P05,2,cn_esd0002_short3_sad,,sad,cn,L_vs_Lrev@cn,cn,cn,1,right,2,2,1024,0,1,1
P05,2,en_ang_short_sentence,,ang,en,L_vs_E@en,en,cn,0,right,2,2,993,0,1,1
P05,2,cn_esd0002_short3_hap,,hap,cn,L_vs_E@cn,cn,cn,1,right,-2,-2,530,3,1,1
P06,1,rav16_hap,rav16,hap,strong,H_vs_R@strong,en,cn,0,left,1,-1,1361,0,1,1
P06,1,rav08_ang,rav08,ang,strong,H_vs_E@strong,en,cn,0,right,2,2,1464,0,1,1
P06,1,rav02_dis,rav02,dis,strong,H_vs_R@strong,en,cn,0,right,-1,-1,1435,1,1,1
P06,1,rav04_hap,rav04,hap,normal,H_vs_E@normal,en,cn,0,right,-1,-1,1298,1,1,1
P06,1,rav08_ang,rav08,ang,strong,H_vs_R@strong,en,cn,0,left,-1,1,1019,2,1,1
P06,1,rav24_dis,rav24,dis,normal,H_vs_E@normal,en,cn,0,left,1,-1,996,0,1,1
P06,1,rav18_dis,rav18,dis,strong,H_vs_R@strong,en,cn,0,right,1,1,2960,2,1,1
P06,1,rav16_hap,rav16,hap,normal,H_vs_E@normal,en,cn,0,right,1,1,1056,2,1,1
P06,1,rav02_dis,rav02,dis,normal,H_vs_E@normal,en,cn,0,left,-1,1,2451,2,1,1
P06,1,rav14_hap,rav14,hap,strong,H_vs_E@strong,en,cn,0,left,-1,1,1241,0,1,1
P06,1,rav18_dis,rav18,dis,strong,H_vs_E@strong,en,cn,0,left,1,-1,929,1,1,1
P06,1,rav18_dis,rav18,dis,normal,H_vs_E@normal,en,cn,0,left,-1,1,1193,0,1,1
P06,1,rav24_dis,rav24,dis,strong,H_vs_R@strong,en,cn,0,right,-1,-1,900,1,1,1
P06,1,rav12_fea_r2,rav12,fear,normal,H_vs_E@normal,en,cn,0,right,-1,-1,1380,1,1,1
P06,1,rav06_ang,rav06,ang,strong,H_vs_E@strong,en,cn,0,left,-2,2,649,1,1,1
P06,1,rav12_fea_r2,rav12,fear,strong,H_vs_R@strong,en,cn,0,left,1,-1,1507,2,1,1
P06,1,rav04_hap,rav04,hap,strong,H_vs_R@strong,en,cn,0,left,-1,1,626,1,1,1
P06,1,rav20_fea_r2,rav20,fear,strong,H_vs_E@strong,en,cn,0,right,1,1,1057,0,1,1
P06,1,rav14_hap,rav14,hap,normal,H_vs_E@normal,en,cn,0,left,0,0,1361,1,1,1
P06,1,rav16_hap,rav16,hap,strong,H_vs_E@strong,en,cn,0,right,1,1,1021,3,1,1
P06,1,rav10_fea,rav10,fear,strong,H_vs_R@strong,en,cn,0,right,3,3,954,2,1,1
P06,1,rav24_dis,rav24,dis,strong,H_vs_E@strong,en,cn,0,left,1,-1,1420,0,1,1
P06,1,rav14_hap,rav14,hap,strong,H_vs_R@strong,en,cn,0,right,1,1,1134,3,1,1
P06,1,rav02_dis,rav02,dis,strong,H_vs_E@strong,en,cn,0,left,0,0,692,4,1,1
P06,1,rav08_ang,rav08,ang,normal,H_vs_E@normal,en,cn,0,right,0,0,584,2,1,1
P06,1,rav06_ang,rav06,ang,strong,H_vs_R@strong,en,cn,0,right,2,2,1120,1,1,1
P06,1,rav10_fea,rav10,fear,normal,H_vs_E@normal,en,cn,0,left,0,0,1059,1,1,1
P06,1,rav06_ang,rav06,ang,normal,H_vs_E@normal,en,cn,0,left,1,-1,860,3,1,1
P06,1,rav04_hap,rav04,hap,strong,H_vs_E@strong,en,cn,0,right,-1,-1,1249,3,1,1
P06,1,rav02_ang,rav02,ang,strong,H_vs_R@strong,en,cn,0,left,0,0,819,3,1,1
P06,1,rav10_fea,rav10,fear,strong,H_vs_E@strong,en,cn,0,left,-1,1,1705,1,1,1
P06,1,rav12_fea_r2,rav12,fear,strong,H_vs_E@strong,en,cn,0,right,1,1,866,1,1,1
P06,1,rav20_fea_r2,rav20,fear,normal,H_vs_E@normal,en,cn,0,right,0,0,1010,2,1,1
P06,1,rav02_ang,rav02,ang,strong,H_vs_E@strong,en,cn,0,right,1,1,1641,5,1,1
P06,1,rav20_fea_r2,rav20,fear,strong,H_vs_R@strong,en,cn,0,left,1,-1,1272,0,1,1
P06,1,rav02_ang,rav02,ang,normal,H_vs_E@normal,en,cn,0,right,-1,-1,677,3,1,1
P06,1,rav10_fea,rav10,fear,strong,mute:H_vs_E@strong,en,cn,0,right,1,1,729,2,1,1
P06,1,rav18_dis,rav18,dis,strong,mute:H_vs_E@strong,en,cn,0,right,1,1,603,1,1,1
P06,1,rav06_ang,rav06,ang,strong,mute:H_vs_E@strong,en,cn,0,left,0,0,2939,1,1,1
P06,1,rav04_hap,rav04,hap,strong,mute:H_vs_E@strong,en,cn,0,right,1,1,1093,0,1,1
P06,1,rav16_hap,rav16,hap,strong,mute:H_vs_E@strong,en,cn,0,left,0,0,716,3,1,1
P06,1,rav20_fea_r2,rav20,fear,strong,mute:H_vs_E@strong,en,cn,0,left,0,0,1323,0,1,1
P06,2,jp_hap_short_sentence,,hap,jp,L_vs_Lrev@jp,jp,cn,0,right,1,1,1184,2,1,1
P06,2,en_sad_short_sentence,,sad,en,L_vs_E@en,en,cn,0,left,0,0,926,3,1,1
P06,2,cn_esd0002_short3_ang,,ang,cn,L_vs_Lrev@cn,cn,cn,1,left,1,-1,988,2,1,1
P06,2,en_sad_short_sentence,,sad,en,L_vs_Lrev@en,en,cn,0,right,0,0,689,3,1,1
P06,2,jp_ang_short_sentence,,ang,jp,L_vs_E@jp,jp,cn,0,right,1,1,1229,5,1,1
P06,2,cn_esd0002_short3_sad,,sad,cn,L_vs_E@cn,cn,cn,1,right,1,1,852,2,1,1
P06,2,jp_hap_short_sentence,,hap,jp,L_vs_E@jp,jp,cn,0,left,1,-1,931,2,1,1
P06,2,en_ang_short_sentence,,ang,en,L_vs_E@en,en,cn,0,left,-1,1,1079,4,1,1
P06,2,cn_esd0002_short3_hap,,hap,cn,L_vs_E@cn,cn,cn,1,left,0,0,2446,2,1,1
P06,2,en_ang_short_sentence,,ang,en,L_vs_Lrev@en,en,cn,0,right,1,1,1160,3,1,1
P06,2,cn_esd0002_short3_hap,,hap,cn,L_vs_Lrev@cn,cn,cn,1,right,1,1,727,2,1,1
P06,2,jp_ang_short_sentence,,ang,jp,L_vs_Lrev@jp,jp,cn,0,left,0,0,719,5,1,1
P06,2,en_hap_short_sentence,,hap,en,L_vs_Lrev@en,en,cn,0,left,0,0,1003,3,1,1
P06,2,cn_esd0002_short3_sad,,sad,cn,L_vs_Lrev@cn,cn,cn,1,left,1,-1,1055,1,1,1
P06,2,en_hap_short_sentence,,hap,en,L_vs_E@en,en,cn,0,right,1,1,765,2,1,1
P06,2,jp_sad_short_sentence,,sad,jp,L_vs_E@jp,jp,cn,0,right,-1,-1,900,2,1,1
P06,2,cn_esd0002_short3_ang,,ang,cn,L_vs_E@cn,cn,cn,1,right,-1,-1,768,2,1,1
P06,2,jp_sad_short_sentence,,sad,jp,L_vs_Lrev@jp,jp,cn,0,left,0,0,766,3,1,1
P07,1,rav18_dis,rav18,dis,normal,H_vs_E@normal,en,cn,0,left,1,-1,1142,1,1,1
P07,1,rav02_dis,rav02,dis,strong,H_vs_R@strong,en,cn,0,right,1,1,1195,1,1,1
P07,1,rav12_fea_r2,rav12,fear,strong,H_vs_E@strong,en,cn,0,right,-1,-1,860,1,1,1
P07,1,rav18_dis,rav18,dis,strong,H_vs_R@strong,en,cn,0,right,0,0,619,0,1,1
P07,1,rav02_ang,rav02,ang,normal,H_vs_E@normal,en,cn,0,right,0,0,532,0,1,1
P07,1,rav14_hap,rav14,hap,strong,H_vs_R@strong,en,cn,0,right,1,1,593,2,1,1
P07,1,rav02_dis,rav02,dis,strong,H_vs_E@strong,en,cn,0,left,1,-1,1046,1,1,1
P07,1,rav20_fea_r2,rav20,fear,strong,H_vs_R@strong,en,cn,0,left,1,-1,5500,0,1,1
P07,1,rav24_dis,rav24,dis,strong,H_vs_E@strong,en,cn,0,left,-1,1,1716,0,1,1
P07,1,rav24_dis,rav24,dis,normal,H_vs_E@normal,en,cn,0,left,0,0,2412,0,1,1
P07,1,rav20_fea_r2,rav20,fear,strong,H_vs_E@strong,en,cn,0,right,1,1,780,0,1,1
P07,1,rav16_hap,rav16,hap,normal,H_vs_E@normal,en,cn,0,right,1,1,774,0,1,1
P07,1,rav04_hap,rav04,hap,normal,H_vs_E@normal,en,cn,0,right,1,1,5075,0,1,1
P07,1,rav18_dis,rav18,dis,strong,H_vs_E@strong,en,cn,0,left,-1,1,1963,0,1,1
P07,1,rav10_fea,rav10,fear,strong,H_vs_R@strong,en,cn,0,right,-1,-1,619,0,1,1
P07,1,rav16_hap,rav16,hap,strong,H_vs_E@strong,en,cn,0,right,1,1,622,0,1,1
P07,1,rav06_ang,rav06,ang,strong,H_vs_R@strong,en,cn,0,right,-1,-1,524,1,1,1
P07,1,rav10_fea,rav10,fear,strong,H_vs_E@strong,en,cn,0,left,-1,1,561,0,1,1
P07,1,rav04_hap,rav04,hap,strong,H_vs_E@strong,en,cn,0,right,1,1,727,0,1,1
P07,1,rav06_ang,rav06,ang,normal,H_vs_E@normal,en,cn,0,left,1,-1,1093,1,1,1
P07,1,rav02_ang,rav02,ang,strong,H_vs_R@strong,en,cn,0,left,1,-1,516,1,1,1
P07,1,rav10_fea,rav10,fear,normal,H_vs_E@normal,en,cn,0,left,1,-1,976,1,1,1
P07,1,rav04_hap,rav04,hap,strong,H_vs_R@strong,en,cn,0,left,-1,1,754,0,1,1
P07,1,rav02_ang,rav02,ang,strong,H_vs_E@strong,en,cn,0,right,1,1,1188,0,1,1
P07,1,rav12_fea_r2,rav12,fear,strong,H_vs_R@strong,en,cn,0,left,1,-1,706,0,1,1
P07,1,rav08_ang,rav08,ang,strong,H_vs_R@strong,en,cn,0,left,-1,1,1108,3,1,1
P07,1,rav24_dis,rav24,dis,strong,H_vs_R@strong,en,cn,0,right,0,0,795,1,1,1
P07,1,rav08_ang,rav08,ang,strong,H_vs_E@strong,en,cn,0,right,-1,-1,1069,0,1,1
P07,1,rav08_ang,rav08,ang,normal,H_vs_E@normal,en,cn,0,right,-1,-1,1015,0,1,1
P07,1,rav12_fea_r2,rav12,fear,normal,H_vs_E@normal,en,cn,0,right,1,1,1270,0,1,1
P07,1,rav02_dis,rav02,dis,normal,H_vs_E@normal,en,cn,0,left,1,-1,801,0,1,1
P07,1,rav16_hap,rav16,hap,strong,H_vs_R@strong,en,cn,0,left,0,0,639,0,1,1
P07,1,rav20_fea_r2,rav20,fear,normal,H_vs_E@normal,en,cn,0,right,0,0,756,0,1,1
P07,1,rav14_hap,rav14,hap,strong,H_vs_E@strong,en,cn,0,left,0,0,742,0,1,1
P07,1,rav06_ang,rav06,ang,strong,H_vs_E@strong,en,cn,0,left,-1,1,503,0,1,1
P07,1,rav14_hap,rav14,hap,normal,H_vs_E@normal,en,cn,0,left,0,0,994,0,1,1
P07,1,rav16_hap,rav16,hap,strong,mute:H_vs_E@strong,en,cn,0,left,0,0,781,0,1,1
P07,1,rav06_ang,rav06,ang,strong,mute:H_vs_E@strong,en,cn,0,left,-1,1,547,0,1,1
P07,1,rav20_fea_r2,rav20,fear,strong,mute:H_vs_E@strong,en,cn,0,left,-1,1,957,0,1,1
P07,1,rav18_dis,rav18,dis,strong,mute:H_vs_E@strong,en,cn,0,right,1,1,651,0,1,1
P07,1,rav04_hap,rav04,hap,strong,mute:H_vs_E@strong,en,cn,0,right,1,1,755,0,1,1
P07,1,rav10_fea,rav10,fear,strong,mute:H_vs_E@strong,en,cn,0,right,1,1,760,0,1,1
P07,2,en_hap_short_sentence,,hap,en,L_vs_Lrev@en,en,cn,0,left,0,0,1587,0,1,1
P07,2,jp_ang_short_sentence,,ang,jp,L_vs_Lrev@jp,jp,cn,0,left,0,0,937,0,1,1
P07,2,en_sad_short_sentence,,sad,en,L_vs_E@en,en,cn,0,left,1,-1,841,2,1,1
P07,2,cn_esd0002_short3_ang,,ang,cn,L_vs_E@cn,cn,cn,1,right,0,0,990,0,1,1
P07,2,en_sad_short_sentence,,sad,en,L_vs_Lrev@en,en,cn,0,right,-1,-1,1379,2,1,1
P07,2,jp_hap_short_sentence,,hap,jp,L_vs_E@jp,jp,cn,0,left,0,0,982,0,1,1
P07,2,en_ang_short_sentence,,ang,en,L_vs_Lrev@en,en,cn,0,right,0,0,839,0,1,1
P07,2,cn_esd0002_short3_hap,,hap,cn,L_vs_Lrev@cn,cn,cn,1,right,0,0,569,1,1,1
P07,2,en_ang_short_sentence,,ang,en,L_vs_E@en,en,cn,0,left,0,0,852,0,1,1
P07,2,cn_esd0002_short3_sad,,sad,cn,L_vs_Lrev@cn,cn,cn,1,left,1,-1,665,0,1,1
P07,2,en_hap_short_sentence,,hap,en,L_vs_E@en,en,cn,0,right,0,0,600,0,1,1
P07,2,jp_ang_short_sentence,,ang,jp,L_vs_E@jp,jp,cn,0,right,0,0,1096,0,1,1
P07,2,cn_esd0002_short3_sad,,sad,cn,L_vs_E@cn,cn,cn,1,right,0,0,766,0,1,1
P07,2,jp_hap_short_sentence,,hap,jp,L_vs_Lrev@jp,jp,cn,0,right,0,0,872,1,1,1
P07,2,cn_esd0002_short3_ang,,ang,cn,L_vs_Lrev@cn,cn,cn,1,left,-1,1,591,0,1,1
P07,2,jp_sad_short_sentence,,sad,jp,L_vs_E@jp,jp,cn,0,right,0,0,953,0,1,1
P07,2,cn_esd0002_short3_hap,,hap,cn,L_vs_E@cn,cn,cn,1,left,1,-1,950,0,1,1
P07,2,jp_sad_short_sentence,,sad,jp,L_vs_Lrev@jp,jp,cn,0,left,-1,1,848,0,1,1
P08,1,rav24_dis,rav24,dis,strong,H_vs_R@strong,en,cn,0,right,1,1,819,0,1,1
P08,1,rav08_ang,rav08,ang,normal,H_vs_E@normal,en,cn,0,right,0,0,462,0,1,1
P08,1,rav12_fea_r2,rav12,fear,strong,H_vs_E@strong,en,cn,0,right,1,1,903,0,1,1
P08,1,rav16_hap,rav16,hap,normal,H_vs_E@normal,en,cn,0,right,0,0,638,0,1,1
P08,1,rav06_ang,rav06,ang,strong,H_vs_R@strong,en,cn,0,right,-1,-1,694,0,1,1
P08,1,rav02_dis,rav02,dis,strong,H_vs_E@strong,en,cn,0,left,0,0,810,0,1,1
P08,1,rav18_dis,rav18,dis,strong,H_vs_R@strong,en,cn,0,right,-1,-1,777,0,1,1
P08,1,rav18_dis,rav18,dis,strong,H_vs_E@strong,en,cn,0,left,-1,1,431,0,1,1
P08,1,rav02_ang,rav02,ang,strong,H_vs_E@strong,en,cn,0,right,0,0,499,0,1,1
P08,1,rav02_ang,rav02,ang,strong,H_vs_R@strong,en,cn,0,left,0,0,1072,0,1,1
P08,1,rav08_ang,rav08,ang,strong,H_vs_E@strong,en,cn,0,right,-2,-2,1632,0,1,1
P08,1,rav14_hap,rav14,hap,strong,H_vs_R@strong,en,cn,0,right,1,1,763,0,1,1
P08,1,rav04_hap,rav04,hap,normal,H_vs_E@normal,en,cn,0,right,0,0,1301,0,1,1
P08,1,rav20_fea_r2,rav20,fear,strong,H_vs_E@strong,en,cn,0,right,-1,-1,1357,0,1,1
P08,1,rav10_fea,rav10,fear,strong,H_vs_R@strong,en,cn,0,right,1,1,1333,0,1,1
P08,1,rav04_hap,rav04,hap,strong,H_vs_E@strong,en,cn,0,right,0,0,1631,0,1,1
P08,1,rav06_ang,rav06,ang,normal,H_vs_E@normal,en,cn,0,left,0,0,613,0,1,1
P08,1,rav10_fea,rav10,fear,strong,H_vs_E@strong,en,cn,0,left,-1,1,843,0,1,1
P08,1,rav04_hap,rav04,hap,strong,H_vs_R@strong,en,cn,0,left,1,-1,1691,0,1,1
P08,1,rav02_ang,rav02,ang,normal,H_vs_E@normal,en,cn,0,right,0,0,512,0,1,1
P08,1,rav24_dis,rav24,dis,normal,H_vs_E@normal,en,cn,0,left,1,-1,579,0,1,1
P08,1,rav24_dis,rav24,dis,strong,H_vs_E@strong,en,cn,0,left,-1,1,630,0,1,1
P08,1,rav20_fea_r2,rav20,fear,strong,H_vs_R@strong,en,cn,0,left,-1,1,790,0,1,1
P08,1,rav14_hap,rav14,hap,normal,H_vs_E@normal,en,cn,0,left,-1,1,854,0,1,1
P08,1,rav08_ang,rav08,ang,strong,H_vs_R@strong,en,cn,0,left,-1,1,1070,0,1,1
P08,1,rav12_fea_r2,rav12,fear,strong,H_vs_R@strong,en,cn,0,left,0,0,647,0,1,1
P08,1,rav12_fea_r2,rav12,fear,normal,H_vs_E@normal,en,cn,0,right,1,1,713,0,1,1
P08,1,rav16_hap,rav16,hap,strong,H_vs_E@strong,en,cn,0,right,1,1,778,0,1,1
P08,1,rav10_fea,rav10,fear,normal,H_vs_E@normal,en,cn,0,left,1,-1,668,0,1,1
P08,1,rav14_hap,rav14,hap,strong,H_vs_E@strong,en,cn,0,left,1,-1,413,0,1,1
P08,1,rav06_ang,rav06,ang,strong,H_vs_E@strong,en,cn,0,left,-2,2,440,0,1,1
P08,1,rav02_dis,rav02,dis,strong,H_vs_R@strong,en,cn,0,right,0,0,707,0,1,1
P08,1,rav18_dis,rav18,dis,normal,H_vs_E@normal,en,cn,0,left,1,-1,459,0,1,1
P08,1,rav02_dis,rav02,dis,normal,H_vs_E@normal,en,cn,0,left,1,-1,621,0,1,1
P08,1,rav16_hap,rav16,hap,strong,H_vs_R@strong,en,cn,0,left,1,-1,559,0,1,1
P08,1,rav20_fea_r2,rav20,fear,normal,H_vs_E@normal,en,cn,0,right,2,2,435,0,1,1
P08,1,rav04_hap,rav04,hap,strong,mute:H_vs_E@strong,en,cn,0,right,1,1,2421,0,1,1
P08,1,rav06_ang,rav06,ang,strong,mute:H_vs_E@strong,en,cn,0,left,-1,1,504,0,1,1
P08,1,rav10_fea,rav10,fear,strong,mute:H_vs_E@strong,en,cn,0,right,1,1,500,0,1,1
P08,1,rav18_dis,rav18,dis,strong,mute:H_vs_E@strong,en,cn,0,right,-1,-1,578,0,1,1
P08,1,rav20_fea_r2,rav20,fear,strong,mute:H_vs_E@strong,en,cn,0,left,1,-1,625,0,1,1
P08,1,rav16_hap,rav16,hap,strong,mute:H_vs_E@strong,en,cn,0,left,-1,1,803,0,1,1
P08,2,jp_ang_short_sentence,,ang,jp,L_vs_Lrev@jp,jp,cn,0,left,0,0,1519,0,1,1
P08,2,en_hap_short_sentence,,hap,en,L_vs_E@en,en,cn,0,right,0,0,871,0,1,1
P08,2,jp_sad_short_sentence,,sad,jp,L_vs_E@jp,jp,cn,0,right,-1,-1,1023,0,1,1
P08,2,cn_esd0002_short3_ang,,ang,cn,L_vs_Lrev@cn,cn,cn,1,left,-1,1,553,0,1,1
P08,2,jp_hap_short_sentence,,hap,jp,L_vs_E@jp,jp,cn,0,left,-1,1,1080,0,1,1
P08,2,cn_esd0002_short3_sad,,sad,cn,L_vs_Lrev@cn,cn,cn,1,left,1,-1,846,0,1,1
P08,2,jp_ang_short_sentence,,ang,jp,L_vs_E@jp,jp,cn,0,right,1,1,686,0,1,1
P08,2,en_sad_short_sentence,,sad,en,L_vs_E@en,en,cn,0,left,1,-1,965,0,1,1
P08,2,cn_esd0002_short3_hap,,hap,cn,L_vs_Lrev@cn,cn,cn,1,right,1,1,1203,0,1,1
P08,2,en_ang_short_sentence,,ang,en,L_vs_Lrev@en,en,cn,0,right,0,0,738,0,1,1
P08,2,jp_hap_short_sentence,,hap,jp,L_vs_Lrev@jp,jp,cn,0,right,1,1,683,0,1,1
P08,2,en_ang_short_sentence,,ang,en,L_vs_E@en,en,cn,0,left,-1,1,733,0,1,1
P08,2,cn_esd0002_short3_sad,,sad,cn,L_vs_E@cn,cn,cn,1,right,-1,-1,861,0,1,1
P08,2,en_hap_short_sentence,,hap,en,L_vs_Lrev@en,en,cn,0,left,0,0,930,0,1,1
P08,2,cn_esd0002_short3_ang,,ang,cn,L_vs_E@cn,cn,cn,1,right,1,1,601,0,1,1
P08,2,jp_sad_short_sentence,,sad,jp,L_vs_Lrev@jp,jp,cn,0,left,-1,1,905,0,1,1
P08,2,cn_esd0002_short3_hap,,hap,cn,L_vs_E@cn,cn,cn,1,left,1,-1,518,0,1,1
P08,2,en_sad_short_sentence,,sad,en,L_vs_Lrev@en,en,cn,0,right,1,1,564,0,1,1
P09,1,rav16_hap,rav16,hap,normal,H_vs_E@normal,en,cn,0,left,-2,2,837,0,1,1
P09,1,rav18_dis,rav18,dis,strong,H_vs_E@strong,en,cn,0,right,0,0,672,1,1,1
P09,1,rav02_dis,rav02,dis,strong,H_vs_R@strong,en,cn,0,left,-1,1,1201,2,1,1
P09,1,rav04_hap,rav04,hap,normal,H_vs_E@normal,en,cn,0,left,2,-2,847,1,1,1
P09,1,rav16_hap,rav16,hap,strong,H_vs_E@strong,en,cn,0,left,-1,1,777,0,1,1
P09,1,rav06_ang,rav06,ang,normal,H_vs_E@normal,en,cn,0,right,-3,-3,1071,0,1,1
P09,1,rav06_ang,rav06,ang,strong,H_vs_R@strong,en,cn,0,left,-1,1,866,0,1,1
P09,1,rav24_dis,rav24,dis,strong,H_vs_E@strong,en,cn,0,right,-1,-1,596,0,1,1
P09,1,rav02_ang,rav02,ang,strong,H_vs_E@strong,en,cn,0,left,-2,2,589,1,1,1
P09,1,rav24_dis,rav24,dis,strong,H_vs_R@strong,en,cn,0,left,-1,1,610,0,1,1
P09,1,rav02_dis,rav02,dis,normal,H_vs_E@normal,en,cn,0,right,-2,-2,610,1,1,1
P09,1,rav18_dis,rav18,dis,strong,H_vs_R@strong,en,cn,0,left,0,0,1501,0,1,1
P09,1,rav12_fea_r2,rav12,fear,normal,H_vs_E@normal,en,cn,0,left,-1,1,2750,0,1,1
P09,1,rav16_hap,rav16,hap,strong,H_vs_R@strong,en,cn,0,right,-1,-1,509,3,1,1
P09,1,rav10_fea,rav10,fear,strong,H_vs_E@strong,en,cn,0,right,3,3,811,0,1,1
P09,1,rav04_hap,rav04,hap,strong,H_vs_E@strong,en,cn,0,left,0,0,699,1,1,1
P09,1,rav04_hap,rav04,hap,strong,H_vs_R@strong,en,cn,0,right,1,1,361,2,1,1
P09,1,rav08_ang,rav08,ang,strong,H_vs_R@strong,en,cn,0,right,1,1,1455,2,1,1
P09,1,rav08_ang,rav08,ang,normal,H_vs_E@normal,en,cn,0,left,3,-3,658,1,1,1
P09,1,rav20_fea_r2,rav20,fear,strong,H_vs_E@strong,en,cn,0,left,-1,1,813,1,1,1
P09,1,rav02_ang,rav02,ang,normal,H_vs_E@normal,en,cn,0,left,2,-2,923,1,1,1
P09,1,rav14_hap,rav14,hap,strong,H_vs_E@strong,en,cn,0,right,2,2,656,2,1,1
P09,1,rav20_fea_r2,rav20,fear,strong,H_vs_R@strong,en,cn,0,right,0,0,1411,0,1,1
P09,1,rav10_fea,rav10,fear,normal,H_vs_E@normal,en,cn,0,right,-3,-3,724,0,1,1
P09,1,rav18_dis,rav18,dis,normal,H_vs_E@normal,en,cn,0,right,-2,-2,428,0,1,1
P09,1,rav12_fea_r2,rav12,fear,strong,H_vs_E@strong,en,cn,0,left,0,0,420,0,1,1
P09,1,rav12_fea_r2,rav12,fear,strong,H_vs_R@strong,en,cn,0,right,-1,-1,869,0,1,1
P09,1,rav14_hap,rav14,hap,normal,H_vs_E@normal,en,cn,0,right,0,0,1799,0,1,1
P09,1,rav20_fea_r2,rav20,fear,normal,H_vs_E@normal,en,cn,0,left,-3,3,369,2,1,1
P09,1,rav08_ang,rav08,ang,strong,H_vs_E@strong,en,cn,0,left,3,-3,657,1,1,1
P09,1,rav10_fea,rav10,fear,strong,H_vs_R@strong,en,cn,0,left,-3,3,610,1,1,1
P09,1,rav02_dis,rav02,dis,strong,H_vs_E@strong,en,cn,0,right,3,3,564,0,1,1
P09,1,rav06_ang,rav06,ang,strong,H_vs_E@strong,en,cn,0,right,1,1,921,0,1,1
P09,1,rav24_dis,rav24,dis,normal,H_vs_E@normal,en,cn,0,right,-1,-1,414,0,1,1
P09,1,rav02_ang,rav02,ang,strong,H_vs_R@strong,en,cn,0,right,1,1,1509,1,1,1
P09,1,rav06_ang,rav06,ang,strong,mute:H_vs_E@strong,en,cn,0,right,2,2,980,1,1,1
P09,1,rav20_fea_r2,rav20,fear,strong,mute:H_vs_E@strong,en,cn,0,right,-3,-3,1088,0,1,1
P09,1,rav18_dis,rav18,dis,strong,mute:H_vs_E@strong,en,cn,0,left,1,-1,554,1,1,1
P09,1,rav04_hap,rav04,hap,strong,mute:H_vs_E@strong,en,cn,0,left,1,-1,442,2,1,1
P09,1,rav16_hap,rav16,hap,strong,mute:H_vs_E@strong,en,cn,0,right,0,0,754,1,1,1
P09,2,jp_sad_short_sentence,,sad,jp,L_vs_Lrev@jp,jp,cn,0,right,1,1,1050,3,1,1
P09,2,cn_esd0002_short3_hap,,hap,cn,L_vs_Lrev@cn,cn,cn,1,left,-2,2,598,2,1,1
P09,2,jp_sad_short_sentence,,sad,jp,L_vs_E@jp,jp,cn,0,left,1,-1,930,0,1,1
P09,2,cn_esd0002_short3_ang,,ang,cn,L_vs_Lrev@cn,cn,cn,1,right,1,1,717,0,1,1
P09,2,jp_hap_short_sentence,,hap,jp,L_vs_Lrev@jp,jp,cn,0,left,-2,2,936,1,1,1
P09,2,en_sad_short_sentence,,sad,en,L_vs_E@en,en,cn,0,right,-1,-1,661,1,1,1
P09,2,jp_ang_short_sentence,,ang,jp,L_vs_Lrev@jp,jp,cn,0,right,-1,-1,1256,0,1,1
P09,2,en_sad_short_sentence,,sad,en,L_vs_Lrev@en,en,cn,0,left,0,0,1702,0,1,1
P09,2,jp_ang_short_sentence,,ang,jp,L_vs_E@jp,jp,cn,0,left,-2,2,390,1,1,1
P09,2,cn_esd0002_short3_sad,,sad,cn,L_vs_Lrev@cn,cn,cn,1,right,-2,-2,657,1,1,1
P09,2,jp_hap_short_sentence,,hap,jp,L_vs_E@jp,jp,cn,0,right,2,2,819,0,1,1
P09,2,en_ang_short_sentence,,ang,en,L_vs_Lrev@en,en,cn,0,left,-2,2,476,2,1,1
P09,2,cn_esd0002_short3_hap,,hap,cn,L_vs_E@cn,cn,cn,1,right,-1,-1,891,2,1,1
P09,2,en_ang_short_sentence,,ang,en,L_vs_E@en,en,cn,0,right,-2,-2,723,1,1,1
P09,2,cn_esd0002_short3_sad,,sad,cn,L_vs_E@cn,cn,cn,1,left,3,-3,402,1,1,1
P09,2,en_hap_short_sentence,,hap,en,L_vs_Lrev@en,en,cn,0,right,3,3,448,3,1,1
P09,2,cn_esd0002_short3_ang,,ang,cn,L_vs_E@cn,cn,cn,1,left,-1,1,635,2,1,1
P09,2,en_hap_short_sentence,,hap,en,L_vs_E@en,en,cn,0,left,3,-3,406,1,1,1
P10,1,rav24_dis,rav24,dis,strong,H_vs_R@strong,en,en,1,right,1,1,864,0,1,1
P10,1,rav02_dis,rav02,dis,strong,H_vs_E@strong,en,en,1,left,1,-1,1030,0,1,1
P10,1,rav02_dis,rav02,dis,normal,H_vs_E@normal,en,en,1,left,1,-1,742,0,1,1
P10,1,rav18_dis,rav18,dis,strong,H_vs_R@strong,en,en,1,right,0,0,722,0,1,1
P10,1,rav14_hap,rav14,hap,normal,H_vs_E@normal,en,en,1,left,1,-1,1502,0,1,1
P10,1,rav18_dis,rav18,dis,strong,H_vs_E@strong,en,en,1,left,-1,1,826,0,1,1
P10,1,rav08_ang,rav08,ang,strong,H_vs_E@strong,en,en,1,right,-1,-1,2356,0,1,1
P10,1,rav12_fea_r2,rav12,fear,strong,H_vs_R@strong,en,en,1,left,0,0,791,2,1,1
P10,1,rav12_fea_r2,rav12,fear,normal,H_vs_E@normal,en,en,1,right,1,1,628,1,1,1
P10,1,rav16_hap,rav16,hap,normal,H_vs_E@normal,en,en,1,right,1,1,602,0,1,1
P10,1,rav16_hap,rav16,hap,strong,H_vs_R@strong,en,en,1,left,0,0,2894,1,1,1
P10,1,rav10_fea,rav10,fear,strong,H_vs_E@strong,en,en,1,left,-1,1,1714,0,1,1
P10,1,rav06_ang,rav06,ang,normal,H_vs_E@normal,en,en,1,left,0,0,682,1,1,1
P10,1,rav06_ang,rav06,ang,strong,H_vs_R@strong,en,en,1,right,0,0,695,0,1,1
P10,1,rav10_fea,rav10,fear,normal,H_vs_E@normal,en,en,1,left,1,-1,620,0,1,1
P10,1,rav14_hap,rav14,hap,strong,H_vs_E@strong,en,en,1,left,0,0,619,0,1,1
P10,1,rav04_hap,rav04,hap,normal,H_vs_E@normal,en,en,1,right,1,1,1085,0,1,1
P10,1,rav10_fea,rav10,fear,strong,H_vs_R@strong,en,en,1,right,0,0,790,0,1,1
P10,1,rav04_hap,rav04,hap,strong,H_vs_E@strong,en,en,1,right,1,1,605,0,1,1
P10,1,rav16_hap,rav16,hap,strong,H_vs_E@strong,en,en,1,right,-1,-1,935,1,1,1
P10,1,rav04_hap,rav04,hap,strong,H_vs_R@strong,en,en,1,left,-1,1,609,0,1,1
P10,1,rav20_fea_r2,rav20,fear,normal,H_vs_E@normal,en,en,1,right,0,0,930,0,1,1
P10,1,rav02_dis,rav02,dis,strong,H_vs_R@strong,en,en,1,right,0,0,1259,0,1,1
P10,1,rav24_dis,rav24,dis,normal,H_vs_E@normal,en,en,1,left,-1,1,513,0,1,1
P10,1,rav06_ang,rav06,ang,strong,H_vs_E@strong,en,en,1,left,0,0,559,0,1,1
P10,1,rav08_ang,rav08,ang,strong,H_vs_R@strong,en,en,1,left,0,0,1998,0,1,1
P10,1,rav08_ang,rav08,ang,normal,H_vs_E@normal,en,en,1,right,1,1,629,0,1,1
P10,1,rav20_fea_r2,rav20,fear,strong,H_vs_E@strong,en,en,1,right,1,1,809,0,1,1
P10,1,rav20_fea_r2,rav20,fear,strong,H_vs_R@strong,en,en,1,left,0,0,758,0,1,1
P10,1,rav12_fea_r2,rav12,fear,strong,H_vs_E@strong,en,en,1,right,-1,-1,519,0,1,1
P10,1,rav02_ang,rav02,ang,strong,H_vs_R@strong,en,en,1,left,-1,1,642,0,1,1
P10,1,rav24_dis,rav24,dis,strong,H_vs_E@strong,en,en,1,left,1,-1,490,0,1,1
P10,1,rav02_ang,rav02,ang,normal,H_vs_E@normal,en,en,1,right,-1,-1,639,0,1,1
P10,1,rav02_ang,rav02,ang,strong,H_vs_E@strong,en,en,1,right,1,1,1976,0,1,1
P10,1,rav14_hap,rav14,hap,strong,H_vs_R@strong,en,en,1,right,0,0,536,0,1,1
P10,1,rav18_dis,rav18,dis,normal,H_vs_E@normal,en,en,1,left,0,0,743,0,1,1
P10,1,rav06_ang,rav06,ang,strong,mute:H_vs_E@strong,en,en,1,left,0,0,2221,0,1,1
P10,1,rav18_dis,rav18,dis,strong,mute:H_vs_E@strong,en,en,1,right,1,1,4654,0,1,1
P10,1,rav16_hap,rav16,hap,strong,mute:H_vs_E@strong,en,en,1,left,-2,2,1536,0,1,1
P10,1,rav04_hap,rav04,hap,strong,mute:H_vs_E@strong,en,en,1,right,2,2,792,0,1,1
P10,1,rav20_fea_r2,rav20,fear,strong,mute:H_vs_E@strong,en,en,1,left,-2,2,1583,0,1,1
P10,1,rav10_fea,rav10,fear,strong,mute:H_vs_E@strong,en,en,1,right,2,2,1347,0,1,1
P10,2,en_hap_short_sentence,,hap,en,L_vs_Lrev@en,en,en,1,left,1,-1,1877,1,1,1
P10,2,cn_esd0002_short3_sad,,sad,cn,L_vs_E@cn,cn,en,0,right,0,0,867,0,1,1
P10,2,jp_hap_short_sentence,,hap,jp,L_vs_E@jp,jp,en,0,left,-1,1,1198,0,1,1
P10,2,cn_esd0002_short3_ang,,ang,cn,L_vs_Lrev@cn,cn,en,0,left,1,-1,612,2,1,1
P10,2,jp_sad_short_sentence,,sad,jp,L_vs_E@jp,jp,en,0,right,0,0,1323,0,1,1
P10,2,en_ang_short_sentence,,ang,en,L_vs_Lrev@en,en,en,1,right,1,1,1235,0,1,1
P10,2,jp_hap_short_sentence,,hap,jp,L_vs_Lrev@jp,jp,en,0,right,0,0,909,0,1,1
P10,2,en_sad_short_sentence,,sad,en,L_vs_E@en,en,en,1,left,-1,1,1709,0,1,1
P10,2,jp_ang_short_sentence,,ang,jp,L_vs_E@jp,jp,en,0,right,0,0,2348,0,1,1
P10,2,cn_esd0002_short3_hap,,hap,cn,L_vs_Lrev@cn,cn,en,0,right,1,1,22301,0,1,1
P10,2,jp_sad_short_sentence,,sad,jp,L_vs_Lrev@jp,jp,en,0,left,0,0,634,0,1,1
P10,2,en_hap_short_sentence,,hap,en,L_vs_E@en,en,en,1,right,1,1,919,0,1,1
P10,2,jp_ang_short_sentence,,ang,jp,L_vs_Lrev@jp,jp,en,0,left,1,-1,736,0,1,1
P10,2,cn_esd0002_short3_sad,,sad,cn,L_vs_Lrev@cn,cn,en,0,left,1,-1,16088,0,1,1
P10,2,en_ang_short_sentence,,ang,en,L_vs_E@en,en,en,1,left,-1,1,1494,0,1,1
P10,2,cn_esd0002_short3_hap,,hap,cn,L_vs_E@cn,cn,en,0,left,0,0,507,0,1,1
P10,2,en_sad_short_sentence,,sad,en,L_vs_Lrev@en,en,en,1,right,-1,-1,2013,0,1,1
P10,2,cn_esd0002_short3_ang,,ang,cn,L_vs_E@cn,cn,en,0,right,-1,-1,603,0,1,1
P11,1,rav16_hap,rav16,hap,strong,H_vs_E@strong,en,en,1,right,1,1,621,0,1,1
P11,1,rav16_hap,rav16,hap,normal,H_vs_E@normal,en,en,1,right,0,0,603,0,1,1
P11,1,rav08_ang,rav08,ang,strong,H_vs_E@strong,en,en,1,right,1,1,961,0,1,1
P11,1,rav04_hap,rav04,hap,strong,H_vs_E@strong,en,en,1,right,1,1,691,0,1,1
P11,1,rav24_dis,rav24,dis,normal,H_vs_E@normal,en,en,1,left,-1,1,581,0,1,1
P11,1,rav10_fea,rav10,fear,strong,H_vs_R@strong,en,en,1,right,0,0,590,0,1,1
P11,1,rav14_hap,rav14,hap,strong,H_vs_R@strong,en,en,1,right,0,0,1834,0,1,1
P11,1,rav20_fea_r2,rav20,fear,normal,H_vs_E@normal,en,en,1,right,0,0,1032,0,1,1
P11,1,rav02_dis,rav02,dis,strong,H_vs_R@strong,en,en,1,right,1,1,652,0,1,1
P11,1,rav06_ang,rav06,ang,strong,H_vs_E@strong,en,en,1,left,-1,1,435,0,1,1
P11,1,rav02_ang,rav02,ang,normal,H_vs_E@normal,en,en,1,right,1,1,898,0,1,1
P11,1,rav02_ang,rav02,ang,strong,H_vs_R@strong,en,en,1,left,-1,1,1004,0,1,1
P11,1,rav12_fea_r2,rav12,fear,strong,H_vs_E@strong,en,en,1,right,0,0,681,0,1,1
P11,1,rav12_fea_r2,rav12,fear,normal,H_vs_E@normal,en,en,1,right,1,1,723,0,1,1
P11,1,rav20_fea_r2,rav20,fear,strong,H_vs_R@strong,en,en,1,left,0,0,423,0,1,1
P11,1,rav04_hap,rav04,hap,normal,H_vs_E@normal,en,en,1,right,2,2,605,0,1,1
P11,1,rav10_fea,rav10,fear,strong,H_vs_E@strong,en,en,1,left,-1,1,651,0,1,1
P11,1,rav08_ang,rav08,ang,strong,H_vs_R@strong,en,en,1,left,-1,1,739,0,1,1
P11,1,rav14_hap,rav14,hap,normal,H_vs_E@normal,en,en,1,left,-1,1,552,0,1,1
P11,1,rav10_fea,rav10,fear,normal,H_vs_E@normal,en,en,1,left,-1,1,556,0,1,1
P11,1,rav12_fea_r2,rav12,fear,strong,H_vs_R@strong,en,en,1,left,0,0,453,0,1,1
P11,1,rav20_fea_r2,rav20,fear,strong,H_vs_E@strong,en,en,1,right,0,0,439,0,1,1
P11,1,rav06_ang,rav06,ang,strong,H_vs_R@strong,en,en,1,right,1,1,483,0,1,1
P11,1,rav14_hap,rav14,hap,strong,H_vs_E@strong,en,en,1,left,-1,1,1207,0,1,1
P11,1,rav08_ang,rav08,ang,normal,H_vs_E@normal,en,en,1,right,-2,-2,472,0,1,1
P11,1,rav18_dis,rav18,dis,normal,H_vs_E@normal,en,en,1,left,1,-1,1254,0,1,1
P11,1,rav18_dis,rav18,dis,strong,H_vs_R@strong,en,en,1,right,0,0,654,0,1,1
P11,1,rav24_dis,rav24,dis,strong,H_vs_R@strong,en,en,1,right,1,1,646,0,1,1
P11,1,rav02_dis,rav02,dis,strong,H_vs_E@strong,en,en,1,left,-1,1,1071,0,1,1
P11,1,rav06_ang,rav06,ang,normal,H_vs_E@normal,en,en,1,left,0,0,665,0,1,1
P11,1,rav16_hap,rav16,hap,strong,H_vs_R@strong,en,en,1,left,-1,1,755,0,1,1
P11,1,rav02_ang,rav02,ang,strong,H_vs_E@strong,en,en,1,right,0,0,411,0,1,1
P11,1,rav24_dis,rav24,dis,strong,H_vs_E@strong,en,en,1,left,0,0,409,0,1,1
P11,1,rav04_hap,rav04,hap,strong,H_vs_R@strong,en,en,1,left,-1,1,834,0,1,1
P11,1,rav02_dis,rav02,dis,normal,H_vs_E@normal,en,en,1,left,2,-2,3143,0,1,1
P11,1,rav18_dis,rav18,dis,strong,H_vs_E@strong,en,en,1,left,-1,1,684,0,1,1
P11,1,rav20_fea_r2,rav20,fear,strong,mute:H_vs_E@strong,en,en,1,left,0,0,4456,0,1,1
P11,1,rav06_ang,rav06,ang,strong,mute:H_vs_E@strong,en,en,1,left,-1,1,585,0,1,1
P11,1,rav18_dis,rav18,dis,strong,mute:H_vs_E@strong,en,en,1,right,2,2,611,0,1,1
P11,1,rav10_fea,rav10,fear,strong,mute:H_vs_E@strong,en,en,1,right,2,2,890,0,1,1
P11,1,rav04_hap,rav04,hap,strong,mute:H_vs_E@strong,en,en,1,right,3,3,665,0,1,1
P11,1,rav16_hap,rav16,hap,strong,mute:H_vs_E@strong,en,en,1,left,-3,3,709,0,1,1
P11,2,en_ang_short_sentence,,ang,en,L_vs_Lrev@en,en,en,1,right,0,0,1969,0,1,1
P11,2,jp_hap_short_sentence,,hap,jp,L_vs_Lrev@jp,jp,en,0,right,-1,-1,1613,0,1,1
P11,2,en_ang_short_sentence,,ang,en,L_vs_E@en,en,en,1,left,-1,1,780,0,1,1
P11,2,jp_sad_short_sentence,,sad,jp,L_vs_E@jp,jp,en,0,right,0,0,853,0,1,1
P11,2,en_hap_short_sentence,,hap,en,L_vs_Lrev@en,en,en,1,left,-1,1,545,0,1,1
P11,2,cn_esd0002_short3_sad,,sad,cn,L_vs_Lrev@cn,cn,en,0,left,-1,1,598,0,1,1
P11,2,jp_hap_short_sentence,,hap,jp,L_vs_E@jp,jp,en,0,left,0,0,744,0,1,1
P11,2,cn_esd0002_short3_ang,,ang,cn,L_vs_Lrev@cn,cn,en,0,left,-1,1,984,0,1,1
P11,2,en_hap_short_sentence,,hap,en,L_vs_E@en,en,en,1,right,1,1,716,0,1,1
P11,2,cn_esd0002_short3_ang,,ang,cn,L_vs_E@cn,cn,en,0,right,0,0,907,0,1,1
P11,2,en_sad_short_sentence,,sad,en,L_vs_Lrev@en,en,en,1,right,0,0,685,0,1,1
P11,2,cn_esd0002_short3_hap,,hap,cn,L_vs_E@cn,cn,en,0,left,0,0,771,0,1,1
P11,2,jp_ang_short_sentence,,ang,jp,L_vs_Lrev@jp,jp,en,0,left,1,-1,656,0,1,1
P11,2,cn_esd0002_short3_sad,,sad,cn,L_vs_E@cn,cn,en,0,right,1,1,1374,0,1,1
P11,2,jp_ang_short_sentence,,ang,jp,L_vs_E@jp,jp,en,0,right,0,0,1074,0,1,1
P11,2,en_sad_short_sentence,,sad,en,L_vs_E@en,en,en,1,left,0,0,879,0,1,1
P11,2,cn_esd0002_short3_hap,,hap,cn,L_vs_Lrev@cn,cn,en,0,right,0,0,585,0,1,1
P11,2,jp_sad_short_sentence,,sad,jp,L_vs_Lrev@jp,jp,en,0,left,-2,2,860,0,1,1
P12,1,rav04_hap,rav04,hap,strong,H_vs_R@strong,en,en,1,right,1,1,838,0,1,1
P12,1,rav20_fea_r2,rav20,fear,strong,H_vs_E@strong,en,en,1,left,-1,1,570,0,1,1
P12,1,rav06_ang,rav06,ang,strong,H_vs_R@strong,en,en,1,left,2,-2,901,0,1,1
P12,1,rav20_fea_r2,rav20,fear,strong,H_vs_R@strong,en,en,1,right,1,1,1821,0,1,1
P12,1,rav08_ang,rav08,ang,normal,H_vs_E@normal,en,en,1,left,1,-1,1259,0,1,1
P12,1,rav14_hap,rav14,hap,strong,H_vs_R@strong,en,en,1,left,1,-1,1084,0,1,1
P12,1,rav08_ang,rav08,ang,strong,H_vs_R@strong,en,en,1,right,-1,-1,846,0,1,1
P12,1,rav02_dis,rav02,dis,strong,H_vs_E@strong,en,en,1,right,-1,-1,2741,0,1,1
P12,1,rav10_fea,rav10,fear,normal,H_vs_E@normal,en,en,1,right,-1,-1,6294,0,1,1
P12,1,rav18_dis,rav18,dis,normal,H_vs_E@normal,en,en,1,right,1,1,896,0,1,1
P12,1,rav04_hap,rav04,hap,strong,H_vs_E@strong,en,en,1,left,-1,1,1020,0,1,1
P12,1,rav24_dis,rav24,dis,strong,H_vs_R@strong,en,en,1,left,-1,1,3933,0,1,1
P12,1,rav18_dis,rav18,dis,strong,H_vs_R@strong,en,en,1,left,2,-2,849,0,1,1
P12,1,rav10_fea,rav10,fear,strong,H_vs_E@strong,en,en,1,right,0,0,2974,0,1,1
P12,1,rav16_hap,rav16,hap,strong,H_vs_R@strong,en,en,1,right,1,1,552,0,1,1
P12,1,rav20_fea_r2,rav20,fear,normal,H_vs_E@normal,en,en,1,left,0,0,564,0,1,1
P12,1,rav16_hap,rav16,hap,strong,H_vs_E@strong,en,en,1,left,-1,1,468,0,1,1
P12,1,rav16_hap,rav16,hap,normal,H_vs_E@normal,en,en,1,left,0,0,280,0,1,1
P12,1,rav08_ang,rav08,ang,strong,H_vs_E@strong,en,en,1,left,-1,1,582,0,1,1
P12,1,rav24_dis,rav24,dis,normal,H_vs_E@normal,en,en,1,right,-1,-1,1363,0,1,1
P12,1,rav24_dis,rav24,dis,strong,H_vs_E@strong,en,en,1,right,1,1,956,0,1,1
P12,1,rav02_dis,rav02,dis,strong,H_vs_R@strong,en,en,1,left,1,-1,1479,0,1,1
P12,1,rav12_fea_r2,rav12,fear,strong,H_vs_E@strong,en,en,1,left,1,-1,1695,0,1,1
P12,1,rav04_hap,rav04,hap,normal,H_vs_E@normal,en,en,1,left,-1,1,3095,0,1,1
P12,1,rav14_hap,rav14,hap,strong,H_vs_E@strong,en,en,1,right,0,0,762,0,1,1
P12,1,rav02_dis,rav02,dis,normal,H_vs_E@normal,en,en,1,right,1,1,675,0,1,1
P12,1,rav06_ang,rav06,ang,normal,H_vs_E@normal,en,en,1,right,1,1,1184,0,1,1
P12,1,rav18_dis,rav18,dis,strong,H_vs_E@strong,en,en,1,right,1,1,6423,0,1,1
P12,1,rav02_ang,rav02,ang,strong,H_vs_R@strong,en,en,1,right,-1,-1,854,0,1,1
P12,1,rav12_fea_r2,rav12,fear,normal,H_vs_E@normal,en,en,1,left,-2,2,655,0,1,1
P12,1,rav10_fea,rav10,fear,strong,H_vs_R@strong,en,en,1,left,1,-1,1041,0,1,1
P12,1,rav02_ang,rav02,ang,strong,H_vs_E@strong,en,en,1,left,2,-2,682,0,1,1
P12,1,rav14_hap,rav14,hap,normal,H_vs_E@normal,en,en,1,right,-2,-2,735,0,1,1
P12,1,rav06_ang,rav06,ang,strong,H_vs_E@strong,en,en,1,right,2,2,661,0,1,1
P12,1,rav12_fea_r2,rav12,fear,strong,H_vs_R@strong,en,en,1,right,1,1,470,0,1,1
P12,1,rav02_ang,rav02,ang,normal,H_vs_E@normal,en,en,1,left,-2,2,734,0,1,1
P12,1,rav20_fea_r2,rav20,fear,strong,mute:H_vs_E@strong,en,en,1,right,-1,-1,825,0,1,1
P12,1,rav10_fea,rav10,fear,strong,mute:H_vs_E@strong,en,en,1,left,1,-1,1144,0,1,1
P12,1,rav04_hap,rav04,hap,strong,mute:H_vs_E@strong,en,en,1,left,1,-1,4321,0,1,1
P12,1,rav06_ang,rav06,ang,strong,mute:H_vs_E@strong,en,en,1,right,1,1,605,0,1,1
P12,1,rav18_dis,rav18,dis,strong,mute:H_vs_E@strong,en,en,1,left,1,-1,3005,0,1,1
P12,1,rav16_hap,rav16,hap,strong,mute:H_vs_E@strong,en,en,1,right,1,1,886,0,1,1
P12,2,jp_ang_short_sentence,,ang,jp,L_vs_E@jp,jp,en,0,left,1,-1,747,0,1,1
P12,2,cn_esd0002_short3_hap,,hap,cn,L_vs_Lrev@cn,cn,en,0,left,2,-2,4516,0,1,1
P12,2,en_sad_short_sentence,,sad,en,L_vs_E@en,en,en,1,right,-1,-1,699,0,1,1
P12,2,cn_esd0002_short3_ang,,ang,cn,L_vs_E@cn,cn,en,0,left,0,0,1203,0,1,1
P12,2,en_hap_short_sentence,,hap,en,L_vs_E@en,en,en,1,left,-1,1,645,0,1,1
P12,2,cn_esd0002_short3_ang,,ang,cn,L_vs_Lrev@cn,cn,en,0,right,0,0,644,0,1,1
P12,2,jp_sad_short_sentence,,sad,jp,L_vs_Lrev@jp,jp,en,0,right,1,1,563,0,1,1
P12,2,en_ang_short_sentence,,ang,en,L_vs_E@en,en,en,1,right,1,1,637,0,1,1
P12,2,jp_sad_short_sentence,,sad,jp,L_vs_E@jp,jp,en,0,left,1,-1,377,0,1,1
P12,2,en_hap_short_sentence,,hap,en,L_vs_Lrev@en,en,en,1,right,1,1,315,0,1,1
P12,2,jp_ang_short_sentence,,ang,jp,L_vs_Lrev@jp,jp,en,0,right,-1,-1,636,0,1,1
P12,2,cn_esd0002_short3_hap,,hap,cn,L_vs_E@cn,cn,en,0,right,1,1,424,0,1,1
P12,2,en_sad_short_sentence,,sad,en,L_vs_Lrev@en,en,en,1,left,0,0,491,0,1,1
P12,2,jp_hap_short_sentence,,hap,jp,L_vs_E@jp,jp,en,0,right,-1,-1,642,0,1,1
P12,2,cn_esd0002_short3_sad,,sad,cn,L_vs_E@cn,cn,en,0,left,1,-1,798,0,1,1
P12,2,jp_hap_short_sentence,,hap,jp,L_vs_Lrev@jp,jp,en,0,left,1,-1,807,0,1,1
P12,2,cn_esd0002_short3_sad,,sad,cn,L_vs_Lrev@cn,cn,en,0,right,1,1,673,0,1,1
P12,2,en_ang_short_sentence,,ang,en,L_vs_Lrev@en,en,en,1,left,1,-1,923,0,1,1
P13,1,rav20_fea_r2,rav20,fear,strong,H_vs_E@strong,en,en,1,right,-1,-1,1076,5,1,1
P13,1,rav12_fea_r2,rav12,fear,strong,H_vs_E@strong,en,en,1,right,-1,-1,4936,2,1,1
P13,1,rav08_ang,rav08,ang,normal,H_vs_E@normal,en,en,1,right,1,1,1436,0,1,1
P13,1,rav08_ang,rav08,ang,strong,H_vs_E@strong,en,en,1,right,-2,-2,1665,0,1,1
P13,1,rav02_dis,rav02,dis,normal,H_vs_E@normal,en,en,1,left,0,0,657,0,1,1
P13,1,rav20_fea_r2,rav20,fear,strong,H_vs_R@strong,en,en,1,left,-1,1,974,1,1,1
P13,1,rav06_ang,rav06,ang,strong,H_vs_R@strong,en,en,1,right,0,0,803,0,1,1
P13,1,rav06_ang,rav06,ang,normal,H_vs_E@normal,en,en,1,left,0,0,1223,4,1,1
P13,1,rav06_ang,rav06,ang,strong,H_vs_E@strong,en,en,1,left,-1,1,1411,1,1,1
P13,1,rav14_hap,rav14,hap,strong,H_vs_R@strong,en,en,1,right,0,0,684,1,1,1
P13,1,rav02_dis,rav02,dis,strong,H_vs_E@strong,en,en,1,left,1,-1,2189,1,1,1
P13,1,rav18_dis,rav18,dis,strong,H_vs_R@strong,en,en,1,right,1,1,770,2,1,1
P13,1,rav12_fea_r2,rav12,fear,normal,H_vs_E@normal,en,en,1,right,1,1,1787,1,1,1
P13,1,rav02_dis,rav02,dis,strong,H_vs_R@strong,en,en,1,right,0,0,518,0,1,1
P13,1,rav24_dis,rav24,dis,normal,H_vs_E@normal,en,en,1,left,1,-1,653,0,1,1
P13,1,rav16_hap,rav16,hap,strong,H_vs_R@strong,en,en,1,left,1,-1,638,2,1,1
P13,1,rav20_fea_r2,rav20,fear,normal,H_vs_E@normal,en,en,1,right,0,0,658,0,1,1
P13,1,rav12_fea_r2,rav12,fear,strong,H_vs_R@strong,en,en,1,left,1,-1,765,2,1,1
P13,1,rav18_dis,rav18,dis,normal,H_vs_E@normal,en,en,1,left,2,-2,921,0,1,1
P13,1,rav04_hap,rav04,hap,strong,H_vs_R@strong,en,en,1,left,0,0,714,1,1,1
P13,1,rav18_dis,rav18,dis,strong,H_vs_E@strong,en,en,1,left,-2,2,1052,2,1,1
P13,1,rav14_hap,rav14,hap,normal,H_vs_E@normal,en,en,1,left,-1,1,730,1,1,1
P13,1,rav14_hap,rav14,hap,strong,H_vs_E@strong,en,en,1,left,-1,1,1250,2,1,1
P13,1,rav04_hap,rav04,hap,strong,H_vs_E@strong,en,en,1,right,1,1,1025,2,1,1
P13,1,rav16_hap,rav16,hap,normal,H_vs_E@normal,en,en,1,right,1,1,1071,2,1,1
P13,1,rav10_fea,rav10,fear,strong,H_vs_E@strong,en,en,1,left,1,-1,847,1,1,1
P13,1,rav10_fea,rav10,fear,normal,H_vs_E@normal,en,en,1,left,0,0,1075,0,1,1
P13,1,rav10_fea,rav10,fear,strong,H_vs_R@strong,en,en,1,right,0,0,623,0,1,1
P13,1,rav04_hap,rav04,hap,normal,H_vs_E@normal,en,en,1,right,-2,-2,730,0,1,1
P13,1,rav24_dis,rav24,dis,strong,H_vs_E@strong,en,en,1,left,3,-3,1348,1,1,1
P13,1,rav16_hap,rav16,hap,strong,H_vs_E@strong,en,en,1,right,1,1,890,1,1,1
P13,1,rav24_dis,rav24,dis,strong,H_vs_R@strong,en,en,1,right,0,0,586,1,1,1
P13,1,rav02_ang,rav02,ang,strong,H_vs_E@strong,en,en,1,right,2,2,659,1,1,1
P13,1,rav02_ang,rav02,ang,normal,H_vs_E@normal,en,en,1,right,1,1,662,1,1,1
P13,1,rav08_ang,rav08,ang,strong,H_vs_R@strong,en,en,1,left,-1,1,1335,3,1,1
P13,1,rav02_ang,rav02,ang,strong,H_vs_R@strong,en,en,1,left,0,0,548,0,1,1
P13,1,rav18_dis,rav18,dis,strong,mute:H_vs_E@strong,en,en,1,right,3,3,1305,3,1,1
P13,1,rav16_hap,rav16,hap,strong,mute:H_vs_E@strong,en,en,1,left,-2,2,638,1,1,1
P13,1,rav20_fea_r2,rav20,fear,strong,mute:H_vs_E@strong,en,en,1,left,-3,3,1183,0,1,1
P13,1,rav04_hap,rav04,hap,strong,mute:H_vs_E@strong,en,en,1,right,3,3,1531,0,1,1
P13,1,rav06_ang,rav06,ang,strong,mute:H_vs_E@strong,en,en,1,left,-2,2,787,0,1,1
P13,1,rav10_fea,rav10,fear,strong,mute:H_vs_E@strong,en,en,1,right,2,2,1536,0,1,1
P13,2,jp_sad_short_sentence,,sad,jp,L_vs_Lrev@jp,jp,en,0,left,1,-1,800,4,1,1
P13,2,en_ang_short_sentence,,ang,en,L_vs_Lrev@en,en,en,1,right,0,0,953,1,1,1
P13,2,cn_esd0002_short3_hap,,hap,cn,L_vs_E@cn,cn,en,0,left,-1,1,1139,1,1,1
P13,2,en_sad_short_sentence,,sad,en,L_vs_Lrev@en,en,en,1,right,-1,-1,2101,2,1,1
P13,2,jp_ang_short_sentence,,ang,jp,L_vs_Lrev@jp,jp,en,0,left,-2,2,1322,1,1,1
P13,2,en_sad_short_sentence,,sad,en,L_vs_E@en,en,en,1,left,-1,1,1596,1,1,1
P13,2,cn_esd0002_short3_ang,,ang,cn,L_vs_Lrev@cn,cn,en,0,left,0,0,765,0,1,1
P13,2,en_hap_short_sentence,,hap,en,L_vs_E@en,en,en,1,right,1,1,743,1,1,1
P13,2,jp_sad_short_sentence,,sad,jp,L_vs_E@jp,jp,en,0,right,1,1,968,1,1,1
P13,2,en_ang_short_sentence,,ang,en,L_vs_E@en,en,en,1,left,0,0,1644,3,1,1
P13,2,cn_esd0002_short3_hap,,hap,cn,L_vs_Lrev@cn,cn,en,0,right,0,0,662,3,1,1
P13,2,jp_ang_short_sentence,,ang,jp,L_vs_E@jp,jp,en,0,right,1,1,712,1,1,1
P13,2,en_hap_short_sentence,,hap,en,L_vs_Lrev@en,en,en,1,left,0,0,832,0,1,1
P13,2,cn_esd0002_short3_sad,,sad,cn,L_vs_E@cn,cn,en,0,right,1,1,1466,1,1,1
P13,2,jp_hap_short_sentence,,hap,jp,L_vs_Lrev@jp,jp,en,0,right,-1,-1,937,1,1,1
P13,2,cn_esd0002_short3_sad,,sad,cn,L_vs_Lrev@cn,cn,en,0,left,-2,2,1067,0,1,1
P13,2,jp_hap_short_sentence,,hap,jp,L_vs_E@jp,jp,en,0,left,-2,2,1158,0,1,1
P13,2,cn_esd0002_short3_ang,,ang,cn,L_vs_E@cn,cn,en,0,right,2,2,968,0,1,1
P14,1,rav18_dis,rav18,dis,strong,H_vs_E@strong,en,en,1,left,0,0,2790,1,1,1
P14,1,rav06_ang,rav06,ang,strong,H_vs_E@strong,en,en,1,left,-1,1,2443,2,1,1
P14,1,rav24_dis,rav24,dis,normal,H_vs_E@normal,en,en,1,left,2,-2,2904,3,1,1
P14,1,rav16_hap,rav16,hap,strong,H_vs_E@strong,en,en,1,right,1,1,6575,2,1,1
P14,1,rav16_hap,rav16,hap,normal,H_vs_E@normal,en,en,1,right,-1,-1,1727,4,1,1
P14,1,rav14_hap,rav14,hap,strong,H_vs_E@strong,en,en,1,left,1,-1,4887,2,1,1
P14,1,rav06_ang,rav06,ang,normal,H_vs_E@normal,en,en,1,left,0,0,1856,2,1,1
P14,1,rav10_fea,rav10,fear,normal,H_vs_E@normal,en,en,1,left,2,-2,2422,2,1,1
P14,1,rav24_dis,rav24,dis,strong,H_vs_R@strong,en,en,1,right,-1,-1,2433,2,1,1
P14,1,rav02_ang,rav02,ang,normal,H_vs_E@normal,en,en,1,right,0,0,1642,2,1,1
P14,1,rav10_fea,rav10,fear,strong,H_vs_R@strong,en,en,1,right,0,0,1385,3,1,1
P14,1,rav04_hap,rav04,hap,strong,H_vs_E@strong,en,en,1,right,-1,-1,1959,4,1,1
P14,1,rav08_ang,rav08,ang,strong,H_vs_R@strong,en,en,1,left,-1,1,2135,2,1,1
P14,1,rav14_hap,rav14,hap,strong,H_vs_R@strong,en,en,1,right,0,0,2652,1,1,1
P14,1,rav18_dis,rav18,dis,normal,H_vs_E@normal,en,en,1,left,0,0,1507,4,1,1
P14,1,rav10_fea,rav10,fear,strong,H_vs_E@strong,en,en,1,left,2,-2,3025,0,1,1
P14,1,rav04_hap,rav04,hap,strong,H_vs_R@strong,en,en,1,left,0,0,2137,4,1,1
P14,1,rav02_dis,rav02,dis,strong,H_vs_E@strong,en,en,1,left,2,-2,1389,4,1,1
P14,1,rav20_fea_r2,rav20,fear,strong,H_vs_R@strong,en,en,1,left,-1,1,1972,2,1,1
P14,1,rav24_dis,rav24,dis,strong,H_vs_E@strong,en,en,1,left,1,-1,1981,4,1,1
P14,1,rav20_fea_r2,rav20,fear,normal,H_vs_E@normal,en,en,1,right,0,0,1706,1,1,1
P14,1,rav14_hap,rav14,hap,normal,H_vs_E@normal,en,en,1,left,0,0,1240,1,1,1
P14,1,rav08_ang,rav08,ang,normal,H_vs_E@normal,en,en,1,right,0,0,1923,2,1,1
P14,1,rav04_hap,rav04,hap,normal,H_vs_E@normal,en,en,1,right,-2,-2,1802,3,1,1
P14,1,rav02_dis,rav02,dis,strong,H_vs_R@strong,en,en,1,right,0,0,1786,2,1,1
P14,1,rav12_fea_r2,rav12,fear,normal,H_vs_E@normal,en,en,1,right,-2,-2,1737,2,1,1
P14,1,rav20_fea_r2,rav20,fear,strong,H_vs_E@strong,en,en,1,right,0,0,1422,1,1,1
P14,1,rav02_dis,rav02,dis,normal,H_vs_E@normal,en,en,1,left,0,0,1751,3,1,1
P14,1,rav12_fea_r2,rav12,fear,strong,H_vs_E@strong,en,en,1,right,-1,-1,5754,3,1,1
P14,1,rav12_fea_r2,rav12,fear,strong,H_vs_R@strong,en,en,1,left,-2,2,3062,0,1,1
P14,1,rav02_ang,rav02,ang,strong,H_vs_E@strong,en,en,1,right,0,0,1901,1,1,1
P14,1,rav16_hap,rav16,hap,strong,H_vs_R@strong,en,en,1,left,-1,1,1963,5,1,1
P14,1,rav08_ang,rav08,ang,strong,H_vs_E@strong,en,en,1,right,-2,-2,2127,0,1,1
P14,1,rav18_dis,rav18,dis,strong,H_vs_R@strong,en,en,1,right,1,1,2560,2,1,1
P14,1,rav06_ang,rav06,ang,strong,H_vs_R@strong,en,en,1,right,1,1,1318,3,1,1
P14,1,rav02_ang,rav02,ang,strong,H_vs_R@strong,en,en,1,left,0,0,1524,1,1,1
P14,1,rav18_dis,rav18,dis,strong,mute:H_vs_E@strong,en,en,1,right,2,2,2580,1,1,1
P14,1,rav06_ang,rav06,ang,strong,mute:H_vs_E@strong,en,en,1,left,-1,1,2036,2,1,1
P14,1,rav10_fea,rav10,fear,strong,mute:H_vs_E@strong,en,en,1,right,2,2,1294,1,1,1
P14,1,rav20_fea_r2,rav20,fear,strong,mute:H_vs_E@strong,en,en,1,left,-1,1,1729,1,1,1
P14,1,rav04_hap,rav04,hap,strong,mute:H_vs_E@strong,en,en,1,right,2,2,1511,1,1,1
P14,1,rav16_hap,rav16,hap,strong,mute:H_vs_E@strong,en,en,1,left,-2,2,4944,0,1,1
P14,2,jp_hap_short_sentence,,hap,jp,L_vs_E@jp,jp,en,0,left,1,-1,2355,3,1,1
P14,2,cn_esd0002_short3_ang,,ang,cn,L_vs_E@cn,cn,en,0,right,0,0,1597,4,1,1
P14,2,en_sad_short_sentence,,sad,en,L_vs_E@en,en,en,1,left,2,-2,1517,3,1,1
P14,2,jp_hap_short_sentence,,hap,jp,L_vs_Lrev@jp,jp,en,0,right,-1,-1,1647,3,1,1
P14,2,cn_esd0002_short3_ang,,ang,cn,L_vs_Lrev@cn,cn,en,0,left,1,-1,1641,7,1,1
P14,2,en_sad_short_sentence,,sad,en,L_vs_Lrev@en,en,en,1,right,1,1,2476,9,1,1
P14,2,jp_ang_short_sentence,,ang,jp,L_vs_Lrev@jp,jp,en,0,left,0,0,2003,4,1,1
P14,2,cn_esd0002_short3_sad,,sad,cn,L_vs_E@cn,cn,en,0,right,0,0,2217,5,1,1
P14,2,en_hap_short_sentence,,hap,en,L_vs_Lrev@en,en,en,1,left,2,-2,1218,4,1,1
P14,2,cn_esd0002_short3_sad,,sad,cn,L_vs_Lrev@cn,cn,en,0,left,1,-1,1584,7,1,1
P14,2,en_ang_short_sentence,,ang,en,L_vs_E@en,en,en,1,left,1,-1,2086,5,1,1
P14,2,cn_esd0002_short3_hap,,hap,cn,L_vs_Lrev@cn,cn,en,0,right,0,0,3340,2,1,1
P14,2,jp_sad_short_sentence,,sad,jp,L_vs_E@jp,jp,en,0,right,2,2,1602,3,1,1
P14,2,en_hap_short_sentence,,hap,en,L_vs_E@en,en,en,1,right,0,0,5381,2,1,1
P14,2,jp_sad_short_sentence,,sad,jp,L_vs_Lrev@jp,jp,en,0,left,-2,2,3481,4,1,1
P14,2,en_ang_short_sentence,,ang,en,L_vs_Lrev@en,en,en,1,right,1,1,2048,3,1,1
P14,2,cn_esd0002_short3_hap,,hap,cn,L_vs_E@cn,cn,en,0,left,0,0,1427,2,1,1
P14,2,jp_ang_short_sentence,,ang,jp,L_vs_E@jp,jp,en,0,right,-1,-1,1900,4,1,1
P15,1,rav08_ang,rav08,ang,normal,H_vs_E@normal,en,en,1,left,1,-1,2404,0,1,1
P15,1,rav24_dis,rav24,dis,strong,H_vs_R@strong,en,en,1,left,1,-1,797,0,1,1
P15,1,rav06_ang,rav06,ang,strong,H_vs_E@strong,en,en,1,right,1,1,1183,0,1,1
P15,1,rav18_dis,rav18,dis,normal,H_vs_E@normal,en,en,1,right,2,2,1397,0,1,1
P15,1,rav18_dis,rav18,dis,strong,H_vs_E@strong,en,en,1,right,-1,-1,1074,0,1,1
P15,1,rav02_dis,rav02,dis,normal,H_vs_E@normal,en,en,1,right,0,0,754,0,1,1
P15,1,rav10_fea,rav10,fear,strong,H_vs_R@strong,en,en,1,left,-1,1,1062,0,1,1
P15,1,rav20_fea_r2,rav20,fear,strong,H_vs_E@strong,en,en,1,left,-1,1,2061,0,1,1
P15,1,rav02_ang,rav02,ang,strong,H_vs_R@strong,en,en,1,right,-2,-2,875,0,1,1
P15,1,rav04_hap,rav04,hap,normal,H_vs_E@normal,en,en,1,left,-2,2,1425,0,1,1
P15,1,rav14_hap,rav14,hap,strong,H_vs_R@strong,en,en,1,left,1,-1,951,0,1,1
P15,1,rav06_ang,rav06,ang,strong,H_vs_R@strong,en,en,1,left,2,-2,876,0,1,1
P15,1,rav02_ang,rav02,ang,strong,H_vs_E@strong,en,en,1,left,2,-2,1190,0,1,1
P15,1,rav04_hap,rav04,hap,strong,H_vs_R@strong,en,en,1,right,-1,-1,1000,0,1,1
P15,1,rav06_ang,rav06,ang,normal,H_vs_E@normal,en,en,1,right,-2,-2,1091,0,1,1
P15,1,rav12_fea_r2,rav12,fear,strong,H_vs_E@strong,en,en,1,left,0,0,1072,0,1,1
P15,1,rav10_fea,rav10,fear,strong,H_vs_E@strong,en,en,1,right,1,1,1333,0,1,1
P15,1,rav16_hap,rav16,hap,strong,H_vs_R@strong,en,en,1,right,-1,-1,960,0,1,1
P15,1,rav04_hap,rav04,hap,strong,H_vs_E@strong,en,en,1,left,-1,1,873,0,1,1
P15,1,rav08_ang,rav08,ang,strong,H_vs_R@strong,en,en,1,right,-2,-2,1382,0,1,1
P15,1,rav18_dis,rav18,dis,strong,H_vs_R@strong,en,en,1,left,-1,1,890,0,1,1
P15,1,rav08_ang,rav08,ang,strong,H_vs_E@strong,en,en,1,left,1,-1,1887,0,1,1
P15,1,rav16_hap,rav16,hap,strong,H_vs_E@strong,en,en,1,left,-1,1,1818,0,1,1
P15,1,rav12_fea_r2,rav12,fear,strong,H_vs_R@strong,en,en,1,right,-1,-1,1131,0,1,1
P15,1,rav02_ang,rav02,ang,normal,H_vs_E@normal,en,en,1,left,-2,2,1012,0,1,1
P15,1,rav20_fea_r2,rav20,fear,strong,H_vs_R@strong,en,en,1,right,-2,-2,1360,0,1,1
P15,1,rav14_hap,rav14,hap,normal,H_vs_E@normal,en,en,1,right,-1,-1,3506,0,1,1
P15,1,rav02_dis,rav02,dis,strong,H_vs_E@strong,en,en,1,right,-1,-1,1052,0,1,1
P15,1,rav02_dis,rav02,dis,strong,H_vs_R@strong,en,en,1,left,2,-2,1310,0,1,1
P15,1,rav12_fea_r2,rav12,fear,normal,H_vs_E@normal,en,en,1,left,1,-1,1855,0,1,1
P15,1,rav14_hap,rav14,hap,strong,H_vs_E@strong,en,en,1,right,0,0,3043,0,1,1
P15,1,rav16_hap,rav16,hap,normal,H_vs_E@normal,en,en,1,left,0,0,521,0,1,1
P15,1,rav10_fea,rav10,fear,normal,H_vs_E@normal,en,en,1,right,-1,-1,1924,0,1,1
P15,1,rav20_fea_r2,rav20,fear,normal,H_vs_E@normal,en,en,1,left,-1,1,1077,0,1,1
P15,1,rav24_dis,rav24,dis,strong,H_vs_E@strong,en,en,1,right,1,1,1272,0,1,1
P15,1,rav24_dis,rav24,dis,normal,H_vs_E@normal,en,en,1,right,-1,-1,945,0,1,1
P15,1,rav06_ang,rav06,ang,strong,mute:H_vs_E@strong,en,en,1,right,1,1,9072,0,1,1
P15,1,rav10_fea,rav10,fear,strong,mute:H_vs_E@strong,en,en,1,left,1,-1,1614,0,1,1
P15,1,rav20_fea_r2,rav20,fear,strong,mute:H_vs_E@strong,en,en,1,right,1,1,777,0,1,1
P15,1,rav16_hap,rav16,hap,strong,mute:H_vs_E@strong,en,en,1,right,2,2,738,0,1,1
P15,1,rav04_hap,rav04,hap,strong,mute:H_vs_E@strong,en,en,1,left,-2,2,790,0,1,1
P15,1,rav18_dis,rav18,dis,strong,mute:H_vs_E@strong,en,en,1,left,0,0,939,0,1,1
P15,2,cn_esd0002_short3_sad,,sad,cn,L_vs_E@cn,cn,en,0,left,1,-1,2243,0,1,1
P15,2,jp_hap_short_sentence,,hap,jp,L_vs_E@jp,jp,en,0,right,1,1,1273,0,1,1
P15,2,en_ang_short_sentence,,ang,en,L_vs_Lrev@en,en,en,1,left,-2,2,1223,0,1,1
P15,2,jp_sad_short_sentence,,sad,jp,L_vs_E@jp,jp,en,0,left,-1,1,1158,0,1,1
P15,2,cn_esd0002_short3_ang,,ang,cn,L_vs_Lrev@cn,cn,en,0,right,-2,-2,788,0,1,1
P15,2,jp_hap_short_sentence,,hap,jp,L_vs_Lrev@jp,jp,en,0,left,-2,2,706,0,1,1
P15,2,cn_esd0002_short3_ang,,ang,cn,L_vs_E@cn,cn,en,0,left,-1,1,828,0,1,1
P15,2,en_hap_short_sentence,,hap,en,L_vs_E@en,en,en,1,left,1,-1,3851,0,1,1
P15,2,jp_ang_short_sentence,,ang,jp,L_vs_E@jp,jp,en,0,left,1,-1,834,0,1,1
P15,2,cn_esd0002_short3_hap,,hap,cn,L_vs_E@cn,cn,en,0,right,-1,-1,985,0,1,1
P15,2,jp_sad_short_sentence,,sad,jp,L_vs_Lrev@jp,jp,en,0,right,1,1,1300,0,1,1
P15,2,en_hap_short_sentence,,hap,en,L_vs_Lrev@en,en,en,1,right,-2,-2,1653,0,1,1
P15,2,cn_esd0002_short3_sad,,sad,cn,L_vs_Lrev@cn,cn,en,0,right,-2,-2,767,0,1,1
P15,2,en_ang_short_sentence,,ang,en,L_vs_E@en,en,en,1,right,-2,-2,503,0,1,1
P15,2,cn_esd0002_short3_hap,,hap,cn,L_vs_Lrev@cn,cn,en,0,left,-1,1,1097,0,1,1
P15,2,en_sad_short_sentence,,sad,en,L_vs_Lrev@en,en,en,1,left,1,-1,1788,0,1,1
P15,2,jp_ang_short_sentence,,ang,jp,L_vs_Lrev@jp,jp,en,0,right,-1,-1,1220,0,1,1
P15,2,en_sad_short_sentence,,sad,en,L_vs_E@en,en,en,1,right,1,1,1785,0,1,1
P16,1,rav02_ang,rav02,ang,strong,H_vs_R@strong,en,en,1,left,0,0,984,0,1,1
P16,1,rav08_ang,rav08,ang,normal,H_vs_E@normal,en,en,1,right,-1,-1,1437,0,1,1
P16,1,rav04_hap,rav04,hap,strong,H_vs_E@strong,en,en,1,right,2,2,1906,0,1,1
P16,1,rav14_hap,rav14,hap,normal,H_vs_E@normal,en,en,1,left,0,0,836,0,1,1
P16,1,rav08_ang,rav08,ang,strong,H_vs_R@strong,en,en,1,left,-1,1,4015,0,1,1
P16,1,rav06_ang,rav06,ang,strong,H_vs_R@strong,en,en,1,right,-1,-1,890,0,1,1
P16,1,rav20_fea_r2,rav20,fear,strong,H_vs_E@strong,en,en,1,right,1,1,1018,0,1,1
P16,1,rav16_hap,rav16,hap,normal,H_vs_E@normal,en,en,1,right,1,1,1142,0,1,1
P16,1,rav20_fea_r2,rav20,fear,normal,H_vs_E@normal,en,en,1,right,0,0,3605,0,1,1
P16,1,rav14_hap,rav14,hap,strong,H_vs_E@strong,en,en,1,left,-1,1,908,0,1,1
P16,1,rav12_fea_r2,rav12,fear,strong,H_vs_R@strong,en,en,1,left,1,-1,1044,0,1,1
P16,1,rav02_dis,rav02,dis,strong,H_vs_E@strong,en,en,1,left,-2,2,1090,0,1,1
P16,1,rav02_dis,rav02,dis,normal,H_vs_E@normal,en,en,1,left,0,0,576,0,1,1
P16,1,rav02_ang,rav02,ang,strong,H_vs_E@strong,en,en,1,right,1,1,908,0,1,1
P16,1,rav18_dis,rav18,dis,normal,H_vs_E@normal,en,en,1,left,-1,1,483,0,1,1
P16,1,rav08_ang,rav08,ang,strong,H_vs_E@strong,en,en,1,right,2,2,1279,0,1,1
P16,1,rav02_dis,rav02,dis,strong,H_vs_R@strong,en,en,1,right,-1,-1,1178,0,1,1
P16,1,rav18_dis,rav18,dis,strong,H_vs_E@strong,en,en,1,left,-1,1,1880,1,1,1
P16,1,rav04_hap,rav04,hap,normal,H_vs_E@normal,en,en,1,right,0,0,1782,0,1,1
P16,1,rav16_hap,rav16,hap,strong,H_vs_E@strong,en,en,1,right,2,2,937,0,1,1
P16,1,rav12_fea_r2,rav12,fear,strong,H_vs_E@strong,en,en,1,right,-1,-1,524,0,1,1
P16,1,rav12_fea_r2,rav12,fear,normal,H_vs_E@normal,en,en,1,right,1,1,1156,0,1,1
P16,1,rav20_fea_r2,rav20,fear,strong,H_vs_R@strong,en,en,1,left,1,-1,1555,0,1,1
P16,1,rav24_dis,rav24,dis,strong,H_vs_R@strong,en,en,1,right,3,3,2283,0,1,1
P16,1,rav18_dis,rav18,dis,strong,H_vs_R@strong,en,en,1,right,-1,-1,927,0,1,1
P16,1,rav02_ang,rav02,ang,normal,H_vs_E@normal,en,en,1,right,-1,-1,1222,0,1,1
P16,1,rav10_fea,rav10,fear,strong,H_vs_R@strong,en,en,1,right,1,1,1355,0,1,1
P16,1,rav06_ang,rav06,ang,strong,H_vs_E@strong,en,en,1,left,1,-1,1142,0,1,1
P16,1,rav16_hap,rav16,hap,strong,H_vs_R@strong,en,en,1,left,-2,2,820,0,1,1
P16,1,rav14_hap,rav14,hap,strong,H_vs_R@strong,en,en,1,right,1,1,866,0,1,1
P16,1,rav06_ang,rav06,ang,normal,H_vs_E@normal,en,en,1,left,-2,2,698,0,1,1
P16,1,rav04_hap,rav04,hap,strong,H_vs_R@strong,en,en,1,left,-1,1,2310,1,1,1
P16,1,rav24_dis,rav24,dis,strong,H_vs_E@strong,en,en,1,left,-1,1,1148,0,1,1
P16,1,rav10_fea,rav10,fear,normal,H_vs_E@normal,en,en,1,left,-1,1,725,0,1,1
P16,1,rav10_fea,rav10,fear,strong,H_vs_E@strong,en,en,1,left,-2,2,490,0,1,1
P16,1,rav24_dis,rav24,dis,normal,H_vs_E@normal,en,en,1,left,-3,3,1145,0,1,1
P16,1,rav10_fea,rav10,fear,strong,mute:H_vs_E@strong,en,en,1,right,1,1,551,1,1,1
P16,1,rav18_dis,rav18,dis,strong,mute:H_vs_E@strong,en,en,1,right,1,1,2155,0,1,1
P16,1,rav16_hap,rav16,hap,strong,mute:H_vs_E@strong,en,en,1,left,-1,1,876,0,1,1
P16,1,rav04_hap,rav04,hap,strong,mute:H_vs_E@strong,en,en,1,right,3,3,969,1,1,1
P16,1,rav20_fea_r2,rav20,fear,strong,mute:H_vs_E@strong,en,en,1,left,-1,1,988,0,1,1
P16,1,rav06_ang,rav06,ang,strong,mute:H_vs_E@strong,en,en,1,left,0,0,826,0,1,1
P16,2,en_hap_short_sentence,,hap,en,L_vs_Lrev@en,en,en,1,left,0,0,1977,0,1,1
P16,2,jp_sad_short_sentence,,sad,jp,L_vs_Lrev@jp,jp,en,0,left,2,-2,2172,0,1,1
P16,2,cn_esd0002_short3_ang,,ang,cn,L_vs_E@cn,cn,en,0,right,0,0,1420,0,1,1
P16,2,en_sad_short_sentence,,sad,en,L_vs_Lrev@en,en,en,1,right,0,0,1002,0,1,1
P16,2,cn_esd0002_short3_hap,,hap,cn,L_vs_E@cn,cn,en,0,left,0,0,1206,0,1,1
P16,2,jp_ang_short_sentence,,ang,jp,L_vs_Lrev@jp,jp,en,0,left,-1,1,704,0,1,1
P16,2,cn_esd0002_short3_hap,,hap,cn,L_vs_Lrev@cn,cn,en,0,right,1,1,654,0,1,1
P16,2,en_ang_short_sentence,,ang,en,L_vs_Lrev@en,en,en,1,right,1,1,1587,0,1,1
P16,2,cn_esd0002_short3_sad,,sad,cn,L_vs_Lrev@cn,cn,en,0,left,-2,2,1151,0,1,1
P16,2,jp_ang_short_sentence,,ang,jp,L_vs_E@jp,jp,en,0,right,2,2,1375,0,1,1
P16,2,en_hap_short_sentence,,hap,en,L_vs_E@en,en,en,1,right,1,1,1152,1,1,1
P16,2,jp_sad_short_sentence,,sad,jp,L_vs_E@jp,jp,en,0,right,1,1,1176,0,1,1
P16,2,cn_esd0002_short3_ang,,ang,cn,L_vs_Lrev@cn,cn,en,0,left,1,-1,1145,0,1,1
P16,2,jp_hap_short_sentence,,hap,jp,L_vs_E@jp,jp,en,0,left,-1,1,1363,0,1,1
P16,2,cn_esd0002_short3_sad,,sad,cn,L_vs_E@cn,cn,en,0,right,2,2,1118,1,1,1
P16,2,en_ang_short_sentence,,ang,en,L_vs_E@en,en,en,1,left,-1,1,1486,0,1,1
P16,2,jp_hap_short_sentence,,hap,jp,L_vs_Lrev@jp,jp,en,0,right,1,1,1103,0,1,1
P16,2,en_sad_short_sentence,,sad,en,L_vs_E@en,en,en,1,left,-1,1,1253,0,1,1
P17,1,rav06_ang,rav06,ang,strong,H_vs_R@strong,en,en,1,left,-3,3,1720,0,1,1
P17,1,rav02_ang,rav02,ang,normal,H_vs_E@normal,en,en,1,left,0,0,2050,0,1,1
P17,1,rav04_hap,rav04,hap,strong,H_vs_R@strong,en,en,1,right,2,2,1499,0,1,1
P17,1,rav14_hap,rav14,hap,normal,H_vs_E@normal,en,en,1,right,2,2,1063,0,1,1
P17,1,rav24_dis,rav24,dis,strong,H_vs_E@strong,en,en,1,right,0,0,2233,0,1,1
P17,1,rav16_hap,rav16,hap,strong,H_vs_E@strong,en,en,1,left,0,0,1116,0,1,1
P17,1,rav08_ang,rav08,ang,normal,H_vs_E@normal,en,en,1,left,-2,2,1384,0,1,1
P17,1,rav14_hap,rav14,hap,strong,H_vs_R@strong,en,en,1,left,0,0,1202,0,1,1
P17,1,rav16_hap,rav16,hap,normal,H_vs_E@normal,en,en,1,left,2,-2,1356,0,1,1
P17,1,rav20_fea_r2,rav20,fear,strong,H_vs_R@strong,en,en,1,right,0,0,1021,0,1,1
P17,1,rav24_dis,rav24,dis,normal,H_vs_E@normal,en,en,1,right,-2,-2,986,0,1,1
P17,1,rav18_dis,rav18,dis,strong,H_vs_E@strong,en,en,1,right,2,2,1299,0,1,1
P17,1,rav08_ang,rav08,ang,strong,H_vs_E@strong,en,en,1,left,-2,2,2515,0,1,1
P17,1,rav02_dis,rav02,dis,strong,H_vs_R@strong,en,en,1,left,0,0,1011,0,1,1
P17,1,rav02_dis,rav02,dis,strong,H_vs_E@strong,en,en,1,right,0,0,812,0,1,1
P17,1,rav06_ang,rav06,ang,normal,H_vs_E@normal,en,en,1,right,2,2,2995,0,1,1
P17,1,rav02_ang,rav02,ang,strong,H_vs_R@strong,en,en,1,right,0,0,1537,0,1,1
P17,1,rav20_fea_r2,rav20,fear,normal,H_vs_E@normal,en,en,1,left,0,0,1078,0,1,1
P17,1,rav14_hap,rav14,hap,strong,H_vs_E@strong,en,en,1,right,2,2,1724,0,1,1
P17,1,rav10_fea,rav10,fear,strong,H_vs_R@strong,en,en,1,left,0,0,2751,0,1,1
P17,1,rav06_ang,rav06,ang,strong,H_vs_E@strong,en,en,1,right,2,2,1036,0,1,1
P17,1,rav02_ang,rav02,ang,strong,H_vs_E@strong,en,en,1,left,-2,2,1288,0,1,1
P17,1,rav10_fea,rav10,fear,normal,H_vs_E@normal,en,en,1,right,0,0,1120,0,1,1
P17,1,rav18_dis,rav18,dis,normal,H_vs_E@normal,en,en,1,right,2,2,4415,0,1,1
P17,1,rav08_ang,rav08,ang,strong,H_vs_R@strong,en,en,1,right,-2,-2,1231,0,1,1
P17,1,rav12_fea_r2,rav12,fear,strong,H_vs_E@strong,en,en,1,left,1,-1,2252,0,1,1
P17,1,rav24_dis,rav24,dis,strong,H_vs_R@strong,en,en,1,left,0,0,1203,0,1,1
P17,1,rav04_hap,rav04,hap,normal,H_vs_E@normal,en,en,1,left,-2,2,1026,0,1,1
P17,1,rav12_fea_r2,rav12,fear,strong,H_vs_R@strong,en,en,1,right,-2,-2,1418,0,1,1
P17,1,rav10_fea,rav10,fear,strong,H_vs_E@strong,en,en,1,right,-2,-2,1387,0,1,1
P17,1,rav16_hap,rav16,hap,strong,H_vs_R@strong,en,en,1,right,2,2,1285,0,1,1
P17,1,rav18_dis,rav18,dis,strong,H_vs_R@strong,en,en,1,left,-2,2,1517,0,1,1
P17,1,rav20_fea_r2,rav20,fear,strong,H_vs_E@strong,en,en,1,left,0,0,987,0,1,1
P17,1,rav02_dis,rav02,dis,normal,H_vs_E@normal,en,en,1,right,0,0,782,0,1,1
P17,1,rav04_hap,rav04,hap,strong,H_vs_E@strong,en,en,1,left,-2,2,811,0,1,1
P17,1,rav12_fea_r2,rav12,fear,normal,H_vs_E@normal,en,en,1,left,-2,2,1086,0,1,1
P17,1,rav20_fea_r2,rav20,fear,strong,mute:H_vs_E@strong,en,en,1,right,0,0,2687,1,1,1
P17,1,rav18_dis,rav18,dis,strong,mute:H_vs_E@strong,en,en,1,left,-1,1,1151,0,1,1
P17,1,rav04_hap,rav04,hap,strong,mute:H_vs_E@strong,en,en,1,left,-1,1,1088,0,1,1
P17,1,rav10_fea,rav10,fear,strong,mute:H_vs_E@strong,en,en,1,left,-2,2,1619,0,1,1
P17,1,rav16_hap,rav16,hap,strong,mute:H_vs_E@strong,en,en,1,right,2,2,1094,0,1,1
P17,1,rav06_ang,rav06,ang,strong,mute:H_vs_E@strong,en,en,1,right,2,2,903,0,1,1
P17,2,en_ang_short_sentence,,ang,en,L_vs_E@en,en,en,1,right,0,0,1919,0,1,1
P17,2,cn_esd0002_short3_hap,,hap,cn,L_vs_E@cn,cn,en,0,right,0,0,28422,0,1,1
P17,2,jp_ang_short_sentence,,ang,jp,L_vs_Lrev@jp,jp,en,0,right,-2,-2,2153,0,1,1
P17,2,en_hap_short_sentence,,hap,en,L_vs_E@en,en,en,1,left,1,-1,1706,0,1,1
P17,2,cn_esd0002_short3_ang,,ang,cn,L_vs_E@cn,cn,en,0,left,2,-2,1188,0,1,1
P17,2,jp_hap_short_sentence,,hap,jp,L_vs_E@jp,jp,en,0,right,2,2,1230,0,1,1
P17,2,cn_esd0002_short3_sad,,sad,cn,L_vs_Lrev@cn,cn,en,0,right,0,0,1620,0,1,1
P17,2,jp_ang_short_sentence,,ang,jp,L_vs_E@jp,jp,en,0,left,2,-2,1253,0,1,1
P17,2,en_sad_short_sentence,,sad,en,L_vs_E@en,en,en,1,right,1,1,2106,0,1,1
P17,2,cn_esd0002_short3_ang,,ang,cn,L_vs_Lrev@cn,cn,en,0,right,2,2,1301,0,1,1
P17,2,jp_sad_short_sentence,,sad,jp,L_vs_Lrev@jp,jp,en,0,right,-2,-2,1437,0,1,1
P17,2,en_hap_short_sentence,,hap,en,L_vs_Lrev@en,en,en,1,right,0,0,1753,0,1,1
P17,2,jp_sad_short_sentence,,sad,jp,L_vs_E@jp,jp,en,0,left,0,0,1568,0,1,1
P17,2,cn_esd0002_short3_hap,,hap,cn,L_vs_Lrev@cn,cn,en,0,left,-2,2,1449,0,1,1
P17,2,en_ang_short_sentence,,ang,en,L_vs_Lrev@en,en,en,1,left,0,0,1473,0,1,1
P17,2,cn_esd0002_short3_sad,,sad,cn,L_vs_E@cn,cn,en,0,left,2,-2,1518,0,1,1
P17,2,jp_hap_short_sentence,,hap,jp,L_vs_Lrev@jp,jp,en,0,left,0,0,3346,0,1,1
P17,2,en_sad_short_sentence,,sad,en,L_vs_Lrev@en,en,en,1,left,0,0,1382,0,1,1
P18,1,rav20_fea_r2,rav20,fear,strong,H_vs_E@strong,en,en,1,right,0,0,1502,0,1,1
P18,1,rav20_fea_r2,rav20,fear,strong,H_vs_R@strong,en,en,1,left,0,0,4801,0,1,1
P18,1,rav10_fea,rav10,fear,normal,H_vs_E@normal,en,en,1,left,1,-1,1610,0,1,1
P18,1,rav02_ang,rav02,ang,strong,H_vs_R@strong,en,en,1,left,1,-1,1047,0,1,1
P18,1,rav06_ang,rav06,ang,strong,H_vs_R@strong,en,en,1,right,-2,-2,2869,0,1,1
P18,1,rav06_ang,rav06,ang,normal,H_vs_E@normal,en,en,1,left,2,-2,1781,0,1,1
P18,1,rav04_hap,rav04,hap,strong,H_vs_E@strong,en,en,1,right,2,2,1329,0,1,1
P18,1,rav18_dis,rav18,dis,strong,H_vs_R@strong,en,en,1,right,2,2,3020,0,1,1
P18,1,rav14_hap,rav14,hap,strong,H_vs_E@strong,en,en,1,left,-2,2,2002,0,1,1
P18,1,rav02_dis,rav02,dis,normal,H_vs_E@normal,en,en,1,left,1,-1,4792,0,1,1
P18,1,rav10_fea,rav10,fear,strong,H_vs_R@strong,en,en,1,right,2,2,1325,0,1,1
P18,1,rav14_hap,rav14,hap,normal,H_vs_E@normal,en,en,1,left,3,-3,1516,0,1,1
P18,1,rav12_fea_r2,rav12,fear,strong,H_vs_R@strong,en,en,1,left,-2,2,2816,0,1,1
P18,1,rav08_ang,rav08,ang,strong,H_vs_E@strong,en,en,1,right,2,2,3801,0,1,1
P18,1,rav18_dis,rav18,dis,normal,H_vs_E@normal,en,en,1,left,0,0,2126,0,1,1
P18,1,rav18_dis,rav18,dis,strong,H_vs_E@strong,en,en,1,left,1,-1,2267,0,1,1
P18,1,rav14_hap,rav14,hap,strong,H_vs_R@strong,en,en,1,right,3,3,2490,0,1,1
P18,1,rav16_hap,rav16,hap,strong,H_vs_E@strong,en,en,1,right,2,2,1998,0,1,1
P18,1,rav20_fea_r2,rav20,fear,normal,H_vs_E@normal,en,en,1,right,0,0,10039,0,1,1
P18,1,rav10_fea,rav10,fear,strong,H_vs_E@strong,en,en,1,left,-2,2,2014,0,1,1
P18,1,rav16_hap,rav16,hap,normal,H_vs_E@normal,en,en,1,right,0,0,1284,0,1,1
P18,1,rav04_hap,rav04,hap,normal,H_vs_E@normal,en,en,1,right,-3,-3,2132,0,1,1
P18,1,rav04_hap,rav04,hap,strong,H_vs_R@strong,en,en,1,left,0,0,2037,0,1,1
P18,1,rav08_ang,rav08,ang,normal,H_vs_E@normal,en,en,1,right,-3,-3,1556,0,1,1
P18,1,rav02_ang,rav02,ang,normal,H_vs_E@normal,en,en,1,right,0,0,1044,0,1,1
P18,1,rav02_ang,rav02,ang,strong,H_vs_E@strong,en,en,1,right,0,0,1284,0,1,1
P18,1,rav08_ang,rav08,ang,strong,H_vs_R@strong,en,en,1,left,-2,2,1766,0,1,1
P18,1,rav02_dis,rav02,dis,strong,H_vs_E@strong,en,en,1,left,0,0,2324,0,1,1
P18,1,rav12_fea_r2,rav12,fear,normal,H_vs_E@normal,en,en,1,right,-1,-1,1624,0,1,1
P18,1,rav16_hap,rav16,hap,strong,H_vs_R@strong,en,en,1,left,0,0,1247,0,1,1
P18,1,rav06_ang,rav06,ang,strong,H_vs_E@strong,en,en,1,left,-3,3,1489,0,1,1
P18,1,rav24_dis,rav24,dis,strong,H_vs_R@strong,en,en,1,right,-3,-3,1000,0,1,1
P18,1,rav02_dis,rav02,dis,strong,H_vs_R@strong,en,en,1,right,0,0,1559,0,1,1
P18,1,rav24_dis,rav24,dis,normal,H_vs_E@normal,en,en,1,left,-3,3,1823,0,1,1
P18,1,rav24_dis,rav24,dis,strong,H_vs_E@strong,en,en,1,left,2,-2,1343,0,1,1
P18,1,rav12_fea_r2,rav12,fear,strong,H_vs_E@strong,en,en,1,right,-3,-3,2156,0,1,1
P18,1,rav20_fea_r2,rav20,fear,strong,mute:H_vs_E@strong,en,en,1,left,2,-2,1782,1,1,1
P18,1,rav04_hap,rav04,hap,strong,mute:H_vs_E@strong,en,en,1,right,-2,-2,2075,0,1,1
P18,1,rav10_fea,rav10,fear,strong,mute:H_vs_E@strong,en,en,1,right,2,2,1973,0,1,1
P18,1,rav18_dis,rav18,dis,strong,mute:H_vs_E@strong,en,en,1,right,-2,-2,1427,0,1,1
P18,1,rav16_hap,rav16,hap,strong,mute:H_vs_E@strong,en,en,1,left,0,0,2262,0,1,1
P18,1,rav06_ang,rav06,ang,strong,mute:H_vs_E@strong,en,en,1,left,3,-3,1435,1,1,1
P18,2,en_sad_short_sentence,,sad,en,L_vs_E@en,en,en,1,left,3,-3,1017,1,1,1
P18,2,cn_esd0002_short3_ang,,ang,cn,L_vs_E@cn,cn,en,0,right,3,3,1262,1,1,1
P18,2,jp_hap_short_sentence,,hap,jp,L_vs_Lrev@jp,jp,en,0,right,2,2,1463,0,1,1
P18,2,cn_esd0002_short3_sad,,sad,cn,L_vs_Lrev@cn,cn,en,0,left,-1,1,1645,0,1,1
P18,2,jp_hap_short_sentence,,hap,jp,L_vs_E@jp,jp,en,0,left,0,0,1287,0,1,1
P18,2,en_ang_short_sentence,,ang,en,L_vs_E@en,en,en,1,left,0,0,999,0,1,1
P18,2,cn_esd0002_short3_sad,,sad,cn,L_vs_E@cn,cn,en,0,right,0,0,632,0,1,1
P18,2,en_ang_short_sentence,,ang,en,L_vs_Lrev@en,en,en,1,right,0,0,989,0,1,1
P18,2,cn_esd0002_short3_hap,,hap,cn,L_vs_Lrev@cn,cn,en,0,right,-3,-3,1300,0,1,1
P18,2,jp_ang_short_sentence,,ang,jp,L_vs_Lrev@jp,jp,en,0,left,-3,3,837,0,1,1
P18,2,cn_esd0002_short3_hap,,hap,cn,L_vs_E@cn,cn,en,0,left,3,-3,1410,0,1,1
P18,2,jp_sad_short_sentence,,sad,jp,L_vs_Lrev@jp,jp,en,0,left,-3,3,1647,0,1,1
P18,2,en_hap_short_sentence,,hap,en,L_vs_Lrev@en,en,en,1,left,0,0,3861,2,1,1
P18,2,cn_esd0002_short3_ang,,ang,cn,L_vs_Lrev@cn,cn,en,0,left,3,-3,1275,1,1,1
P18,2,jp_ang_short_sentence,,ang,jp,L_vs_E@jp,jp,en,0,right,-2,-2,1253,0,1,1
P18,2,en_hap_short_sentence,,hap,en,L_vs_E@en,en,en,1,right,0,0,1138,0,1,1
P18,2,jp_sad_short_sentence,,sad,jp,L_vs_E@jp,jp,en,0,right,-3,-3,1097,1,1,1
P19,1,rav02_dis,rav02,dis,strong,H_vs_R@strong,en,en,1,left,-1,1,1997,0,1,1
P19,1,rav02_dis,rav02,dis,normal,H_vs_E@normal,en,en,1,right,-1,-1,2032,0,1,1
P19,1,rav10_fea,rav10,fear,strong,H_vs_E@strong,en,en,1,right,1,1,1106,0,1,1
P19,1,rav06_ang,rav06,ang,normal,H_vs_E@normal,en,en,1,right,0,0,1109,0,1,1
P19,1,rav08_ang,rav08,ang,strong,H_vs_E@strong,en,en,1,left,1,-1,1385,0,1,1
P19,1,rav02_ang,rav02,ang,strong,H_vs_E@strong,en,en,1,left,0,0,814,0,1,1
P19,1,rav02_dis,rav02,dis,strong,H_vs_E@strong,en,en,1,right,0,0,2290,0,1,1
P19,1,rav10_fea,rav10,fear,normal,H_vs_E@normal,en,en,1,right,2,2,1748,0,1,1
P19,1,rav24_dis,rav24,dis,strong,H_vs_E@strong,en,en,1,right,1,1,600,0,1,1
P19,1,rav04_hap,rav04,hap,strong,H_vs_R@strong,en,en,1,right,1,1,1273,0,1,1
P19,1,rav12_fea_r2,rav12,fear,strong,H_vs_E@strong,en,en,1,left,1,-1,1415,0,1,1
P19,1,rav08_ang,rav08,ang,strong,H_vs_R@strong,en,en,1,right,-1,-1,1682,0,1,1
P19,1,rav06_ang,rav06,ang,strong,H_vs_R@strong,en,en,1,left,1,-1,962,0,1,1
P19,1,rav10_fea,rav10,fear,strong,H_vs_R@strong,en,en,1,left,-1,1,924,0,1,1
P19,1,rav08_ang,rav08,ang,normal,H_vs_E@normal,en,en,1,left,1,-1,1662,0,1,1
P19,1,rav20_fea_r2,rav20,fear,normal,H_vs_E@normal,en,en,1,left,0,0,639,0,1,1
P19,1,rav20_fea_r2,rav20,fear,strong,H_vs_R@strong,en,en,1,right,1,1,990,0,1,1
P19,1,rav04_hap,rav04,hap,strong,H_vs_E@strong,en,en,1,left,-1,1,1499,0,1,1
P19,1,rav12_fea_r2,rav12,fear,strong,H_vs_R@strong,en,en,1,right,1,1,1116,0,1,1
P19,1,rav16_hap,rav16,hap,normal,H_vs_E@normal,en,en,1,left,2,-2,838,0,1,1
P19,1,rav18_dis,rav18,dis,strong,H_vs_E@strong,en,en,1,right,-1,-1,725,0,1,1
P19,1,rav24_dis,rav24,dis,strong,H_vs_R@strong,en,en,1,left,1,-1,512,0,1,1
P19,1,rav14_hap,rav14,hap,strong,H_vs_R@strong,en,en,1,left,0,0,490,0,1,1
P19,1,rav06_ang,rav06,ang,strong,H_vs_E@strong,en,en,1,right,-1,-1,1049,0,1,1
P19,1,rav18_dis,rav18,dis,normal,H_vs_E@normal,en,en,1,right,1,1,718,0,1,1
P19,1,rav14_hap,rav14,hap,strong,H_vs_E@strong,en,en,1,right,0,0,1044,0,1,1
P19,1,rav04_hap,rav04,hap,normal,H_vs_E@normal,en,en,1,left,1,-1,1606,0,1,1
P19,1,rav12_fea_r2,rav12,fear,normal,H_vs_E@normal,en,en,1,left,-1,1,1582,0,1,1
P19,1,rav16_hap,rav16,hap,strong,H_vs_R@strong,en,en,1,right,-1,-1,890,0,1,1
P19,1,rav14_hap,rav14,hap,normal,H_vs_E@normal,en,en,1,right,1,1,526,0,1,1
P19,1,rav02_ang,rav02,ang,strong,H_vs_R@strong,en,en,1,right,-1,-1,651,0,1,1
P19,1,rav18_dis,rav18,dis,strong,H_vs_R@strong,en,en,1,left,0,0,1261,0,1,1
P19,1,rav24_dis,rav24,dis,normal,H_vs_E@normal,en,en,1,right,-1,-1,714,0,1,1
P19,1,rav20_fea_r2,rav20,fear,strong,H_vs_E@strong,en,en,1,left,-2,2,1164,0,1,1
P19,1,rav02_ang,rav02,ang,normal,H_vs_E@normal,en,en,1,left,0,0,995,0,1,1
P19,1,rav16_hap,rav16,hap,strong,H_vs_E@strong,en,en,1,left,-1,1,603,0,1,1
P19,1,rav06_ang,rav06,ang,strong,mute:H_vs_E@strong,en,en,1,right,0,0,2897,0,1,1
P19,1,rav18_dis,rav18,dis,strong,mute:H_vs_E@strong,en,en,1,left,-1,1,810,0,1,1
P19,1,rav20_fea_r2,rav20,fear,strong,mute:H_vs_E@strong,en,en,1,right,0,0,1014,0,1,1
P19,1,rav10_fea,rav10,fear,strong,mute:H_vs_E@strong,en,en,1,left,-2,2,849,0,1,1
P19,1,rav16_hap,rav16,hap,strong,mute:H_vs_E@strong,en,en,1,right,1,1,462,0,1,1
P19,1,rav04_hap,rav04,hap,strong,mute:H_vs_E@strong,en,en,1,left,-3,3,877,0,1,1
P19,2,cn_esd0002_short3_ang,,ang,cn,L_vs_Lrev@cn,cn,en,0,right,-1,-1,2525,0,1,1
P19,2,en_sad_short_sentence,,sad,en,L_vs_E@en,en,en,1,right,3,3,2483,0,1,1
P19,2,jp_ang_short_sentence,,ang,jp,L_vs_E@jp,jp,en,0,left,1,-1,2096,0,1,1
P19,2,cn_esd0002_short3_sad,,sad,cn,L_vs_E@cn,cn,en,0,left,2,-2,998,0,1,1
P19,2,en_ang_short_sentence,,ang,en,L_vs_Lrev@en,en,en,1,left,0,0,1403,0,1,1
P19,2,jp_sad_short_sentence,,sad,jp,L_vs_E@jp,jp,en,0,left,-1,1,917,0,1,1
P19,2,cn_esd0002_short3_hap,,hap,cn,L_vs_E@cn,cn,en,0,right,1,1,920,0,1,1
P19,2,en_ang_short_sentence,,ang,en,L_vs_E@en,en,en,1,right,2,2,1724,0,1,1
P19,2,jp_hap_short_sentence,,hap,jp,L_vs_Lrev@jp,jp,en,0,left,0,0,1394,0,1,1
P19,2,cn_esd0002_short3_ang,,ang,cn,L_vs_E@cn,cn,en,0,left,1,-1,950,0,1,1
P19,2,en_sad_short_sentence,,sad,en,L_vs_Lrev@en,en,en,1,left,0,0,1046,0,1,1
P19,2,jp_hap_short_sentence,,hap,jp,L_vs_E@jp,jp,en,0,right,-1,-1,1707,0,1,1
P19,2,cn_esd0002_short3_sad,,sad,cn,L_vs_Lrev@cn,cn,en,0,right,1,1,880,0,1,1
P19,2,en_hap_short_sentence,,hap,en,L_vs_Lrev@en,en,en,1,right,1,1,1138,0,1,1
P19,2,jp_sad_short_sentence,,sad,jp,L_vs_Lrev@jp,jp,en,0,right,1,1,941,0,1,1
P19,2,cn_esd0002_short3_hap,,hap,cn,L_vs_Lrev@cn,cn,en,0,left,0,0,735,0,1,1
P19,2,jp_ang_short_sentence,,ang,jp,L_vs_Lrev@jp,jp,en,0,right,2,2,687,0,1,1
P19,2,en_hap_short_sentence,,hap,en,L_vs_E@en,en,en,1,left,1,-1,798,0,1,1
P20,1,rav20_fea_r2,rav20,fear,strong,H_vs_R@strong,en,en,1,left,0,0,1865,0,1,1
P20,1,rav02_ang,rav02,ang,normal,H_vs_E@normal,en,en,1,right,-1,-1,2220,0,1,1
P20,1,rav24_dis,rav24,dis,strong,H_vs_R@strong,en,en,1,right,0,0,4611,0,1,1
P20,1,rav20_fea_r2,rav20,fear,strong,H_vs_E@strong,en,en,1,right,0,0,2491,0,1,1
P20,1,rav18_dis,rav18,dis,strong,H_vs_R@strong,en,en,1,right,-2,-2,2926,0,1,1
P20,1,rav02_dis,rav02,dis,normal,H_vs_E@normal,en,en,1,left,1,-1,1821,0,1,1
P20,1,rav10_fea,rav10,fear,normal,H_vs_E@normal,en,en,1,left,-1,1,1942,0,1,1
P20,1,rav16_hap,rav16,hap,normal,H_vs_E@normal,en,en,1,right,-2,-2,2136,0,1,1
P20,1,rav14_hap,rav14,hap,strong,H_vs_R@strong,en,en,1,right,-1,-1,1181,0,1,1
P20,1,rav08_ang,rav08,ang,normal,H_vs_E@normal,en,en,1,right,0,0,1781,0,1,1
P20,1,rav02_ang,rav02,ang,strong,H_vs_E@strong,en,en,1,right,0,0,3060,0,1,1
P20,1,rav06_ang,rav06,ang,strong,H_vs_R@strong,en,en,1,right,0,0,1547,0,1,1
P20,1,rav08_ang,rav08,ang,strong,H_vs_E@strong,en,en,1,right,1,1,1321,0,1,1
P20,1,rav06_ang,rav06,ang,normal,H_vs_E@normal,en,en,1,left,1,-1,1252,0,1,1
P20,1,rav16_hap,rav16,hap,strong,H_vs_R@strong,en,en,1,left,-1,1,2540,0,1,1
P20,1,rav10_fea,rav10,fear,strong,H_vs_E@strong,en,en,1,left,0,0,2581,0,1,1
P20,1,rav14_hap,rav14,hap,strong,H_vs_E@strong,en,en,1,left,-1,1,1580,0,1,1
P20,1,rav10_fea,rav10,fear,strong,H_vs_R@strong,en,en,1,right,1,1,1613,0,1,1
P20,1,rav04_hap,rav04,hap,normal,H_vs_E@normal,en,en,1,right,0,0,1688,0,1,1
P20,1,rav12_fea_r2,rav12,fear,strong,H_vs_E@strong,en,en,1,right,1,1,1467,0,1,1
P20,1,rav02_ang,rav02,ang,strong,H_vs_R@strong,en,en,1,left,-1,1,1391,0,1,1
P20,1,rav24_dis,rav24,dis,strong,H_vs_E@strong,en,en,1,left,-1,1,1048,0,1,1
P20,1,rav08_ang,rav08,ang,strong,H_vs_R@strong,en,en,1,left,1,-1,1438,0,1,1
P20,1,rav18_dis,rav18,dis,normal,H_vs_E@normal,en,en,1,left,0,0,1254,0,1,1
P20,1,rav18_dis,rav18,dis,strong,H_vs_E@strong,en,en,1,left,1,-1,1712,0,1,1
P20,1,rav02_dis,rav02,dis,strong,H_vs_R@strong,en,en,1,right,0,0,1060,0,1,1
P20,1,rav14_hap,rav14,hap,normal,H_vs_E@normal,en,en,1,left,-2,2,859,0,1,1
P20,1,rav04_hap,rav04,hap,strong,H_vs_R@strong,en,en,1,left,-2,2,1423,0,1,1
P20,1,rav16_hap,rav16,hap,strong,H_vs_E@strong,en,en,1,right,1,1,2313,0,1,1
P20,1,rav06_ang,rav06,ang,strong,H_vs_E@strong,en,en,1,left,0,0,1054,0,1,1
P20,1,rav12_fea_r2,rav12,fear,normal,H_vs_E@normal,en,en,1,right,1,1,1168,0,1,1
P20,1,rav04_hap,rav04,hap,strong,H_vs_E@strong,en,en,1,right,1,1,1095,0,1,1
P20,1,rav12_fea_r2,rav12,fear,strong,H_vs_R@strong,en,en,1,left,0,0,1359,0,1,1
P20,1,rav24_dis,rav24,dis,normal,H_vs_E@normal,en,en,1,left,0,0,2609,0,1,1
P20,1,rav20_fea_r2,rav20,fear,normal,H_vs_E@normal,en,en,1,right,0,0,1714,0,1,1
P20,1,rav02_dis,rav02,dis,strong,H_vs_E@strong,en,en,1,left,-1,1,1617,0,1,1
P20,1,rav16_hap,rav16,hap,strong,mute:H_vs_E@strong,en,en,1,left,0,0,3494,0,1,1
P20,1,rav20_fea_r2,rav20,fear,strong,mute:H_vs_E@strong,en,en,1,left,-1,1,1617,0,1,1
P20,1,rav04_hap,rav04,hap,strong,mute:H_vs_E@strong,en,en,1,right,1,1,1108,0,1,1
P20,1,rav18_dis,rav18,dis,strong,mute:H_vs_E@strong,en,en,1,right,1,1,1137,0,1,1
P20,1,rav10_fea,rav10,fear,strong,mute:H_vs_E@strong,en,en,1,right,1,1,1343,0,1,1
P20,1,rav06_ang,rav06,ang,strong,mute:H_vs_E@strong,en,en,1,left,0,0,1099,0,1,1
P20,2,jp_hap_short_sentence,,hap,jp,L_vs_E@jp,jp,en,0,left,0,0,1839,0,1,1
P20,2,en_sad_short_sentence,,sad,en,L_vs_E@en,en,en,1,left,0,0,1869,0,1,1
P20,2,jp_ang_short_sentence,,ang,jp,L_vs_Lrev@jp,jp,en,0,left,0,0,2478,0,1,1
P20,2,en_sad_short_sentence,,sad,en,L_vs_Lrev@en,en,en,1,right,1,1,2139,0,1,1
P20,2,cn_esd0002_short3_ang,,ang,cn,L_vs_Lrev@cn,cn,en,0,left,1,-1,1836,0,1,1
P20,2,en_hap_short_sentence,,hap,en,L_vs_E@en,en,en,1,right,-1,-1,1151,0,1,1
P20,2,cn_esd0002_short3_sad,,sad,cn,L_vs_Lrev@cn,cn,en,0,left,-2,2,1280,0,1,1
P20,2,jp_hap_short_sentence,,hap,jp,L_vs_Lrev@jp,jp,en,0,right,-1,-1,1725,0,1,1
P20,2,cn_esd0002_short3_sad,,sad,cn,L_vs_E@cn,cn,en,0,right,1,1,1713,0,1,1
P20,2,jp_ang_short_sentence,,ang,jp,L_vs_E@jp,jp,en,0,right,0,0,1813,0,1,1
P20,2,en_hap_short_sentence,,hap,en,L_vs_Lrev@en,en,en,1,left,1,-1,2457,0,1,1
P20,2,cn_esd0002_short3_ang,,ang,cn,L_vs_E@cn,cn,en,0,right,-1,-1,1907,0,1,1
P20,2,jp_sad_short_sentence,,sad,jp,L_vs_E@jp,jp,en,0,right,0,0,1947,0,1,1
P20,2,cn_esd0002_short3_hap,,hap,cn,L_vs_Lrev@cn,cn,en,0,right,1,1,1360,0,1,1
P20,2,jp_sad_short_sentence,,sad,jp,L_vs_Lrev@jp,jp,en,0,left,1,-1,897,0,1,1
P20,2,en_ang_short_sentence,,ang,en,L_vs_Lrev@en,en,en,1,right,2,2,1170,0,1,1
P20,2,cn_esd0002_short3_hap,,hap,cn,L_vs_E@cn,cn,en,0,left,-1,1,1193,0,1,1
P20,2,en_ang_short_sentence,,ang,en,L_vs_E@en,en,en,1,left,-2,2,1320,0,1,1
P21,1,rav02_dis,rav02,dis,normal,H_vs_E@normal,en,en,1,right,-1,-1,912,0,1,1
P21,1,rav04_hap,rav04,hap,strong,H_vs_E@strong,en,en,1,left,-1,1,1766,0,1,1
P21,1,rav20_fea_r2,rav20,fear,normal,H_vs_E@normal,en,en,1,left,-1,1,642,0,1,1
P21,1,rav06_ang,rav06,ang,strong,H_vs_E@strong,en,en,1,right,-1,-1,456,0,1,1
P21,1,rav12_fea_r2,rav12,fear,strong,H_vs_R@strong,en,en,1,right,1,1,620,0,1,1
P21,1,rav24_dis,rav24,dis,strong,H_vs_E@strong,en,en,1,right,1,1,957,0,1,1
P21,1,rav12_fea_r2,rav12,fear,normal,H_vs_E@normal,en,en,1,left,1,-1,719,0,1,1
P21,1,rav16_hap,rav16,hap,normal,H_vs_E@normal,en,en,1,left,-1,1,508,0,1,1
P21,1,rav08_ang,rav08,ang,strong,H_vs_R@strong,en,en,1,right,-1,-1,1074,0,1,1
P21,1,rav24_dis,rav24,dis,normal,H_vs_E@normal,en,en,1,right,1,1,742,1,1,1
P21,1,rav04_hap,rav04,hap,strong,H_vs_R@strong,en,en,1,right,1,1,847,0,1,1
P21,1,rav02_ang,rav02,ang,strong,H_vs_R@strong,en,en,1,right,-1,-1,540,1,1,1
P21,1,rav18_dis,rav18,dis,strong,H_vs_R@strong,en,en,1,left,1,-1,1009,0,1,1
P21,1,rav16_hap,rav16,hap,strong,H_vs_R@strong,en,en,1,right,2,2,512,0,1,1
P21,1,rav20_fea_r2,rav20,fear,strong,H_vs_E@strong,en,en,1,left,-1,1,651,0,1,1
P21,1,rav16_hap,rav16,hap,strong,H_vs_E@strong,en,en,1,left,1,-1,598,0,1,1
P21,1,rav06_ang,rav06,ang,normal,H_vs_E@normal,en,en,1,right,2,2,841,1,1,1
P21,1,rav12_fea_r2,rav12,fear,strong,H_vs_E@strong,en,en,1,left,-1,1,1039,0,1,1
P21,1,rav24_dis,rav24,dis,strong,H_vs_R@strong,en,en,1,left,1,-1,505,0,1,1
P21,1,rav02_ang,rav02,ang,normal,H_vs_E@normal,en,en,1,left,1,-1,555,1,1,1
P21,1,rav14_hap,rav14,hap,strong,H_vs_E@strong,en,en,1,right,1,1,720,0,1,1
P21,1,rav10_fea,rav10,fear,normal,H_vs_E@normal,en,en,1,right,0,0,593,0,1,1
P21,1,rav10_fea,rav10,fear,strong,H_vs_E@strong,en,en,1,right,1,1,643,0,1,1
P21,1,rav14_hap,rav14,hap,strong,H_vs_R@strong,en,en,1,left,0,0,417,0,1,1
P21,1,rav02_dis,rav02,dis,strong,H_vs_R@strong,en,en,1,left,-1,1,1440,0,1,1
P21,1,rav02_dis,rav02,dis,strong,H_vs_E@strong,en,en,1,right,0,0,545,0,1,1
P21,1,rav18_dis,rav18,dis,normal,H_vs_E@normal,en,en,1,right,1,1,434,0,1,1
P21,1,rav08_ang,rav08,ang,strong,H_vs_E@strong,en,en,1,left,-1,1,682,0,1,1
P21,1,rav02_ang,rav02,ang,strong,H_vs_E@strong,en,en,1,left,0,0,513,1,1,1
P21,1,rav10_fea,rav10,fear,strong,H_vs_R@strong,en,en,1,left,0,0,842,0,1,1
P21,1,rav18_dis,rav18,dis,strong,H_vs_E@strong,en,en,1,right,1,1,808,0,1,1
P21,1,rav04_hap,rav04,hap,normal,H_vs_E@normal,en,en,1,left,1,-1,747,0,1,1
P21,1,rav06_ang,rav06,ang,strong,H_vs_R@strong,en,en,1,left,-1,1,490,0,1,1
P21,1,rav14_hap,rav14,hap,normal,H_vs_E@normal,en,en,1,right,0,0,714,0,1,1
P21,1,rav20_fea_r2,rav20,fear,strong,H_vs_R@strong,en,en,1,right,1,1,510,0,1,1
P21,1,rav08_ang,rav08,ang,normal,H_vs_E@normal,en,en,1,left,0,0,654,0,1,1
P21,1,rav10_fea,rav10,fear,strong,mute:H_vs_E@strong,en,en,1,left,0,0,2026,0,1,1
P21,1,rav20_fea_r2,rav20,fear,strong,mute:H_vs_E@strong,en,en,1,right,0,0,619,0,1,1
P21,1,rav18_dis,rav18,dis,strong,mute:H_vs_E@strong,en,en,1,left,-3,3,1570,0,1,1
P21,1,rav04_hap,rav04,hap,strong,mute:H_vs_E@strong,en,en,1,left,-3,3,764,0,1,1
P21,1,rav06_ang,rav06,ang,strong,mute:H_vs_E@strong,en,en,1,right,1,1,508,0,1,1
P21,1,rav16_hap,rav16,hap,strong,mute:H_vs_E@strong,en,en,1,right,2,2,1020,0,1,1
P21,2,jp_sad_short_sentence,,sad,jp,L_vs_Lrev@jp,jp,en,0,right,1,1,932,0,1,1
P21,2,en_ang_short_sentence,,ang,en,L_vs_Lrev@en,en,en,1,left,-1,1,600,1,1,1
P21,2,jp_hap_short_sentence,,hap,jp,L_vs_Lrev@jp,jp,en,0,left,1,-1,936,0,1,1
P21,2,en_sad_short_sentence,,sad,en,L_vs_E@en,en,en,1,right,-1,-1,1902,0,1,1
P21,2,jp_hap_short_sentence,,hap,jp,L_vs_E@jp,jp,en,0,right,1,1,938,0,1,1
P21,2,cn_esd0002_short3_ang,,ang,cn,L_vs_E@cn,cn,en,0,left,-1,1,583,0,1,1
P21,2,en_sad_short_sentence,,sad,en,L_vs_Lrev@en,en,en,1,left,2,-2,840,0,1,1
P21,2,cn_esd0002_short3_hap,,hap,cn,L_vs_E@cn,cn,en,0,right,0,0,1542,0,1,1
P21,2,jp_ang_short_sentence,,ang,jp,L_vs_Lrev@jp,jp,en,0,right,1,1,1134,0,1,1
P21,2,cn_esd0002_short3_sad,,sad,cn,L_vs_E@cn,cn,en,0,left,-1,1,584,0,1,1
P21,2,en_hap_short_sentence,,hap,en,L_vs_E@en,en,en,1,left,0,0,892,0,1,1
P21,2,jp_ang_short_sentence,,ang,jp,L_vs_E@jp,jp,en,0,left,1,-1,2545,0,1,1
P21,2,en_hap_short_sentence,,hap,en,L_vs_Lrev@en,en,en,1,right,0,0,786,0,1,1
P21,2,cn_esd0002_short3_sad,,sad,cn,L_vs_Lrev@cn,cn,en,0,right,1,1,1055,0,1,1
P21,2,en_ang_short_sentence,,ang,en,L_vs_E@en,en,en,1,right,1,1,543,0,1,1
P21,2,cn_esd0002_short3_hap,,hap,cn,L_vs_Lrev@cn,cn,en,0,left,0,0,650,0,1,1
P21,2,jp_sad_short_sentence,,sad,jp,L_vs_E@jp,jp,en,0,left,0,0,813,0,1,1
P21,2,cn_esd0002_short3_ang,,ang,cn,L_vs_Lrev@cn,cn,en,0,right,0,0,542,0,1,1
P22,1,rav02_dis,rav02,dis,strong,H_vs_R@strong,en,en,1,left,0,0,1049,0,1,1
P22,1,rav16_hap,rav16,hap,normal,H_vs_E@normal,en,en,1,left,2,-2,3598,0,1,1
P22,1,rav02_dis,rav02,dis,strong,H_vs_E@strong,en,en,1,right,1,1,1515,0,1,1
P22,1,rav12_fea_r2,rav12,fear,normal,H_vs_E@normal,en,en,1,left,3,-3,1077,0,1,1
P22,1,rav06_ang,rav06,ang,strong,H_vs_E@strong,en,en,1,right,-1,-1,1908,0,1,1
P22,1,rav06_ang,rav06,ang,strong,H_vs_R@strong,en,en,1,left,-1,1,1426,0,1,1
P22,1,rav10_fea,rav10,fear,normal,H_vs_E@normal,en,en,1,right,1,1,1188,0,1,1
P22,1,rav10_fea,rav10,fear,strong,H_vs_E@strong,en,en,1,right,-3,-3,1568,0,1,1
P22,1,rav24_dis,rav24,dis,strong,H_vs_R@strong,en,en,1,left,1,-1,2668,0,1,1
P22,1,rav20_fea_r2,rav20,fear,normal,H_vs_E@normal,en,en,1,left,-2,2,1138,0,1,1
P22,1,rav14_hap,rav14,hap,strong,H_vs_R@strong,en,en,1,left,0,0,1077,0,1,1
P22,1,rav14_hap,rav14,hap,strong,H_vs_E@strong,en,en,1,right,0,0,1014,0,1,1
P22,1,rav04_hap,rav04,hap,normal,H_vs_E@normal,en,en,1,left,-3,3,1046,0,1,1
P22,1,rav18_dis,rav18,dis,strong,H_vs_R@strong,en,en,1,left,1,-1,978,0,1,1
P22,1,rav02_dis,rav02,dis,normal,H_vs_E@normal,en,en,1,right,0,0,69428,0,1,1
P22,1,rav24_dis,rav24,dis,strong,H_vs_E@strong,en,en,1,right,1,1,1413,0,1,1
P22,1,rav10_fea,rav10,fear,strong,H_vs_R@strong,en,en,1,left,0,0,87773,0,1,1
P22,1,rav16_hap,rav16,hap,strong,H_vs_R@strong,en,en,1,right,3,3,1988,0,1,1
P22,1,rav14_hap,rav14,hap,normal,H_vs_E@normal,en,en,1,right,1,1,1326,0,1,1
P22,1,rav12_fea_r2,rav12,fear,strong,H_vs_E@strong,en,en,1,left,-1,1,2790,0,1,1
P22,1,rav02_ang,rav02,ang,strong,H_vs_R@strong,en,en,1,right,1,1,1694,0,1,1
P22,1,rav18_dis,rav18,dis,normal,H_vs_E@normal,en,en,1,right,-1,-1,1617,0,1,1
P22,1,rav08_ang,rav08,ang,strong,H_vs_E@strong,en,en,1,left,3,-3,1873,0,1,1
P22,1,rav08_ang,rav08,ang,normal,H_vs_E@normal,en,en,1,left,-3,3,1584,0,1,1
P22,1,rav08_ang,rav08,ang,strong,H_vs_R@strong,en,en,1,right,0,0,1932,0,1,1
P22,1,rav04_hap,rav04,hap,strong,H_vs_E@strong,en,en,1,left,1,-1,1292,0,1,1
P22,1,rav06_ang,rav06,ang,normal,H_vs_E@normal,en,en,1,right,2,2,1110,0,1,1
P22,1,rav24_dis,rav24,dis,normal,H_vs_E@normal,en,en,1,right,2,2,1675,0,1,1
P22,1,rav20_fea_r2,rav20,fear,strong,H_vs_E@strong,en,en,1,left,0,0,1034,0,1,1
P22,1,rav12_fea_r2,rav12,fear,strong,H_vs_R@strong,en,en,1,right,-1,-1,1298,0,1,1
P22,1,rav04_hap,rav04,hap,strong,H_vs_R@strong,en,en,1,right,0,0,37708,0,1,1
P22,1,rav02_ang,rav02,ang,normal,H_vs_E@normal,en,en,1,left,3,-3,1470,0,1,1
P22,1,rav16_hap,rav16,hap,strong,H_vs_E@strong,en,en,1,left,2,-2,1241,0,1,1
P22,1,rav20_fea_r2,rav20,fear,strong,H_vs_R@strong,en,en,1,right,2,2,1120,0,1,1
P22,1,rav18_dis,rav18,dis,strong,H_vs_E@strong,en,en,1,right,0,0,3525,0,1,1
P22,1,rav02_ang,rav02,ang,strong,H_vs_E@strong,en,en,1,left,-2,2,1294,0,1,1
P22,1,rav04_hap,rav04,hap,strong,mute:H_vs_E@strong,en,en,1,left,1,-1,2185,0,1,1
P22,1,rav16_hap,rav16,hap,strong,mute:H_vs_E@strong,en,en,1,right,2,2,1008,0,1,1
P22,1,rav20_fea_r2,rav20,fear,strong,mute:H_vs_E@strong,en,en,1,right,1,1,990,0,1,1
P22,1,rav18_dis,rav18,dis,strong,mute:H_vs_E@strong,en,en,1,left,-1,1,1606,0,1,1
P22,1,rav10_fea,rav10,fear,strong,mute:H_vs_E@strong,en,en,1,left,3,-3,1922,0,1,1
P22,1,rav06_ang,rav06,ang,strong,mute:H_vs_E@strong,en,en,1,right,0,0,103765,0,1,1
P22,2,jp_hap_short_sentence,,hap,jp,L_vs_E@jp,jp,en,0,right,-1,-1,1487,0,1,1
P22,2,cn_esd0002_short3_ang,,ang,cn,L_vs_Lrev@cn,cn,en,0,right,1,1,1282,0,1,1
P22,2,en_hap_short_sentence,,hap,en,L_vs_E@en,en,en,1,left,2,-2,1429,0,1,1
P22,2,cn_esd0002_short3_sad,,sad,cn,L_vs_Lrev@cn,cn,en,0,right,-1,-1,1786,0,1,1
P22,2,en_ang_short_sentence,,ang,en,L_vs_Lrev@en,en,en,1,left,1,-1,1347,0,1,1
P22,2,jp_hap_short_sentence,,hap,jp,L_vs_Lrev@jp,jp,en,0,left,2,-2,2416,0,1,1
P22,2,en_ang_short_sentence,,ang,en,L_vs_E@en,en,en,1,right,0,0,3772,0,1,1
P22,2,cn_esd0002_short3_hap,,hap,cn,L_vs_E@cn,cn,en,0,right,1,1,1224,0,1,1
P22,2,jp_sad_short_sentence,,sad,jp,L_vs_E@jp,jp,en,0,left,0,0,1055,0,1,1
P22,2,cn_esd0002_short3_hap,,hap,cn,L_vs_Lrev@cn,cn,en,0,left,2,-2,1516,0,1,1
P22,2,jp_sad_short_sentence,,sad,jp,L_vs_Lrev@jp,jp,en,0,right,-2,-2,1816,0,1,1
P22,2,en_hap_short_sentence,,hap,en,L_vs_Lrev@en,en,en,1,right,0,0,64471,0,1,1
P22,2,cn_esd0002_short3_sad,,sad,cn,L_vs_E@cn,cn,en,0,left,-2,2,1105,0,1,1
P22,2,jp_ang_short_sentence,,ang,jp,L_vs_Lrev@jp,jp,en,0,right,1,1,1374,0,1,1
P22,2,en_sad_short_sentence,,sad,en,L_vs_E@en,en,en,1,right,0,0,1290,0,1,1
P22,2,cn_esd0002_short3_ang,,ang,cn,L_vs_E@cn,cn,en,0,left,2,-2,1399,0,1,1
P22,2,en_sad_short_sentence,,sad,en,L_vs_Lrev@en,en,en,1,left,-1,1,1709,0,1,1
P22,2,jp_ang_short_sentence,,ang,jp,L_vs_E@jp,jp,en,0,left,1,-1,1709,0,1,1
P23,1,rav10_fea,rav10,fear,strong,H_vs_E@strong,en,en,1,right,-1,-1,1867,0,1,1
P23,1,rav24_dis,rav24,dis,strong,H_vs_E@strong,en,en,1,right,0,0,1669,0,1,1
P23,1,rav10_fea,rav10,fear,strong,H_vs_R@strong,en,en,1,left,-1,1,2353,0,1,1
P23,1,rav04_hap,rav04,hap,normal,H_vs_E@normal,en,en,1,left,-3,3,2503,0,1,1
P23,1,rav18_dis,rav18,dis,strong,H_vs_E@strong,en,en,1,right,-1,-1,2742,0,1,1
P23,1,rav20_fea_r2,rav20,fear,normal,H_vs_E@normal,en,en,1,left,0,0,1428,0,1,1
P23,1,rav04_hap,rav04,hap,strong,H_vs_R@strong,en,en,1,right,1,1,1577,0,1,1
P23,1,rav16_hap,rav16,hap,strong,H_vs_E@strong,en,en,1,left,-1,1,1389,0,1,1
P23,1,rav10_fea,rav10,fear,normal,H_vs_E@normal,en,en,1,right,-2,-2,2077,0,1,1
P23,1,rav16_hap,rav16,hap,strong,H_vs_R@strong,en,en,1,right,0,0,1753,0,1,1
P23,1,rav02_dis,rav02,dis,normal,H_vs_E@normal,en,en,1,right,2,2,1350,0,1,1
P23,1,rav20_fea_r2,rav20,fear,strong,H_vs_E@strong,en,en,1,left,0,0,1397,0,1,1
P23,1,rav20_fea_r2,rav20,fear,strong,H_vs_R@strong,en,en,1,right,0,0,1901,0,1,1
P23,1,rav12_fea_r2,rav12,fear,strong,H_vs_R@strong,en,en,1,right,2,2,1020,0,1,1
P23,1,rav02_ang,rav02,ang,strong,H_vs_E@strong,en,en,1,left,-2,2,1020,0,1,1
P23,1,rav02_dis,rav02,dis,strong,H_vs_E@strong,en,en,1,right,1,1,1462,0,1,1
P23,1,rav08_ang,rav08,ang,strong,H_vs_R@strong,en,en,1,right,-3,-3,1234,0,1,1
P23,1,rav14_hap,rav14,hap,normal,H_vs_E@normal,en,en,1,right,1,1,1522,0,1,1
P23,1,rav24_dis,rav24,dis,strong,H_vs_R@strong,en,en,1,left,-2,2,1698,0,1,1
P23,1,rav12_fea_r2,rav12,fear,normal,H_vs_E@normal,en,en,1,left,-3,3,1192,0,1,1
P23,1,rav24_dis,rav24,dis,normal,H_vs_E@normal,en,en,1,right,1,1,2265,0,1,1
P23,1,rav02_ang,rav02,ang,strong,H_vs_R@strong,en,en,1,right,1,1,1004,0,1,1
P23,1,rav18_dis,rav18,dis,strong,H_vs_R@strong,en,en,1,left,-1,1,1700,0,1,1
P23,1,rav02_ang,rav02,ang,normal,H_vs_E@normal,en,en,1,left,1,-1,1510,0,1,1
P23,1,rav14_hap,rav14,hap,strong,H_vs_E@strong,en,en,1,right,-2,-2,1258,0,1,1
P23,1,rav16_hap,rav16,hap,normal,H_vs_E@normal,en,en,1,left,1,-1,1718,0,1,1
P23,1,rav08_ang,rav08,ang,strong,H_vs_E@strong,en,en,1,left,-3,3,1342,0,1,1
P23,1,rav06_ang,rav06,ang,normal,H_vs_E@normal,en,en,1,right,-1,-1,2048,0,1,1
P23,1,rav12_fea_r2,rav12,fear,strong,H_vs_E@strong,en,en,1,left,-2,2,902,0,1,1
P23,1,rav18_dis,rav18,dis,normal,H_vs_E@normal,en,en,1,right,2,2,1088,0,1,1
P23,1,rav04_hap,rav04,hap,strong,H_vs_E@strong,en,en,1,left,-1,1,2107,0,1,1
P23,1,rav02_dis,rav02,dis,strong,H_vs_R@strong,en,en,1,left,-2,2,1048,0,1,1
P23,1,rav08_ang,rav08,ang,normal,H_vs_E@normal,en,en,1,left,1,-1,2166,0,1,1
P23,1,rav06_ang,rav06,ang,strong,H_vs_R@strong,en,en,1,left,-1,1,4162,0,1,1
P23,1,rav14_hap,rav14,hap,strong,H_vs_R@strong,en,en,1,left,-2,2,1693,0,1,1
P23,1,rav06_ang,rav06,ang,strong,H_vs_E@strong,en,en,1,right,1,1,1919,0,1,1
P23,1,rav10_fea,rav10,fear,strong,mute:H_vs_E@strong,en,en,1,left,-2,2,1186,1,1,1
P23,1,rav18_dis,rav18,dis,strong,mute:H_vs_E@strong,en,en,1,left,-2,2,1124,0,1,1
P23,1,rav20_fea_r2,rav20,fear,strong,mute:H_vs_E@strong,en,en,1,right,-1,-1,1966,0,1,1
P23,1,rav04_hap,rav04,hap,strong,mute:H_vs_E@strong,en,en,1,left,-1,1,1545,0,1,1
P23,1,rav06_ang,rav06,ang,strong,mute:H_vs_E@strong,en,en,1,right,2,2,1192,0,1,1
P23,1,rav16_hap,rav16,hap,strong,mute:H_vs_E@strong,en,en,1,right,-1,-1,1583,0,1,1
P23,2,en_sad_short_sentence,,sad,en,L_vs_Lrev@en,en,en,1,left,0,0,6426,0,1,1
P23,2,jp_ang_short_sentence,,ang,jp,L_vs_Lrev@jp,jp,en,0,right,1,1,1542,1,1,1
P23,2,cn_esd0002_short3_sad,,sad,cn,L_vs_Lrev@cn,cn,en,0,right,-2,-2,1628,0,1,1
P23,2,en_hap_short_sentence,,hap,en,L_vs_Lrev@en,en,en,1,right,-3,-3,1161,1,1,1
P23,2,jp_sad_short_sentence,,sad,jp,L_vs_E@jp,jp,en,0,left,-1,1,1811,0,1,1
P23,2,en_ang_short_sentence,,ang,en,L_vs_E@en,en,en,1,right,-1,-1,2431,1,1,1
P23,2,cn_esd0002_short3_hap,,hap,cn,L_vs_E@cn,cn,en,0,right,-1,-1,1488,0,1,1
P23,2,en_sad_short_sentence,,sad,en,L_vs_E@en,en,en,1,right,1,1,1387,1,1,1
P23,2,cn_esd0002_short3_ang,,ang,cn,L_vs_E@cn,cn,en,0,left,1,-1,1660,0,1,1
P23,2,jp_sad_short_sentence,,sad,jp,L_vs_Lrev@jp,jp,en,0,right,-1,-1,1190,0,1,1
P23,2,en_hap_short_sentence,,hap,en,L_vs_E@en,en,en,1,left,0,0,1713,0,1,1
P23,2,jp_ang_short_sentence,,ang,jp,L_vs_E@jp,jp,en,0,left,-2,2,1604,0,1,1
P23,2,cn_esd0002_short3_hap,,hap,cn,L_vs_Lrev@cn,cn,en,0,left,-2,2,1095,0,1,1
P23,2,en_ang_short_sentence,,ang,en,L_vs_Lrev@en,en,en,1,left,2,-2,1329,0,1,1
P23,2,jp_hap_short_sentence,,hap,jp,L_vs_Lrev@jp,jp,en,0,left,1,-1,1441,0,1,1
P23,2,cn_esd0002_short3_sad,,sad,cn,L_vs_E@cn,cn,en,0,left,-1,1,1751,0,1,1
P23,2,jp_hap_short_sentence,,hap,jp,L_vs_E@jp,jp,en,0,right,-1,-1,1401,0,1,1
P23,2,cn_esd0002_short3_ang,,ang,cn,L_vs_Lrev@cn,cn,en,0,right,1,1,1607,0,1,1
P24,1,rav08_ang,rav08,ang,strong,H_vs_R@strong,en,en,1,left,1,-1,960,0,1,1
P24,1,rav16_hap,rav16,hap,strong,H_vs_E@strong,en,en,1,right,-1,-1,949,0,1,1
P24,1,rav18_dis,rav18,dis,strong,H_vs_R@strong,en,en,1,right,0,0,1599,0,1,1
P24,1,rav02_ang,rav02,ang,normal,H_vs_E@normal,en,en,1,right,0,0,2150,0,1,1
P24,1,rav10_fea,rav10,fear,strong,H_vs_E@strong,en,en,1,left,1,-1,1096,0,1,1
P24,1,rav24_dis,rav24,dis,strong,H_vs_R@strong,en,en,1,right,0,0,817,0,1,1
P24,1,rav12_fea_r2,rav12,fear,strong,H_vs_E@strong,en,en,1,right,-1,-1,1079,0,1,1
P24,1,rav18_dis,rav18,dis,normal,H_vs_E@normal,en,en,1,left,1,-1,873,0,1,1
P24,1,rav12_fea_r2,rav12,fear,strong,H_vs_R@strong,en,en,1,left,1,-1,1360,0,1,1
P24,1,rav20_fea_r2,rav20,fear,strong,H_vs_E@strong,en,en,1,right,0,0,1041,0,1,1
P24,1,rav20_fea_r2,rav20,fear,normal,H_vs_E@normal,en,en,1,right,-1,-1,892,0,1,1
P24,1,rav04_hap,rav04,hap,strong,H_vs_R@strong,en,en,1,left,0,0,843,0,1,1
P24,1,rav04_hap,rav04,hap,strong,H_vs_E@strong,en,en,1,right,-1,-1,864,0,1,1
P24,1,rav02_ang,rav02,ang,strong,H_vs_E@strong,en,en,1,right,1,1,911,0,1,1
P24,1,rav10_fea,rav10,fear,normal,H_vs_E@normal,en,en,1,left,-1,1,932,0,1,1
P24,1,rav04_hap,rav04,hap,normal,H_vs_E@normal,en,en,1,right,-1,-1,807,0,1,1
P24,1,rav08_ang,rav08,ang,strong,H_vs_E@strong,en,en,1,right,-1,-1,4404,1,1,1
P24,1,rav18_dis,rav18,dis,strong,H_vs_E@strong,en,en,1,left,-1,1,673,0,1,1
P24,1,rav08_ang,rav08,ang,normal,H_vs_E@normal,en,en,1,right,0,0,1995,0,1,1
P24,1,rav02_dis,rav02,dis,strong,H_vs_R@strong,en,en,1,right,1,1,6856,0,1,1
P24,1,rav20_fea_r2,rav20,fear,strong,H_vs_R@strong,en,en,1,left,0,0,795,0,1,1
P24,1,rav24_dis,rav24,dis,normal,H_vs_E@normal,en,en,1,left,0,0,1053,0,1,1
P24,1,rav16_hap,rav16,hap,strong,H_vs_R@strong,en,en,1,left,1,-1,857,0,1,1
P24,1,rav12_fea_r2,rav12,fear,normal,H_vs_E@normal,en,en,1,right,1,1,895,0,1,1
P24,1,rav14_hap,rav14,hap,normal,H_vs_E@normal,en,en,1,left,1,-1,1065,1,1,1
P24,1,rav14_hap,rav14,hap,strong,H_vs_E@strong,en,en,1,left,1,-1,753,1,1,1
P24,1,rav16_hap,rav16,hap,normal,H_vs_E@normal,en,en,1,right,1,1,911,1,1,1
P24,1,rav24_dis,rav24,dis,strong,H_vs_E@strong,en,en,1,left,1,-1,958,0,1,1
P24,1,rav02_ang,rav02,ang,strong,H_vs_R@strong,en,en,1,left,1,-1,1058,0,1,1
P24,1,rav06_ang,rav06,ang,normal,H_vs_E@normal,en,en,1,left,2,-2,1758,1,1,1
P24,1,rav06_ang,rav06,ang,strong,H_vs_E@strong,en,en,1,left,-1,1,891,1,1,1
P24,1,rav06_ang,rav06,ang,strong,H_vs_R@strong,en,en,1,right,-1,-1,701,0,1,1
P24,1,rav02_dis,rav02,dis,normal,H_vs_E@normal,en,en,1,left,1,-1,763,0,1,1
P24,1,rav02_dis,rav02,dis,strong,H_vs_E@strong,en,en,1,left,1,-1,759,0,1,1
P24,1,rav14_hap,rav14,hap,strong,H_vs_R@strong,en,en,1,right,-1,-1,702,0,1,1
P24,1,rav10_fea,rav10,fear,strong,H_vs_R@strong,en,en,1,right,1,1,676,0,1,1
P24,1,rav06_ang,rav06,ang,strong,mute:H_vs_E@strong,en,en,1,left,-1,1,1740,3,1,1
P24,1,rav20_fea_r2,rav20,fear,strong,mute:H_vs_E@strong,en,en,1,left,-1,1,1880,0,1,1
P24,1,rav04_hap,rav04,hap,strong,mute:H_vs_E@strong,en,en,1,right,2,2,839,0,1,1
P24,1,rav16_hap,rav16,hap,strong,mute:H_vs_E@strong,en,en,1,left,-1,1,969,0,1,1
P24,1,rav18_dis,rav18,dis,strong,mute:H_vs_E@strong,en,en,1,right,1,1,923,0,1,1
P24,1,rav10_fea,rav10,fear,strong,mute:H_vs_E@strong,en,en,1,right,1,1,1070,0,1,1
P24,2,jp_ang_short_sentence,,ang,jp,L_vs_E@jp,jp,en,0,right,1,1,2356,0,1,1
P24,2,cn_esd0002_short3_sad,,sad,cn,L_vs_E@cn,cn,en,0,right,-1,-1,1344,0,1,1
P24,2,en_hap_short_sentence,,hap,en,L_vs_Lrev@en,en,en,1,left,0,0,1721,0,1,1
P24,2,jp_ang_short_sentence,,ang,jp,L_vs_Lrev@jp,jp,en,0,left,-1,1,1432,0,1,1
P24,2,en_sad_short_sentence,,sad,en,L_vs_Lrev@en,en,en,1,right,1,1,1007,0,1,1
P24,2,cn_esd0002_short3_hap,,hap,cn,L_vs_Lrev@cn,cn,en,0,right,1,1,1037,1,1,1
P24,2,jp_sad_short_sentence,,sad,jp,L_vs_Lrev@jp,jp,en,0,left,1,-1,1112,0,1,1
P24,2,cn_esd0002_short3_ang,,ang,cn,L_vs_Lrev@cn,cn,en,0,left,-1,1,909,0,1,1
P24,2,en_hap_short_sentence,,hap,en,L_vs_E@en,en,en,1,right,1,1,887,0,1,1
P24,2,cn_esd0002_short3_sad,,sad,cn,L_vs_Lrev@cn,cn,en,0,left,1,-1,865,0,1,1
P24,2,en_ang_short_sentence,,ang,en,L_vs_E@en,en,en,1,left,1,-1,1057,2,1,1
P24,2,jp_hap_short_sentence,,hap,jp,L_vs_Lrev@jp,jp,en,0,right,-1,-1,1742,0,1,1
P24,2,cn_esd0002_short3_ang,,ang,cn,L_vs_E@cn,cn,en,0,right,-1,-1,1060,2,1,1
P24,2,jp_hap_short_sentence,,hap,jp,L_vs_E@jp,jp,en,0,left,-1,1,1377,0,1,1
P24,2,en_sad_short_sentence,,sad,en,L_vs_E@en,en,en,1,left,-1,1,1384,2,1,1
P24,2,cn_esd0002_short3_hap,,hap,cn,L_vs_E@cn,cn,en,0,left,1,-1,1234,0,1,1
P24,2,jp_sad_short_sentence,,sad,jp,L_vs_E@jp,jp,en,0,right,1,1,1713,0,1,1
P24,2,en_ang_short_sentence,,ang,en,L_vs_Lrev@en,en,en,1,right,-2,-2,2213,0,1,1
P25,1,rav14_hap,rav14,hap,normal,H_vs_E@normal,en,en,1,right,0,0,1543,0,1,1
P25,1,rav18_dis,rav18,dis,strong,H_vs_R@strong,en,en,1,left,1,-1,1383,0,1,1
P25,1,rav18_dis,rav18,dis,strong,H_vs_E@strong,en,en,1,right,-1,-1,8855,0,1,1
P25,1,rav12_fea_r2,rav12,fear,strong,H_vs_R@strong,en,en,1,right,1,1,1342,0,1,1
P25,1,rav08_ang,rav08,ang,strong,H_vs_E@strong,en,en,1,left,-2,2,991,0,1,1
P25,1,rav10_fea,rav10,fear,normal,H_vs_E@normal,en,en,1,right,0,0,3431,0,1,1
P25,1,rav02_dis,rav02,dis,strong,H_vs_E@strong,en,en,1,right,1,1,1567,0,1,1
P25,1,rav10_fea,rav10,fear,strong,H_vs_E@strong,en,en,1,right,1,1,967,0,1,1
P25,1,rav06_ang,rav06,ang,normal,H_vs_E@normal,en,en,1,right,0,0,1554,0,1,1
P25,1,rav02_ang,rav02,ang,normal,H_vs_E@normal,en,en,1,left,1,-1,2879,0,1,1
P25,1,rav08_ang,rav08,ang,strong,H_vs_R@strong,en,en,1,right,-1,-1,1174,0,1,1
P25,1,rav04_hap,rav04,hap,normal,H_vs_E@normal,en,en,1,left,0,0,788,0,1,1
P25,1,rav12_fea_r2,rav12,fear,strong,H_vs_E@strong,en,en,1,left,-2,2,949,0,1,1
P25,1,rav16_hap,rav16,hap,normal,H_vs_E@normal,en,en,1,left,1,-1,3805,0,1,1
P25,1,rav24_dis,rav24,dis,strong,H_vs_R@strong,en,en,1,left,-1,1,795,0,1,1
P25,1,rav16_hap,rav16,hap,strong,H_vs_R@strong,en,en,1,right,1,1,2058,0,1,1
P25,1,rav20_fea_r2,rav20,fear,strong,H_vs_E@strong,en,en,1,left,-1,1,1015,0,1,1
P25,1,rav18_dis,rav18,dis,normal,H_vs_E@normal,en,en,1,right,0,0,3188,0,1,1
P25,1,rav24_dis,rav24,dis,strong,H_vs_E@strong,en,en,1,right,1,1,893,0,1,1
P25,1,rav06_ang,rav06,ang,strong,H_vs_R@strong,en,en,1,left,1,-1,1652,0,1,1
P25,1,rav04_hap,rav04,hap,strong,H_vs_R@strong,en,en,1,right,0,0,1083,0,1,1
P25,1,rav12_fea_r2,rav12,fear,normal,H_vs_E@normal,en,en,1,left,0,0,759,0,1,1
P25,1,rav14_hap,rav14,hap,strong,H_vs_R@strong,en,en,1,left,-1,1,1030,0,1,1
P25,1,rav10_fea,rav10,fear,strong,H_vs_R@strong,en,en,1,left,1,-1,1577,0,1,1
P25,1,rav04_hap,rav04,hap,strong,H_vs_E@strong,en,en,1,left,-1,1,878,0,1,1
P25,1,rav24_dis,rav24,dis,normal,H_vs_E@normal,en,en,1,right,0,0,915,0,1,1
P25,1,rav06_ang,rav06,ang,strong,H_vs_E@strong,en,en,1,right,-2,-2,3143,0,1,1
P25,1,rav02_dis,rav02,dis,normal,H_vs_E@normal,en,en,1,right,2,2,815,0,1,1
P25,1,rav14_hap,rav14,hap,strong,H_vs_E@strong,en,en,1,right,0,0,2780,0,1,1
P25,1,rav02_ang,rav02,ang,strong,H_vs_E@strong,en,en,1,left,0,0,3470,0,1,1
P25,1,rav02_dis,rav02,dis,strong,H_vs_R@strong,en,en,1,left,1,-1,2196,0,1,1
P25,1,rav20_fea_r2,rav20,fear,normal,H_vs_E@normal,en,en,1,left,0,0,991,0,1,1
P25,1,rav20_fea_r2,rav20,fear,strong,H_vs_R@strong,en,en,1,right,1,1,1934,0,1,1
P25,1,rav16_hap,rav16,hap,strong,H_vs_E@strong,en,en,1,left,1,-1,695,0,1,1
P25,1,rav02_ang,rav02,ang,strong,H_vs_R@strong,en,en,1,right,-1,-1,1833,0,1,1
P25,1,rav08_ang,rav08,ang,normal,H_vs_E@normal,en,en,1,left,-1,1,1564,0,1,1
P25,1,rav10_fea,rav10,fear,strong,mute:H_vs_E@strong,en,en,1,left,0,0,1448,0,1,1
P25,1,rav16_hap,rav16,hap,strong,mute:H_vs_E@strong,en,en,1,right,2,2,736,0,1,1
P25,1,rav06_ang,rav06,ang,strong,mute:H_vs_E@strong,en,en,1,right,2,2,790,0,1,1
P25,1,rav20_fea_r2,rav20,fear,strong,mute:H_vs_E@strong,en,en,1,right,1,1,742,0,1,1
P25,1,rav04_hap,rav04,hap,strong,mute:H_vs_E@strong,en,en,1,left,1,-1,874,0,1,1
P25,1,rav18_dis,rav18,dis,strong,mute:H_vs_E@strong,en,en,1,left,1,-1,771,0,1,1
P25,2,en_sad_short_sentence,,sad,en,L_vs_Lrev@en,en,en,1,left,0,0,2148,0,1,1
P25,2,cn_esd0002_short3_ang,,ang,cn,L_vs_Lrev@cn,cn,en,0,right,0,0,1193,0,1,1
P25,2,en_sad_short_sentence,,sad,en,L_vs_E@en,en,en,1,right,0,0,795,0,1,1
P25,2,jp_hap_short_sentence,,hap,jp,L_vs_E@jp,jp,en,0,right,-1,-1,695,0,1,1
P25,2,cn_esd0002_short3_sad,,sad,cn,L_vs_E@cn,cn,en,0,left,-1,1,651,0,1,1
P25,2,en_hap_short_sentence,,hap,en,L_vs_Lrev@en,en,en,1,right,0,0,1472,0,1,1
P25,2,jp_ang_short_sentence,,ang,jp,L_vs_E@jp,jp,en,0,left,1,-1,863,0,1,1
P25,2,en_hap_short_sentence,,hap,en,L_vs_E@en,en,en,1,left,0,0,1779,0,1,1
P25,2,jp_sad_short_sentence,,sad,jp,L_vs_Lrev@jp,jp,en,0,right,-1,-1,1291,0,1,1
P25,2,cn_esd0002_short3_hap,,hap,cn,L_vs_E@cn,cn,en,0,right,0,0,429,0,1,1
P25,2,en_ang_short_sentence,,ang,en,L_vs_Lrev@en,en,en,1,left,1,-1,941,0,1,1
P25,2,jp_hap_short_sentence,,hap,jp,L_vs_Lrev@jp,jp,en,0,left,-2,2,602,0,1,1
P25,2,cn_esd0002_short3_sad,,sad,cn,L_vs_Lrev@cn,cn,en,0,right,0,0,621,0,1,1
P25,2,jp_ang_short_sentence,,ang,jp,L_vs_Lrev@jp,jp,en,0,right,0,0,991,0,1,1
P25,2,cn_esd0002_short3_hap,,hap,cn,L_vs_Lrev@cn,cn,en,0,left,0,0,837,0,1,1
P25,2,en_ang_short_sentence,,ang,en,L_vs_E@en,en,en,1,right,0,0,1152,0,1,1
P25,2,jp_sad_short_sentence,,sad,jp,L_vs_E@jp,jp,en,0,left,-2,2,836,0,1,1
P25,2,cn_esd0002_short3_ang,,ang,cn,L_vs_E@cn,cn,en,0,left,-1,1,584,0,1,1
P26,1,rav12_fea_r2,rav12,fear,strong,H_vs_E@strong,en,en,1,right,-1,-1,2775,0,0,0
P26,1,rav08_ang,rav08,ang,normal,H_vs_E@normal,en,en,1,right,0,0,1698,0,0,0
P26,1,rav14_hap,rav14,hap,strong,H_vs_E@strong,en,en,1,left,0,0,836,0,0,0
P26,1,rav14_hap,rav14,hap,strong,H_vs_R@strong,en,en,1,right,0,0,1603,0,0,0
P26,1,rav18_dis,rav18,dis,strong,H_vs_E@strong,en,en,1,left,-1,1,1107,0,0,0
P26,1,rav20_fea_r2,rav20,fear,strong,H_vs_R@strong,en,en,1,left,-1,1,1221,0,0,0
P26,1,rav04_hap,rav04,hap,strong,H_vs_E@strong,en,en,1,right,0,0,1235,0,0,0
P26,1,rav24_dis,rav24,dis,strong,H_vs_E@strong,en,en,1,left,1,-1,2735,0,0,0
P26,1,rav10_fea,rav10,fear,normal,H_vs_E@normal,en,en,1,left,0,0,1794,0,0,0
P26,1,rav20_fea_r2,rav20,fear,normal,H_vs_E@normal,en,en,1,right,1,1,8315,0,0,0
P26,1,rav06_ang,rav06,ang,strong,H_vs_R@strong,en,en,1,right,-1,-1,1730,0,0,0
P26,1,rav02_dis,rav02,dis,strong,H_vs_E@strong,en,en,1,left,0,0,1376,0,0,0
P26,1,rav16_hap,rav16,hap,normal,H_vs_E@normal,en,en,1,right,0,0,864,0,0,0
P26,1,rav24_dis,rav24,dis,strong,H_vs_R@strong,en,en,1,right,0,0,1003,0,0,0
P26,1,rav02_ang,rav02,ang,normal,H_vs_E@normal,en,en,1,right,0,0,1030,0,0,0
P26,1,rav12_fea_r2,rav12,fear,strong,H_vs_R@strong,en,en,1,left,0,0,885,0,0,0
P26,1,rav18_dis,rav18,dis,strong,H_vs_R@strong,en,en,1,right,-1,-1,1331,0,0,0
P26,1,rav02_dis,rav02,dis,normal,H_vs_E@normal,en,en,1,left,-1,1,849,0,0,0
P26,1,rav06_ang,rav06,ang,strong,H_vs_E@strong,en,en,1,left,0,0,1079,0,0,0
P26,1,rav02_dis,rav02,dis,strong,H_vs_R@strong,en,en,1,right,0,0,1059,0,0,0
P26,1,rav14_hap,rav14,hap,normal,H_vs_E@normal,en,en,1,left,1,-1,1309,0,0,0
P26,1,rav16_hap,rav16,hap,strong,H_vs_R@strong,en,en,1,left,1,-1,890,0,0,0
P26,1,rav12_fea_r2,rav12,fear,normal,H_vs_E@normal,en,en,1,right,1,1,1149,0,0,0
P26,1,rav04_hap,rav04,hap,strong,H_vs_R@strong,en,en,1,left,0,0,1006,0,0,0
P26,1,rav20_fea_r2,rav20,fear,strong,H_vs_E@strong,en,en,1,right,0,0,1011,0,0,0
P26,1,rav10_fea,rav10,fear,strong,H_vs_R@strong,en,en,1,right,0,0,992,0,0,0
P26,1,rav18_dis,rav18,dis,normal,H_vs_E@normal,en,en,1,left,0,0,962,0,0,0
P26,1,rav04_hap,rav04,hap,normal,H_vs_E@normal,en,en,1,right,1,1,1715,0,0,0
P26,1,rav16_hap,rav16,hap,strong,H_vs_E@strong,en,en,1,right,0,0,926,0,0,0
P26,1,rav06_ang,rav06,ang,normal,H_vs_E@normal,en,en,1,left,0,0,1168,0,0,0
P26,1,rav10_fea,rav10,fear,strong,H_vs_E@strong,en,en,1,left,0,0,1000,0,0,0
P26,1,rav02_ang,rav02,ang,strong,H_vs_E@strong,en,en,1,right,0,0,1002,0,0,0
P26,1,rav02_ang,rav02,ang,strong,H_vs_R@strong,en,en,1,left,0,0,1020,0,0,0
P26,1,rav08_ang,rav08,ang,strong,H_vs_E@strong,en,en,1,right,0,0,1080,0,0,0
P26,1,rav08_ang,rav08,ang,strong,H_vs_R@strong,en,en,1,left,0,0,1069,0,0,0
P26,1,rav24_dis,rav24,dis,normal,H_vs_E@normal,en,en,1,left,0,0,1220,0,0,0
P26,1,rav04_hap,rav04,hap,strong,mute:H_vs_E@strong,en,en,1,right,0,0,1336,0,0,0
P26,1,rav10_fea,rav10,fear,strong,mute:H_vs_E@strong,en,en,1,right,0,0,1117,0,0,0
P26,1,rav16_hap,rav16,hap,strong,mute:H_vs_E@strong,en,en,1,left,0,0,1209,0,0,0
P26,1,rav18_dis,rav18,dis,strong,mute:H_vs_E@strong,en,en,1,right,0,0,877,0,0,0
P26,1,rav20_fea_r2,rav20,fear,strong,mute:H_vs_E@strong,en,en,1,left,0,0,882,0,0,0
P26,1,rav06_ang,rav06,ang,strong,mute:H_vs_E@strong,en,en,1,left,0,0,1069,0,0,0
P26,2,en_ang_short_sentence,,ang,en,L_vs_Lrev@en,en,en,1,right,0,0,1139,0,0,0
P26,2,cn_esd0002_short3_sad,,sad,cn,L_vs_E@cn,cn,en,0,right,1,1,1081,0,0,0
P26,2,jp_hap_short_sentence,,hap,jp,L_vs_E@jp,jp,en,0,left,0,0,904,0,0,0
P26,2,cn_esd0002_short3_sad,,sad,cn,L_vs_Lrev@cn,cn,en,0,left,0,0,829,0,0,0
P26,2,jp_ang_short_sentence,,ang,jp,L_vs_E@jp,jp,en,0,right,1,1,1390,0,0,0
P26,2,en_hap_short_sentence,,hap,en,L_vs_E@en,en,en,1,right,0,0,906,0,0,0
P26,2,jp_sad_short_sentence,,sad,jp,L_vs_Lrev@jp,jp,en,0,left,0,0,777,0,0,0
P26,2,en_hap_short_sentence,,hap,en,L_vs_Lrev@en,en,en,1,left,0,0,750,0,0,0
P26,2,jp_ang_short_sentence,,ang,jp,L_vs_Lrev@jp,jp,en,0,left,0,0,732,0,0,0
P26,2,cn_esd0002_short3_hap,,hap,cn,L_vs_Lrev@cn,cn,en,0,right,0,0,878,0,0,0
P26,2,jp_sad_short_sentence,,sad,jp,L_vs_E@jp,jp,en,0,right,1,1,1282,0,0,0
P26,2,cn_esd0002_short3_ang,,ang,cn,L_vs_Lrev@cn,cn,en,0,left,0,0,799,0,0,0
P26,2,jp_hap_short_sentence,,hap,jp,L_vs_Lrev@jp,jp,en,0,right,0,0,853,0,0,0
P26,2,en_sad_short_sentence,,sad,en,L_vs_Lrev@en,en,en,1,right,0,0,984,0,0,0
P26,2,cn_esd0002_short3_ang,,ang,cn,L_vs_E@cn,cn,en,0,right,0,0,1061,0,0,0
P26,2,en_sad_short_sentence,,sad,en,L_vs_E@en,en,en,1,left,1,-1,4704,0,0,0
P26,2,cn_esd0002_short3_hap,,hap,cn,L_vs_E@cn,cn,en,0,left,0,0,991,0,0,0
P26,2,en_ang_short_sentence,,ang,en,L_vs_E@en,en,en,1,left,0,0,947,0,0,0
P27,1,rav12_fea_r2,rav12,fear,normal,H_vs_E@normal,en,en,1,left,0,0,1085,0,1,1
P27,1,rav12_fea_r2,rav12,fear,strong,H_vs_E@strong,en,en,1,left,1,-1,2819,0,1,1
P27,1,rav16_hap,rav16,hap,strong,H_vs_E@strong,en,en,1,left,0,0,905,0,1,1
P27,1,rav04_hap,rav04,hap,normal,H_vs_E@normal,en,en,1,left,2,-2,1888,0,1,1
P27,1,rav06_ang,rav06,ang,strong,H_vs_E@strong,en,en,1,right,-1,-1,1015,0,1,1
P27,1,rav18_dis,rav18,dis,strong,H_vs_R@strong,en,en,1,left,2,-2,1050,0,1,1
P27,1,rav18_dis,rav18,dis,strong,H_vs_E@strong,en,en,1,right,0,0,1396,0,1,1
P27,1,rav16_hap,rav16,hap,strong,H_vs_R@strong,en,en,1,right,0,0,984,0,1,1
P27,1,rav24_dis,rav24,dis,strong,H_vs_E@strong,en,en,1,right,0,0,820,0,1,1
P27,1,rav14_hap,rav14,hap,strong,H_vs_R@strong,en,en,1,left,0,0,440,0,1,1
P27,1,rav10_fea,rav10,fear,strong,H_vs_E@strong,en,en,1,right,0,0,682,0,1,1
P27,1,rav10_fea,rav10,fear,normal,H_vs_E@normal,en,en,1,right,0,0,431,0,1,1
P27,1,rav02_dis,rav02,dis,strong,H_vs_E@strong,en,en,1,right,0,0,1529,0,1,1
P27,1,rav08_ang,rav08,ang,normal,H_vs_E@normal,en,en,1,left,1,-1,1103,0,1,1
P27,1,rav24_dis,rav24,dis,strong,H_vs_R@strong,en,en,1,left,0,0,844,0,1,1
P27,1,rav24_dis,rav24,dis,normal,H_vs_E@normal,en,en,1,right,0,0,1379,0,1,1
P27,1,rav02_ang,rav02,ang,strong,H_vs_R@strong,en,en,1,right,1,1,853,0,1,1
P27,1,rav06_ang,rav06,ang,strong,H_vs_R@strong,en,en,1,left,-2,2,1064,0,1,1
P27,1,rav08_ang,rav08,ang,strong,H_vs_E@strong,en,en,1,left,0,0,914,0,1,1
P27,1,rav20_fea_r2,rav20,fear,strong,H_vs_R@strong,en,en,1,right,0,0,390,0,1,1
P27,1,rav14_hap,rav14,hap,normal,H_vs_E@normal,en,en,1,right,0,0,528,0,1,1
P27,1,rav12_fea_r2,rav12,fear,strong,H_vs_R@strong,en,en,1,right,0,0,257,0,1,1
P27,1,rav20_fea_r2,rav20,fear,strong,H_vs_E@strong,en,en,1,left,0,0,303,0,1,1
P27,1,rav04_hap,rav04,hap,strong,H_vs_E@strong,en,en,1,left,-1,1,697,0,1,1
P27,1,rav18_dis,rav18,dis,normal,H_vs_E@normal,en,en,1,right,0,0,349,0,1,1
P27,1,rav20_fea_r2,rav20,fear,normal,H_vs_E@normal,en,en,1,left,0,0,533,0,1,1
P27,1,rav04_hap,rav04,hap,strong,H_vs_R@strong,en,en,1,right,0,0,332,0,1,1
P27,1,rav14_hap,rav14,hap,strong,H_vs_E@strong,en,en,1,right,0,0,595,0,1,1
P27,1,rav02_dis,rav02,dis,normal,H_vs_E@normal,en,en,1,right,0,0,366,0,1,1
P27,1,rav08_ang,rav08,ang,strong,H_vs_R@strong,en,en,1,right,1,1,1470,0,1,1
P27,1,rav10_fea,rav10,fear,strong,H_vs_R@strong,en,en,1,left,-1,1,855,0,1,1
P27,1,rav02_ang,rav02,ang,normal,H_vs_E@normal,en,en,1,left,0,0,295,0,1,1
P27,1,rav02_ang,rav02,ang,strong,H_vs_E@strong,en,en,1,left,0,0,794,0,1,1
P27,1,rav06_ang,rav06,ang,normal,H_vs_E@normal,en,en,1,right,0,0,1953,0,1,1
P27,1,rav02_dis,rav02,dis,strong,H_vs_R@strong,en,en,1,left,0,0,370,0,1,1
P27,1,rav16_hap,rav16,hap,normal,H_vs_E@normal,en,en,1,left,0,0,378,0,1,1
P27,1,rav16_hap,rav16,hap,strong,mute:H_vs_E@strong,en,en,1,right,1,1,976,1,1,1
P27,1,rav10_fea,rav10,fear,strong,mute:H_vs_E@strong,en,en,1,left,-1,1,736,0,1,1
P27,1,rav06_ang,rav06,ang,strong,mute:H_vs_E@strong,en,en,1,right,1,1,460,0,1,1
P27,1,rav04_hap,rav04,hap,strong,mute:H_vs_E@strong,en,en,1,left,-1,1,649,0,1,1
P27,1,rav20_fea_r2,rav20,fear,strong,mute:H_vs_E@strong,en,en,1,right,0,0,503,0,1,1
P27,1,rav18_dis,rav18,dis,strong,mute:H_vs_E@strong,en,en,1,left,-1,1,673,0,1,1
P27,2,cn_esd0002_short3_hap,,hap,cn,L_vs_Lrev@cn,cn,en,0,left,0,0,535,0,1,1
P27,2,en_ang_short_sentence,,ang,en,L_vs_E@en,en,en,1,right,0,0,544,0,1,1
P27,2,cn_esd0002_short3_hap,,hap,cn,L_vs_E@cn,cn,en,0,right,0,0,234,0,1,1
P27,2,jp_ang_short_sentence,,ang,jp,L_vs_Lrev@jp,jp,en,0,right,0,0,367,0,1,1
P27,2,en_sad_short_sentence,,sad,en,L_vs_Lrev@en,en,en,1,left,0,0,623,0,1,1
P27,2,jp_hap_short_sentence,,hap,jp,L_vs_E@jp,jp,en,0,right,0,0,381,0,1,1
P27,2,en_ang_short_sentence,,ang,en,L_vs_Lrev@en,en,en,1,left,0,0,379,0,1,1
P27,2,cn_esd0002_short3_sad,,sad,cn,L_vs_E@cn,cn,en,0,left,0,0,330,0,1,1
P27,2,jp_hap_short_sentence,,hap,jp,L_vs_Lrev@jp,jp,en,0,left,0,0,435,0,1,1
P27,2,en_sad_short_sentence,,sad,en,L_vs_E@en,en,en,1,right,0,0,459,0,1,1
P27,2,jp_ang_short_sentence,,ang,jp,L_vs_E@jp,jp,en,0,left,0,0,430,0,1,1
P27,2,en_hap_short_sentence,,hap,en,L_vs_E@en,en,en,1,left,0,0,365,0,1,1
P27,2,cn_esd0002_short3_ang,,ang,cn,L_vs_E@cn,cn,en,0,left,0,0,509,0,1,1
P27,2,jp_sad_short_sentence,,sad,jp,L_vs_Lrev@jp,jp,en,0,right,-1,-1,1349,1,1,1
P27,2,cn_esd0002_short3_ang,,ang,cn,L_vs_Lrev@cn,cn,en,0,right,3,3,1324,0,1,1
P27,2,jp_sad_short_sentence,,sad,jp,L_vs_E@jp,jp,en,0,left,-1,1,590,1,1,1
P27,2,en_hap_short_sentence,,hap,en,L_vs_Lrev@en,en,en,1,right,0,0,426,0,1,1
P27,2,cn_esd0002_short3_sad,,sad,cn,L_vs_Lrev@cn,cn,en,0,right,0,0,339,0,1,1
P28,1,rav02_ang,rav02,ang,strong,H_vs_R@strong,en,en,1,left,1,-1,2203,1,1,1
P28,1,rav10_fea,rav10,fear,normal,H_vs_E@normal,en,en,1,left,0,0,1194,0,1,1
P28,1,rav20_fea_r2,rav20,fear,strong,H_vs_R@strong,en,en,1,left,0,0,3953,0,1,1
P28,1,rav20_fea_r2,rav20,fear,normal,H_vs_E@normal,en,en,1,right,0,0,699,1,1,1
P28,1,rav04_hap,rav04,hap,strong,H_vs_E@strong,en,en,1,right,-1,-1,836,1,1,1
P28,1,rav20_fea_r2,rav20,fear,strong,H_vs_E@strong,en,en,1,right,0,0,1675,1,1,1
P28,1,rav04_hap,rav04,hap,strong,H_vs_R@strong,en,en,1,left,-1,1,693,0,1,1
P28,1,rav12_fea_r2,rav12,fear,normal,H_vs_E@normal,en,en,1,right,1,1,1213,1,1,1
P28,1,rav06_ang,rav06,ang,strong,H_vs_E@strong,en,en,1,left,0,0,871,1,1,1
P28,1,rav10_fea,rav10,fear,strong,H_vs_R@strong,en,en,1,right,-2,-2,2023,1,1,1
P28,1,rav02_ang,rav02,ang,strong,H_vs_E@strong,en,en,1,right,-2,-2,674,2,1,1
P28,1,rav06_ang,rav06,ang,strong,H_vs_R@strong,en,en,1,right,0,0,3655,1,1,1
P28,1,rav02_ang,rav02,ang,normal,H_vs_E@normal,en,en,1,right,1,1,1141,2,1,1
P28,1,rav14_hap,rav14,hap,strong,H_vs_R@strong,en,en,1,right,0,0,897,2,1,1
P28,1,rav02_dis,rav02,dis,normal,H_vs_E@normal,en,en,1,left,0,0,1188,0,1,1
P28,1,rav14_hap,rav14,hap,normal,H_vs_E@normal,en,en,1,left,0,0,1151,2,1,1
P28,1,rav12_fea_r2,rav12,fear,strong,H_vs_R@strong,en,en,1,left,1,-1,1005,1,1,1
P28,1,rav16_hap,rav16,hap,normal,H_vs_E@normal,en,en,1,right,1,1,871,2,1,1
P28,1,rav16_hap,rav16,hap,strong,H_vs_R@strong,en,en,1,left,1,-1,887,1,1,1
P28,1,rav24_dis,rav24,dis,strong,H_vs_E@strong,en,en,1,left,0,0,2391,3,1,1
P28,1,rav24_dis,rav24,dis,strong,H_vs_R@strong,en,en,1,right,-1,-1,1247,0,1,1
P28,1,rav14_hap,rav14,hap,strong,H_vs_E@strong,en,en,1,left,-1,1,1390,1,1,1
P28,1,rav08_ang,rav08,ang,normal,H_vs_E@normal,en,en,1,right,1,1,1712,0,1,1
P28,1,rav02_dis,rav02,dis,strong,H_vs_E@strong,en,en,1,left,1,-1,779,1,1,1
P28,1,rav08_ang,rav08,ang,strong,H_vs_R@strong,en,en,1,left,-1,1,1808,0,1,1
P28,1,rav12_fea_r2,rav12,fear,strong,H_vs_E@strong,en,en,1,right,1,1,1192,0,1,1
P28,1,rav18_dis,rav18,dis,strong,H_vs_R@strong,en,en,1,right,0,0,1522,1,1,1
P28,1,rav18_dis,rav18,dis,normal,H_vs_E@normal,en,en,1,left,-1,1,982,1,1,1
P28,1,rav18_dis,rav18,dis,strong,H_vs_E@strong,en,en,1,left,1,-1,857,2,1,1
P28,1,rav02_dis,rav02,dis,strong,H_vs_R@strong,en,en,1,right,0,0,1093,1,1,1
P28,1,rav04_hap,rav04,hap,normal,H_vs_E@normal,en,en,1,right,1,1,1245,1,1,1
P28,1,rav06_ang,rav06,ang,normal,H_vs_E@normal,en,en,1,left,-2,2,1372,0,1,1
P28,1,rav24_dis,rav24,dis,normal,H_vs_E@normal,en,en,1,left,-1,1,2493,2,1,1
P28,1,rav10_fea,rav10,fear,strong,H_vs_E@strong,en,en,1,left,-2,2,845,1,1,1
P28,1,rav16_hap,rav16,hap,strong,H_vs_E@strong,en,en,1,right,2,2,919,1,1,1
P28,1,rav08_ang,rav08,ang,strong,H_vs_E@strong,en,en,1,right,2,2,1342,0,1,1
P28,1,rav18_dis,rav18,dis,strong,mute:H_vs_E@strong,en,en,1,right,0,0,1522,1,1,1
P28,1,rav10_fea,rav10,fear,strong,mute:H_vs_E@strong,en,en,1,right,1,1,1203,0,1,1
P28,1,rav16_hap,rav16,hap,strong,mute:H_vs_E@strong,en,en,1,left,1,-1,1970,0,1,1
P28,1,rav06_ang,rav06,ang,strong,mute:H_vs_E@strong,en,en,1,left,-1,1,2452,0,1,1
P28,1,rav04_hap,rav04,hap,strong,mute:H_vs_E@strong,en,en,1,right,1,1,1309,1,1,1
P28,1,rav20_fea_r2,rav20,fear,strong,mute:H_vs_E@strong,en,en,1,left,0,0,1186,0,1,1
P28,2,cn_esd0002_short3_ang,,ang,cn,L_vs_E@cn,cn,en,0,right,0,0,1272,0,1,1
P28,2,jp_sad_short_sentence,,sad,jp,L_vs_Lrev@jp,jp,en,0,left,1,-1,1549,0,1,1
P28,2,cn_esd0002_short3_hap,,hap,cn,L_vs_Lrev@cn,cn,en,0,right,0,0,967,1,1,1
P28,2,en_ang_short_sentence,,ang,en,L_vs_Lrev@en,en,en,1,right,0,0,10633,0,1,1
P28,2,jp_hap_short_sentence,,hap,jp,L_vs_Lrev@jp,jp,en,0,right,0,0,1188,1,1,1
P28,2,cn_esd0002_short3_sad,,sad,cn,L_vs_Lrev@cn,cn,en,0,left,-1,1,4129,0,1,1
P28,2,jp_ang_short_sentence,,ang,jp,L_vs_Lrev@jp,jp,en,0,left,1,-1,13947,1,1,1
P28,2,cn_esd0002_short3_sad,,sad,cn,L_vs_E@cn,cn,en,0,right,1,1,2313,0,1,1
P28,2,en_ang_short_sentence,,ang,en,L_vs_E@en,en,en,1,left,1,-1,2388,1,1,1
P28,2,cn_esd0002_short3_hap,,hap,cn,L_vs_E@cn,cn,en,0,left,1,-1,896,1,1,1
P28,2,jp_sad_short_sentence,,sad,jp,L_vs_E@jp,jp,en,0,right,-1,-1,878,0,1,1
P28,2,en_hap_short_sentence,,hap,en,L_vs_Lrev@en,en,en,1,left,-1,1,1078,1,1,1
P28,2,jp_ang_short_sentence,,ang,jp,L_vs_E@jp,jp,en,0,right,-1,-1,1433,0,1,1
P28,2,en_hap_short_sentence,,hap,en,L_vs_E@en,en,en,1,right,0,0,779,0,1,1
P28,2,cn_esd0002_short3_ang,,ang,cn,L_vs_Lrev@cn,cn,en,0,left,1,-1,1696,0,1,1
P28,2,en_sad_short_sentence,,sad,en,L_vs_Lrev@en,en,en,1,right,0,0,1785,0,1,1
P28,2,jp_hap_short_sentence,,hap,jp,L_vs_E@jp,jp,en,0,left,-1,1,1538,1,1,1
P28,2,en_sad_short_sentence,,sad,en,L_vs_E@en,en,en,1,left,-1,1,1758,1,1,1
P29,1,rav02_dis,rav02,dis,strong,H_vs_R@strong,en,en,1,right,-1,-1,1416,0,1,1
P29,1,rav12_fea_r2,rav12,fear,strong,H_vs_E@strong,en,en,1,right,-2,-2,3078,0,1,1
P29,1,rav04_hap,rav04,hap,strong,H_vs_E@strong,en,en,1,right,2,2,1486,0,1,1
P29,1,rav10_fea,rav10,fear,normal,H_vs_E@normal,en,en,1,left,0,0,2782,0,1,1
P29,1,rav14_hap,rav14,hap,strong,H_vs_E@strong,en,en,1,left,-2,2,710,0,1,1
P29,1,rav02_dis,rav02,dis,normal,H_vs_E@normal,en,en,1,left,0,0,978,0,1,1
P29,1,rav20_fea_r2,rav20,fear,strong,H_vs_E@strong,en,en,1,right,0,0,2525,0,1,1
P29,1,rav02_ang,rav02,ang,normal,H_vs_E@normal,en,en,1,right,-1,-1,1498,1,1,1
P29,1,rav24_dis,rav24,dis,strong,H_vs_R@strong,en,en,1,right,2,2,1392,0,1,1
P29,1,rav14_hap,rav14,hap,normal,H_vs_E@normal,en,en,1,left,-1,1,2231,0,1,1
P29,1,rav18_dis,rav18,dis,strong,H_vs_R@strong,en,en,1,right,1,1,1002,0,1,1
P29,1,rav10_fea,rav10,fear,strong,H_vs_E@strong,en,en,1,left,0,0,1509,0,1,1
P29,1,rav06_ang,rav06,ang,normal,H_vs_E@normal,en,en,1,left,-1,1,1743,0,1,1
P29,1,rav10_fea,rav10,fear,strong,H_vs_R@strong,en,en,1,right,0,0,1052,0,1,1
P29,1,rav08_ang,rav08,ang,normal,H_vs_E@normal,en,en,1,right,-1,-1,1093,0,1,1
P29,1,rav18_dis,rav18,dis,strong,H_vs_E@strong,en,en,1,left,1,-1,763,0,1,1
P29,1,rav12_fea_r2,rav12,fear,strong,H_vs_R@strong,en,en,1,left,-2,2,1252,0,1,1
P29,1,rav20_fea_r2,rav20,fear,strong,H_vs_R@strong,en,en,1,left,-1,1,2923,0,1,1
P29,1,rav04_hap,rav04,hap,normal,H_vs_E@normal,en,en,1,right,-2,-2,1205,0,1,1
P29,1,rav02_ang,rav02,ang,strong,H_vs_R@strong,en,en,1,left,0,0,713,0,1,1
P29,1,rav12_fea_r2,rav12,fear,normal,H_vs_E@normal,en,en,1,right,-1,-1,979,1,1,1
P29,1,rav08_ang,rav08,ang,strong,H_vs_E@strong,en,en,1,right,-1,-1,744,1,1,1
P29,1,rav24_dis,rav24,dis,normal,H_vs_E@normal,en,en,1,left,3,-3,847,0,1,1
P29,1,rav16_hap,rav16,hap,strong,H_vs_E@strong,en,en,1,right,1,1,527,0,1,1
P29,1,rav18_dis,rav18,dis,normal,H_vs_E@normal,en,en,1,left,2,-2,616,0,1,1
P29,1,rav08_ang,rav08,ang,strong,H_vs_R@strong,en,en,1,left,-2,2,552,1,1,1
P29,1,rav06_ang,rav06,ang,strong,H_vs_E@strong,en,en,1,left,0,0,496,1,1,1
P29,1,rav06_ang,rav06,ang,strong,H_vs_R@strong,en,en,1,right,-1,-1,1354,0,1,1
P29,1,rav20_fea_r2,rav20,fear,normal,H_vs_E@normal,en,en,1,right,2,2,646,0,1,1
P29,1,rav16_hap,rav16,hap,normal,H_vs_E@normal,en,en,1,right,0,0,809,0,1,1
P29,1,rav24_dis,rav24,dis,strong,H_vs_E@strong,en,en,1,left,1,-1,492,0,1,1
P29,1,rav04_hap,rav04,hap,strong,H_vs_R@strong,en,en,1,left,2,-2,411,0,1,1
P29,1,rav14_hap,rav14,hap,strong,H_vs_R@strong,en,en,1,right,-1,-1,827,0,1,1
P29,1,rav02_ang,rav02,ang,strong,H_vs_E@strong,en,en,1,right,0,0,661,0,1,1
P29,1,rav02_dis,rav02,dis,strong,H_vs_E@strong,en,en,1,left,2,-2,2034,0,1,1
P29,1,rav16_hap,rav16,hap,strong,H_vs_R@strong,en,en,1,left,0,0,1115,0,1,1
P29,1,rav20_fea_r2,rav20,fear,strong,mute:H_vs_E@strong,en,en,1,left,-3,3,2684,1,1,1
P29,1,rav18_dis,rav18,dis,strong,mute:H_vs_E@strong,en,en,1,right,3,3,1148,0,1,1
P29,1,rav04_hap,rav04,hap,strong,mute:H_vs_E@strong,en,en,1,right,3,3,1112,0,1,1
P29,1,rav16_hap,rav16,hap,strong,mute:H_vs_E@strong,en,en,1,left,-1,1,1374,0,1,1
P29,1,rav06_ang,rav06,ang,strong,mute:H_vs_E@strong,en,en,1,left,-3,3,1372,0,1,1
P29,1,rav10_fea,rav10,fear,strong,mute:H_vs_E@strong,en,en,1,right,2,2,2252,0,1,1
P29,2,cn_esd0002_short3_hap,,hap,cn,L_vs_E@cn,cn,en,0,left,-1,1,824,1,1,1
P29,2,jp_ang_short_sentence,,ang,jp,L_vs_Lrev@jp,jp,en,0,left,0,0,1231,0,1,1
P29,2,en_sad_short_sentence,,sad,en,L_vs_E@en,en,en,1,left,2,-2,1659,1,1,1
P29,2,cn_esd0002_short3_ang,,ang,cn,L_vs_E@cn,cn,en,0,right,1,1,854,0,1,1
P29,2,jp_hap_short_sentence,,hap,jp,L_vs_E@jp,jp,en,0,left,-1,1,1035,0,1,1
P29,2,en_sad_short_sentence,,sad,en,L_vs_Lrev@en,en,en,1,right,-1,-1,1126,0,1,1
P29,2,cn_esd0002_short3_hap,,hap,cn,L_vs_Lrev@cn,cn,en,0,right,0,0,528,0,1,1
P29,2,jp_sad_short_sentence,,sad,jp,L_vs_Lrev@jp,jp,en,0,left,2,-2,548,1,1,1
P29,2,en_hap_short_sentence,,hap,en,L_vs_E@en,en,en,1,right,0,0,1509,0,1,1
P29,2,cn_esd0002_short3_sad,,sad,cn,L_vs_E@cn,cn,en,0,right,0,0,763,0,1,1
P29,2,en_ang_short_sentence,,ang,en,L_vs_E@en,en,en,1,left,-1,1,942,0,1,1
P29,2,jp_hap_short_sentence,,hap,jp,L_vs_Lrev@jp,jp,en,0,right,0,0,856,0,1,1
P29,2,cn_esd0002_short3_sad,,sad,cn,L_vs_Lrev@cn,cn,en,0,left,2,-2,566,0,1,1
P29,2,jp_ang_short_sentence,,ang,jp,L_vs_E@jp,jp,en,0,right,0,0,1315,0,1,1
P29,2,en_hap_short_sentence,,hap,en,L_vs_Lrev@en,en,en,1,left,-1,1,848,0,1,1
P29,2,cn_esd0002_short3_ang,,ang,cn,L_vs_Lrev@cn,cn,en,0,left,0,0,825,0,1,1
P29,2,jp_sad_short_sentence,,sad,jp,L_vs_E@jp,jp,en,0,right,1,1,1025,0,1,1
P29,2,en_ang_short_sentence,,ang,en,L_vs_Lrev@en,en,en,1,right,0,0,847,0,1,1
P30,1,rav02_ang,rav02,ang,normal,H_vs_E@normal,en,en,1,left,-1,1,1414,2,1,1
P30,1,rav14_hap,rav14,hap,strong,H_vs_E@strong,en,en,1,right,0,0,1093,1,1,1
P30,1,rav02_dis,rav02,dis,strong,H_vs_R@strong,en,en,1,left,0,0,1631,1,1,1
P30,1,rav06_ang,rav06,ang,strong,H_vs_E@strong,en,en,1,right,-2,-2,863,1,1,1
P30,1,rav02_dis,rav02,dis,normal,H_vs_E@normal,en,en,1,right,0,0,1030,1,1,1
P30,1,rav20_fea_r2,rav20,fear,strong,H_vs_E@strong,en,en,1,left,-1,1,1142,3,1,1
P30,1,rav20_fea_r2,rav20,fear,strong,H_vs_R@strong,en,en,1,right,0,0,1193,1,1,1
P30,1,rav24_dis,rav24,dis,strong,H_vs_E@strong,en,en,1,right,0,0,2832,3,1,1
P30,1,rav02_dis,rav02,dis,strong,H_vs_E@strong,en,en,1,right,0,0,2347,5,1,1
P30,1,rav18_dis,rav18,dis,normal,H_vs_E@normal,en,en,1,right,1,1,2409,2,1,1
P30,1,rav12_fea_r2,rav12,fear,strong,H_vs_R@strong,en,en,1,right,1,1,777,4,1,1
P30,1,rav18_dis,rav18,dis,strong,H_vs_R@strong,en,en,1,left,2,-2,1699,3,1,1
P30,1,rav18_dis,rav18,dis,strong,H_vs_E@strong,en,en,1,right,2,2,724,1,1,1
P30,1,rav08_ang,rav08,ang,normal,H_vs_E@normal,en,en,1,left,0,0,687,4,1,1
P30,1,rav20_fea_r2,rav20,fear,normal,H_vs_E@normal,en,en,1,left,2,-2,1210,2,1,1
P30,1,rav02_ang,rav02,ang,strong,H_vs_E@strong,en,en,1,left,0,0,818,3,1,1
P30,1,rav16_hap,rav16,hap,strong,H_vs_R@strong,en,en,1,right,1,1,1286,2,1,1
P30,1,rav16_hap,rav16,hap,strong,H_vs_E@strong,en,en,1,left,0,0,1526,3,1,1
P30,1,rav24_dis,rav24,dis,strong,H_vs_R@strong,en,en,1,left,1,-1,1694,2,1,1
P30,1,rav10_fea,rav10,fear,normal,H_vs_E@normal,en,en,1,right,-1,-1,894,3,1,1
P30,1,rav04_hap,rav04,hap,strong,H_vs_R@strong,en,en,1,right,1,1,729,3,1,1
P30,1,rav16_hap,rav16,hap,normal,H_vs_E@normal,en,en,1,left,-1,1,1606,3,1,1
P30,1,rav10_fea,rav10,fear,strong,H_vs_E@strong,en,en,1,right,-2,-2,2097,0,1,1
P30,1,rav14_hap,rav14,hap,strong,H_vs_R@strong,en,en,1,left,0,0,1822,0,1,1
P30,1,rav06_ang,rav06,ang,strong,H_vs_R@strong,en,en,1,left,-1,1,1014,1,1,1
P30,1,rav12_fea_r2,rav12,fear,strong,H_vs_E@strong,en,en,1,left,-1,1,1255,1,1,1
P30,1,rav24_dis,rav24,dis,normal,H_vs_E@normal,en,en,1,right,-1,-1,1327,3,1,1
P30,1,rav04_hap,rav04,hap,normal,H_vs_E@normal,en,en,1,left,1,-1,1365,3,1,1
P30,1,rav02_ang,rav02,ang,strong,H_vs_R@strong,en,en,1,right,0,0,1091,1,1,1
P30,1,rav04_hap,rav04,hap,strong,H_vs_E@strong,en,en,1,left,-1,1,1014,3,1,1
P30,1,rav14_hap,rav14,hap,normal,H_vs_E@normal,en,en,1,right,0,0,1311,0,1,1
P30,1,rav10_fea,rav10,fear,strong,H_vs_R@strong,en,en,1,left,-1,1,1141,3,1,1
P30,1,rav08_ang,rav08,ang,strong,H_vs_E@strong,en,en,1,left,1,-1,2539,4,1,1
P30,1,rav12_fea_r2,rav12,fear,normal,H_vs_E@normal,en,en,1,left,-1,1,1044,2,1,1
P30,1,rav08_ang,rav08,ang,strong,H_vs_R@strong,en,en,1,right,0,0,1668,3,1,1
P30,1,rav06_ang,rav06,ang,normal,H_vs_E@normal,en,en,1,right,1,1,1199,2,1,1
P30,1,rav06_ang,rav06,ang,strong,mute:H_vs_E@strong,en,en,1,right,1,1,920,2,1,1
P30,1,rav18_dis,rav18,dis,strong,mute:H_vs_E@strong,en,en,1,left,-1,1,1152,2,1,1
P30,1,rav16_hap,rav16,hap,strong,mute:H_vs_E@strong,en,en,1,right,1,1,1016,1,1,1
P30,1,rav10_fea,rav10,fear,strong,mute:H_vs_E@strong,en,en,1,left,-1,1,1118,1,1,1
P30,1,rav20_fea_r2,rav20,fear,strong,mute:H_vs_E@strong,en,en,1,right,0,0,655,1,1,1
P30,1,rav04_hap,rav04,hap,strong,mute:H_vs_E@strong,en,en,1,left,-1,1,1034,2,1,1
P30,2,cn_esd0002_short3_ang,,ang,cn,L_vs_Lrev@cn,cn,en,0,right,0,0,705,3,1,1
P30,2,jp_hap_short_sentence,,hap,jp,L_vs_E@jp,jp,en,0,right,0,0,1307,2,1,1
P30,2,cn_esd0002_short3_sad,,sad,cn,L_vs_Lrev@cn,cn,en,0,right,-1,-1,2004,2,1,1
P30,2,en_hap_short_sentence,,hap,en,L_vs_E@en,en,en,1,left,0,0,1141,2,1,1
P30,2,jp_ang_short_sentence,,ang,jp,L_vs_Lrev@jp,jp,en,0,right,-1,-1,1559,4,1,1
P30,2,cn_esd0002_short3_sad,,sad,cn,L_vs_E@cn,cn,en,0,left,1,-1,2223,2,1,1
P30,2,en_ang_short_sentence,,ang,en,L_vs_Lrev@en,en,en,1,left,-1,1,901,3,1,1
P30,2,cn_esd0002_short3_hap,,hap,cn,L_vs_Lrev@cn,cn,en,0,left,0,0,791,3,1,1
P30,2,en_sad_short_sentence,,sad,en,L_vs_Lrev@en,en,en,1,left,0,0,1062,4,1,1
P30,2,cn_esd0002_short3_hap,,hap,cn,L_vs_E@cn,cn,en,0,right,1,1,887,3,1,1
P30,2,jp_sad_short_sentence,,sad,jp,L_vs_Lrev@jp,jp,en,0,right,1,1,993,3,1,1
P30,2,en_hap_short_sentence,,hap,en,L_vs_Lrev@en,en,en,1,right,0,0,1327,1,1,1
P30,2,jp_ang_short_sentence,,ang,jp,L_vs_E@jp,jp,en,0,left,-1,1,1838,3,1,1
P30,2,en_sad_short_sentence,,sad,en,L_vs_E@en,en,en,1,right,-1,-1,1039,4,1,1
P30,2,jp_hap_short_sentence,,hap,jp,L_vs_Lrev@jp,jp,en,0,left,0,0,854,2,1,1
P30,2,en_ang_short_sentence,,ang,en,L_vs_E@en,en,en,1,right,0,0,1002,3,1,1
P30,2,jp_sad_short_sentence,,sad,jp,L_vs_E@jp,jp,en,0,left,1,-1,877,1,1,1
P30,2,cn_esd0002_short3_ang,,ang,cn,L_vs_E@cn,cn,en,0,left,-2,2,1038,4,1,1
P31,1,rav06_ang,rav06,ang,normal,H_vs_E@normal,en,en,1,right,0,0,1192,0,1,1
P31,1,rav08_ang,rav08,ang,strong,H_vs_R@strong,en,en,1,right,1,1,3060,0,1,1
P31,1,rav20_fea_r2,rav20,fear,normal,H_vs_E@normal,en,en,1,left,0,0,1525,0,1,1
P31,1,rav16_hap,rav16,hap,strong,H_vs_R@strong,en,en,1,right,-1,-1,2276,0,1,1
P31,1,rav04_hap,rav04,hap,normal,H_vs_E@normal,en,en,1,left,2,-2,2059,0,1,1
P31,1,rav10_fea,rav10,fear,strong,H_vs_E@strong,en,en,1,right,1,1,658,0,1,1
P31,1,rav02_dis,rav02,dis,normal,H_vs_E@normal,en,en,1,right,1,1,1174,0,1,1
P31,1,rav10_fea,rav10,fear,strong,H_vs_R@strong,en,en,1,left,-1,1,1388,0,1,1
P31,1,rav02_ang,rav02,ang,strong,H_vs_E@strong,en,en,1,left,1,-1,1008,0,1,1
P31,1,rav04_hap,rav04,hap,strong,H_vs_R@strong,en,en,1,right,1,1,1560,0,1,1
P31,1,rav08_ang,rav08,ang,strong,H_vs_E@strong,en,en,1,left,-2,2,1408,0,1,1
P31,1,rav02_ang,rav02,ang,strong,H_vs_R@strong,en,en,1,right,0,0,787,0,1,1
P31,1,rav24_dis,rav24,dis,normal,H_vs_E@normal,en,en,1,right,-1,-1,1156,0,1,1
P31,1,rav18_dis,rav18,dis,normal,H_vs_E@normal,en,en,1,right,1,1,1723,0,1,1
P31,1,rav14_hap,rav14,hap,strong,H_vs_R@strong,en,en,1,left,0,0,773,0,1,1
P31,1,rav04_hap,rav04,hap,strong,H_vs_E@strong,en,en,1,left,-1,1,803,0,1,1
P31,1,rav10_fea,rav10,fear,normal,H_vs_E@normal,en,en,1,right,1,1,940,0,1,1
P31,1,rav14_hap,rav14,hap,strong,H_vs_E@strong,en,en,1,right,1,1,1075,0,1,1
P31,1,rav24_dis,rav24,dis,strong,H_vs_R@strong,en,en,1,left,-1,1,823,0,1,1
P31,1,rav06_ang,rav06,ang,strong,H_vs_E@strong,en,en,1,right,1,1,608,0,1,1
P31,1,rav06_ang,rav06,ang,strong,H_vs_R@strong,en,en,1,left,0,0,1242,0,1,1
P31,1,rav08_ang,rav08,ang,normal,H_vs_E@normal,en,en,1,left,-1,1,525,0,1,1
P31,1,rav24_dis,rav24,dis,strong,H_vs_E@strong,en,en,1,right,-1,-1,1606,0,1,1
P31,1,rav20_fea_r2,rav20,fear,strong,H_vs_R@strong,en,en,1,right,2,2,870,0,1,1
P31,1,rav12_fea_r2,rav12,fear,strong,H_vs_R@strong,en,en,1,right,-1,-1,571,0,1,1
P31,1,rav12_fea_r2,rav12,fear,normal,H_vs_E@normal,en,en,1,left,-2,2,505,0,1,1
P31,1,rav12_fea_r2,rav12,fear,strong,H_vs_E@strong,en,en,1,left,-2,2,423,0,1,1
P31,1,rav02_dis,rav02,dis,strong,H_vs_R@strong,en,en,1,left,1,-1,940,0,1,1
P31,1,rav14_hap,rav14,hap,normal,H_vs_E@normal,en,en,1,right,0,0,959,0,1,1
P31,1,rav16_hap,rav16,hap,strong,H_vs_E@strong,en,en,1,left,1,-1,6374,0,1,1
P31,1,rav02_dis,rav02,dis,strong,H_vs_E@strong,en,en,1,right,1,1,873,0,1,1
P31,1,rav16_hap,rav16,hap,normal,H_vs_E@normal,en,en,1,left,-1,1,856,0,1,1
P31,1,rav20_fea_r2,rav20,fear,strong,H_vs_E@strong,en,en,1,left,-2,2,755,0,1,1
P31,1,rav02_ang,rav02,ang,normal,H_vs_E@normal,en,en,1,left,-1,1,874,0,1,1
P31,1,rav18_dis,rav18,dis,strong,H_vs_R@strong,en,en,1,left,1,-1,942,0,1,1
P31,1,rav18_dis,rav18,dis,strong,H_vs_E@strong,en,en,1,right,1,1,508,0,1,1
P31,1,rav20_fea_r2,rav20,fear,strong,mute:H_vs_E@strong,en,en,1,right,2,2,6134,0,1,1
P31,1,rav04_hap,rav04,hap,strong,mute:H_vs_E@strong,en,en,1,left,-2,2,649,0,1,1
P31,1,rav06_ang,rav06,ang,strong,mute:H_vs_E@strong,en,en,1,right,1,1,1051,0,1,1
P31,1,rav18_dis,rav18,dis,strong,mute:H_vs_E@strong,en,en,1,left,-1,1,868,0,1,1
P31,1,rav10_fea,rav10,fear,strong,mute:H_vs_E@strong,en,en,1,left,-1,1,483,0,1,1
P31,1,rav16_hap,rav16,hap,strong,mute:H_vs_E@strong,en,en,1,right,1,1,717,0,1,1
P31,2,jp_hap_short_sentence,,hap,jp,L_vs_Lrev@jp,jp,en,0,left,-1,1,2817,0,1,1
P31,2,cn_esd0002_short3_ang,,ang,cn,L_vs_E@cn,cn,en,0,left,-1,1,721,0,1,1
P31,2,en_sad_short_sentence,,sad,en,L_vs_E@en,en,en,1,right,1,1,938,0,1,1
P31,2,cn_esd0002_short3_ang,,ang,cn,L_vs_Lrev@cn,cn,en,0,right,-1,-1,506,0,1,1
P31,2,en_sad_short_sentence,,sad,en,L_vs_Lrev@en,en,en,1,left,0,0,659,0,1,1
P31,2,jp_ang_short_sentence,,ang,jp,L_vs_Lrev@jp,jp,en,0,right,0,0,981,0,1,1
P31,2,cn_esd0002_short3_hap,,hap,cn,L_vs_E@cn,cn,en,0,right,1,1,475,0,1,1
P31,2,jp_sad_short_sentence,,sad,jp,L_vs_Lrev@jp,jp,en,0,right,0,0,939,0,1,1
P31,2,en_hap_short_sentence,,hap,en,L_vs_E@en,en,en,1,left,-1,1,651,0,1,1
P31,2,jp_sad_short_sentence,,sad,jp,L_vs_E@jp,jp,en,0,left,-1,1,437,0,1,1
P31,2,en_ang_short_sentence,,ang,en,L_vs_E@en,en,en,1,right,0,0,1176,0,1,1
P31,2,cn_esd0002_short3_sad,,sad,cn,L_vs_E@cn,cn,en,0,left,-1,1,791,0,1,1
P31,2,jp_ang_short_sentence,,ang,jp,L_vs_E@jp,jp,en,0,left,-1,1,1631,0,1,1
P31,2,cn_esd0002_short3_hap,,hap,cn,L_vs_Lrev@cn,cn,en,0,left,1,-1,325,0,1,1
P31,2,en_ang_short_sentence,,ang,en,L_vs_Lrev@en,en,en,1,left,0,0,1045,0,1,1
P31,2,jp_hap_short_sentence,,hap,jp,L_vs_E@jp,jp,en,0,right,1,1,1066,0,1,1
P31,2,cn_esd0002_short3_sad,,sad,cn,L_vs_Lrev@cn,cn,en,0,right,1,1,1275,0,1,1
P31,2,en_hap_short_sentence,,hap,en,L_vs_Lrev@en,en,en,1,right,1,1,917,0,1,1
P32,1,rav20_fea_r2,rav20,fear,strong,H_vs_E@strong,en,en,1,right,0,0,1157,0,1,1
P32,1,rav12_fea_r2,rav12,fear,strong,H_vs_R@strong,en,en,1,left,1,-1,1242,0,1,1
P32,1,rav04_hap,rav04,hap,strong,H_vs_E@strong,en,en,1,right,-1,-1,1320,0,1,1
P32,1,rav18_dis,rav18,dis,normal,H_vs_E@normal,en,en,1,left,2,-2,1442,0,1,1
P32,1,rav02_ang,rav02,ang,strong,H_vs_R@strong,en,en,1,left,0,0,933,0,1,1
P32,1,rav02_ang,rav02,ang,strong,H_vs_E@strong,en,en,1,right,0,0,1223,0,1,1
P32,1,rav02_dis,rav02,dis,strong,H_vs_R@strong,en,en,1,right,0,0,1637,0,1,1
P32,1,rav10_fea,rav10,fear,strong,H_vs_R@strong,en,en,1,right,1,1,723,0,1,1
P32,1,rav10_fea,rav10,fear,strong,H_vs_E@strong,en,en,1,left,1,-1,1270,0,1,1
P32,1,rav06_ang,rav06,ang,strong,H_vs_E@strong,en,en,1,left,-2,2,698,0,1,1
P32,1,rav08_ang,rav08,ang,normal,H_vs_E@normal,en,en,1,right,0,0,1783,0,1,1
P32,1,rav18_dis,rav18,dis,strong,H_vs_R@strong,en,en,1,right,1,1,812,0,1,1
P32,1,rav20_fea_r2,rav20,fear,normal,H_vs_E@normal,en,en,1,right,0,0,934,0,1,1
P32,1,rav10_fea,rav10,fear,normal,H_vs_E@normal,en,en,1,left,-1,1,1655,0,1,1
P32,1,rav14_hap,rav14,hap,strong,H_vs_E@strong,en,en,1,left,0,0,1324,0,1,1
P32,1,rav08_ang,rav08,ang,strong,H_vs_R@strong,en,en,1,left,-1,1,1060,0,1,1
P32,1,rav24_dis,rav24,dis,strong,H_vs_E@strong,en,en,1,left,2,-2,969,0,1,1
P32,1,rav02_ang,rav02,ang,normal,H_vs_E@normal,en,en,1,right,0,0,799,0,1,1
P32,1,rav04_hap,rav04,hap,strong,H_vs_R@strong,en,en,1,left,3,-3,1073,0,1,1
P32,1,rav18_dis,rav18,dis,strong,H_vs_E@strong,en,en,1,left,-1,1,1668,0,1,1
P32,1,rav14_hap,rav14,hap,strong,H_vs_R@strong,en,en,1,right,3,3,838,0,1,1
P32,1,rav02_dis,rav02,dis,normal,H_vs_E@normal,en,en,1,left,0,0,831,0,1,1
P32,1,rav24_dis,rav24,dis,strong,H_vs_R@strong,en,en,1,right,1,1,3090,0,1,1
P32,1,rav16_hap,rav16,hap,strong,H_vs_R@strong,en,en,1,left,-1,1,2790,0,1,1
P32,1,rav14_hap,rav14,hap,normal,H_vs_E@normal,en,en,1,left,1,-1,1022,0,1,1
P32,1,rav08_ang,rav08,ang,strong,H_vs_E@strong,en,en,1,right,-1,-1,1470,0,1,1
P32,1,rav16_hap,rav16,hap,normal,H_vs_E@normal,en,en,1,right,-2,-2,840,0,1,1
P32,1,rav12_fea_r2,rav12,fear,strong,H_vs_E@strong,en,en,1,right,-1,-1,1392,0,1,1
P32,1,rav06_ang,rav06,ang,normal,H_vs_E@normal,en,en,1,left,0,0,824,0,1,1
P32,1,rav06_ang,rav06,ang,strong,H_vs_R@strong,en,en,1,right,2,2,2032,0,1,1
P32,1,rav24_dis,rav24,dis,normal,H_vs_E@normal,en,en,1,left,0,0,1007,0,1,1
P32,1,rav02_dis,rav02,dis,strong,H_vs_E@strong,en,en,1,left,1,-1,836,0,1,1
P32,1,rav16_hap,rav16,hap,strong,H_vs_E@strong,en,en,1,right,-1,-1,930,0,1,1
P32,1,rav04_hap,rav04,hap,normal,H_vs_E@normal,en,en,1,right,-1,-1,4954,0,1,1
P32,1,rav12_fea_r2,rav12,fear,normal,H_vs_E@normal,en,en,1,right,2,2,580,0,1,1
P32,1,rav20_fea_r2,rav20,fear,strong,H_vs_R@strong,en,en,1,left,-2,2,612,0,1,1
P32,1,rav04_hap,rav04,hap,strong,mute:H_vs_E@strong,en,en,1,right,3,3,4692,0,1,1
P32,1,rav16_hap,rav16,hap,strong,mute:H_vs_E@strong,en,en,1,left,-2,2,3548,0,1,1
P32,1,rav18_dis,rav18,dis,strong,mute:H_vs_E@strong,en,en,1,right,2,2,1735,0,1,1
P32,1,rav06_ang,rav06,ang,strong,mute:H_vs_E@strong,en,en,1,left,0,0,2249,0,1,1
P32,1,rav10_fea,rav10,fear,strong,mute:H_vs_E@strong,en,en,1,right,1,1,1749,0,1,1
P32,1,rav20_fea_r2,rav20,fear,strong,mute:H_vs_E@strong,en,en,1,left,-1,1,1259,0,1,1
P32,2,cn_esd0002_short3_sad,,sad,cn,L_vs_Lrev@cn,cn,en,0,left,0,0,1291,0,1,1
P32,2,jp_ang_short_sentence,,ang,jp,L_vs_E@jp,jp,en,0,right,1,1,1302,0,1,1
P32,2,cn_esd0002_short3_hap,,hap,cn,L_vs_Lrev@cn,cn,en,0,right,-1,-1,1001,0,1,1
P32,2,jp_ang_short_sentence,,ang,jp,L_vs_Lrev@jp,jp,en,0,left,0,0,906,0,1,1
P32,2,en_sad_short_sentence,,sad,en,L_vs_E@en,en,en,1,left,1,-1,1154,0,1,1
P32,2,cn_esd0002_short3_hap,,hap,cn,L_vs_E@cn,cn,en,0,left,-2,2,648,0,1,1
P32,2,en_sad_short_sentence,,sad,en,L_vs_Lrev@en,en,en,1,right,-1,-1,1083,0,1,1
P32,2,cn_esd0002_short3_ang,,ang,cn,L_vs_E@cn,cn,en,0,right,1,1,728,0,1,1
P32,2,en_hap_short_sentence,,hap,en,L_vs_E@en,en,en,1,right,1,1,784,0,1,1
P32,2,cn_esd0002_short3_sad,,sad,cn,L_vs_E@cn,cn,en,0,right,0,0,1193,0,1,1
P32,2,jp_hap_short_sentence,,hap,jp,L_vs_E@jp,jp,en,0,left,-1,1,2051,0,1,1
P32,2,cn_esd0002_short3_ang,,ang,cn,L_vs_Lrev@cn,cn,en,0,left,1,-1,529,0,1,1
P32,2,jp_sad_short_sentence,,sad,jp,L_vs_Lrev@jp,jp,en,0,left,0,0,808,0,1,1
P32,2,en_hap_short_sentence,,hap,en,L_vs_Lrev@en,en,en,1,left,1,-1,758,0,1,1
P32,2,jp_sad_short_sentence,,sad,jp,L_vs_E@jp,jp,en,0,right,2,2,675,0,1,1
P32,2,en_ang_short_sentence,,ang,en,L_vs_E@en,en,en,1,left,1,-1,907,0,1,1
P32,2,jp_hap_short_sentence,,hap,jp,L_vs_Lrev@jp,jp,en,0,right,0,0,778,0,1,1
P32,2,en_ang_short_sentence,,ang,en,L_vs_Lrev@en,en,en,1,right,0,0,620,0,1,1
P33,1,rav18_dis,rav18,dis,strong,H_vs_R@strong,en,en,1,left,-1,1,5780,0,1,1
P33,1,rav08_ang,rav08,ang,strong,H_vs_R@strong,en,en,1,right,-1,-1,4618,0,1,1
P33,1,rav06_ang,rav06,ang,strong,H_vs_E@strong,en,en,1,right,2,2,1450,0,1,1
P33,1,rav10_fea,rav10,fear,strong,H_vs_E@strong,en,en,1,right,1,1,4453,0,1,1
P33,1,rav02_dis,rav02,dis,normal,H_vs_E@normal,en,en,1,right,0,0,3555,0,1,1
P33,1,rav12_fea_r2,rav12,fear,strong,H_vs_E@strong,en,en,1,left,1,-1,3875,0,1,1
P33,1,rav20_fea_r2,rav20,fear,normal,H_vs_E@normal,en,en,1,left,-1,1,6878,0,1,1
P33,1,rav24_dis,rav24,dis,strong,H_vs_E@strong,en,en,1,right,-1,-1,5729,0,1,1
P33,1,rav24_dis,rav24,dis,normal,H_vs_E@normal,en,en,1,right,1,1,6342,0,1,1
P33,1,rav04_hap,rav04,hap,strong,H_vs_R@strong,en,en,1,right,1,1,7148,0,1,1
P33,1,rav16_hap,rav16,hap,normal,H_vs_E@normal,en,en,1,left,1,-1,6716,1,1,1
P33,1,rav02_ang,rav02,ang,strong,H_vs_E@strong,en,en,1,left,-1,1,2109,1,1,1
P33,1,rav24_dis,rav24,dis,strong,H_vs_R@strong,en,en,1,left,1,-1,1373,1,1,1
P33,1,rav18_dis,rav18,dis,strong,H_vs_E@strong,en,en,1,right,1,1,2428,0,1,1
P33,1,rav02_dis,rav02,dis,strong,H_vs_R@strong,en,en,1,left,2,-2,2058,1,1,1
P33,1,rav02_ang,rav02,ang,normal,H_vs_E@normal,en,en,1,left,1,-1,2772,1,1,1
P33,1,rav02_ang,rav02,ang,strong,H_vs_R@strong,en,en,1,right,-2,-2,1091,1,1,1
P33,1,rav12_fea_r2,rav12,fear,strong,H_vs_R@strong,en,en,1,right,-3,-3,1511,1,1,1
P33,1,rav04_hap,rav04,hap,normal,H_vs_E@normal,en,en,1,left,1,-1,2707,0,1,1
P33,1,rav14_hap,rav14,hap,strong,H_vs_E@strong,en,en,1,right,-1,-1,4008,2,1,1
P33,1,rav02_dis,rav02,dis,strong,H_vs_E@strong,en,en,1,right,1,1,2054,1,1,1
P33,1,rav06_ang,rav06,ang,strong,H_vs_R@strong,en,en,1,left,-2,2,1301,1,1,1
P33,1,rav04_hap,rav04,hap,strong,H_vs_E@strong,en,en,1,left,1,-1,1720,1,1,1
P33,1,rav18_dis,rav18,dis,normal,H_vs_E@normal,en,en,1,right,-1,-1,1118,0,1,1
P33,1,rav10_fea,rav10,fear,strong,H_vs_R@strong,en,en,1,left,-1,1,1677,0,1,1
P33,1,rav20_fea_r2,rav20,fear,strong,H_vs_E@strong,en,en,1,left,-2,2,2062,1,1,1
P33,1,rav06_ang,rav06,ang,normal,H_vs_E@normal,en,en,1,right,-2,-2,2827,1,1,1
P33,1,rav08_ang,rav08,ang,normal,H_vs_E@normal,en,en,1,left,1,-1,1974,0,1,1
P33,1,rav12_fea_r2,rav12,fear,normal,H_vs_E@normal,en,en,1,left,-2,2,1762,0,1,1
P33,1,rav16_hap,rav16,hap,strong,H_vs_R@strong,en,en,1,right,0,0,1278,0,1,1
P33,1,rav10_fea,rav10,fear,normal,H_vs_E@normal,en,en,1,right,-2,-2,1132,1,1,1
P33,1,rav08_ang,rav08,ang,strong,H_vs_E@strong,en,en,1,left,2,-2,1900,1,1,1
P33,1,rav20_fea_r2,rav20,fear,strong,H_vs_R@strong,en,en,1,right,-1,-1,4095,1,1,1
P33,1,rav14_hap,rav14,hap,normal,H_vs_E@normal,en,en,1,right,2,2,2143,0,1,1
P33,1,rav14_hap,rav14,hap,strong,H_vs_R@strong,en,en,1,left,1,-1,2344,1,1,1
P33,1,rav16_hap,rav16,hap,strong,H_vs_E@strong,en,en,1,left,2,-2,930,1,1,1
P33,1,rav10_fea,rav10,fear,strong,mute:H_vs_E@strong,en,en,1,left,-1,1,2171,1,1,1
P33,1,rav16_hap,rav16,hap,strong,mute:H_vs_E@strong,en,en,1,right,2,2,839,0,1,1
P33,1,rav20_fea_r2,rav20,fear,strong,mute:H_vs_E@strong,en,en,1,right,2,2,3242,0,1,1
P33,1,rav06_ang,rav06,ang,strong,mute:H_vs_E@strong,en,en,1,right,2,2,2308,2,1,1
P33,1,rav18_dis,rav18,dis,strong,mute:H_vs_E@strong,en,en,1,left,-1,1,997,1,1,1
P33,1,rav04_hap,rav04,hap,strong,mute:H_vs_E@strong,en,en,1,left,-2,2,800,0,1,1
P33,2,jp_ang_short_sentence,,ang,jp,L_vs_Lrev@jp,jp,en,0,right,-1,-1,2348,2,1,1
P33,2,en_hap_short_sentence,,hap,en,L_vs_Lrev@en,en,en,1,right,1,1,1064,1,1,1
P33,2,cn_esd0002_short3_sad,,sad,cn,L_vs_E@cn,cn,en,0,left,1,-1,2802,0,1,1
P33,2,jp_hap_short_sentence,,hap,jp,L_vs_E@jp,jp,en,0,right,2,2,3348,1,1,1
P33,2,en_sad_short_sentence,,sad,en,L_vs_E@en,en,en,1,right,1,1,1137,1,1,1
P33,2,jp_ang_short_sentence,,ang,jp,L_vs_E@jp,jp,en,0,left,-1,1,1489,1,1,1
P33,2,cn_esd0002_short3_hap,,hap,cn,L_vs_E@cn,cn,en,0,right,2,2,1891,1,1,1
P33,2,en_ang_short_sentence,,ang,en,L_vs_Lrev@en,en,en,1,left,-2,2,1220,1,1,1
P33,2,jp_sad_short_sentence,,sad,jp,L_vs_E@jp,jp,en,0,left,2,-2,1039,1,1,1
P33,2,en_ang_short_sentence,,ang,en,L_vs_E@en,en,en,1,right,1,1,3637,0,1,1
P33,2,cn_esd0002_short3_sad,,sad,cn,L_vs_Lrev@cn,cn,en,0,right,-2,-2,916,1,1,1
P33,2,jp_hap_short_sentence,,hap,jp,L_vs_Lrev@jp,jp,en,0,left,1,-1,3160,1,1,1
P33,2,cn_esd0002_short3_ang,,ang,cn,L_vs_E@cn,cn,en,0,left,-1,1,1847,1,1,1
P33,2,jp_sad_short_sentence,,sad,jp,L_vs_Lrev@jp,jp,en,0,right,-1,-1,2013,1,1,1
P33,2,en_hap_short_sentence,,hap,en,L_vs_E@en,en,en,1,left,-1,1,4280,2,1,1
P33,2,cn_esd0002_short3_ang,,ang,cn,L_vs_Lrev@cn,cn,en,0,right,-1,-1,4292,2,1,1
P33,2,en_sad_short_sentence,,sad,en,L_vs_Lrev@en,en,en,1,left,2,-2,1530,1,1,1
P33,2,cn_esd0002_short3_hap,,hap,cn,L_vs_Lrev@cn,cn,en,0,left,2,-2,6837,1,1,1
P34,1,rav18_dis,rav18,dis,normal,H_vs_E@normal,en,en,1,right,-1,-1,4250,0,0,0
P34,1,rav08_ang,rav08,ang,strong,H_vs_E@strong,en,en,1,left,1,-1,2568,0,0,0
P34,1,rav20_fea_r2,rav20,fear,normal,H_vs_E@normal,en,en,1,left,0,0,999,1,0,0
P34,1,rav14_hap,rav14,hap,strong,H_vs_R@strong,en,en,1,left,0,0,1243,0,0,0
P34,1,rav14_hap,rav14,hap,strong,H_vs_E@strong,en,en,1,right,0,0,837,0,0,0
P34,1,rav16_hap,rav16,hap,normal,H_vs_E@normal,en,en,1,left,-1,1,1821,0,0,0
P34,1,rav24_dis,rav24,dis,strong,H_vs_R@strong,en,en,1,left,0,0,1922,0,0,0
P34,1,rav12_fea_r2,rav12,fear,strong,H_vs_R@strong,en,en,1,right,1,1,1396,0,0,0
P34,1,rav10_fea,rav10,fear,strong,H_vs_R@strong,en,en,1,left,0,0,1038,0,0,0
P34,1,rav14_hap,rav14,hap,normal,H_vs_E@normal,en,en,1,right,0,0,617,0,0,0
P34,1,rav02_ang,rav02,ang,strong,H_vs_R@strong,en,en,1,right,1,1,848,0,0,0
P34,1,rav24_dis,rav24,dis,normal,H_vs_E@normal,en,en,1,right,-1,-1,3308,0,0,0
P34,1,rav06_ang,rav06,ang,strong,H_vs_E@strong,en,en,1,right,0,0,1307,0,0,0
P34,1,rav06_ang,rav06,ang,normal,H_vs_E@normal,en,en,1,right,0,0,1520,1,0,0
P34,1,rav24_dis,rav24,dis,strong,H_vs_E@strong,en,en,1,right,0,0,1039,0,0,0
P34,1,rav12_fea_r2,rav12,fear,strong,H_vs_E@strong,en,en,1,left,1,-1,6261,0,0,0
P34,1,rav10_fea,rav10,fear,strong,H_vs_E@strong,en,en,1,right,0,0,5067,0,0,0
P34,1,rav06_ang,rav06,ang,strong,H_vs_R@strong,en,en,1,left,-2,2,1430,0,0,0
P34,1,rav02_dis,rav02,dis,normal,H_vs_E@normal,en,en,1,right,0,0,1763,0,0,0
P34,1,rav20_fea_r2,rav20,fear,strong,H_vs_R@strong,en,en,1,right,-2,-2,1548,0,0,0
P34,1,rav02_dis,rav02,dis,strong,H_vs_R@strong,en,en,1,left,2,-2,1222,0,0,0
P34,1,rav12_fea_r2,rav12,fear,normal,H_vs_E@normal,en,en,1,left,0,0,1030,0,0,0
P34,1,rav16_hap,rav16,hap,strong,H_vs_E@strong,en,en,1,left,-2,2,1609,1,0,0
P34,1,rav18_dis,rav18,dis,strong,H_vs_R@strong,en,en,1,left,0,0,959,0,0,0
P34,1,rav02_ang,rav02,ang,normal,H_vs_E@normal,en,en,1,left,0,0,2488,0,0,0
P34,1,rav08_ang,rav08,ang,strong,H_vs_R@strong,en,en,1,right,0,0,1843,0,0,0
P34,1,rav04_hap,rav04,hap,strong,H_vs_E@strong,en,en,1,left,-1,1,2563,1,0,0
P34,1,rav02_ang,rav02,ang,strong,H_vs_E@strong,en,en,1,left,-1,1,1393,0,0,0
P34,1,rav08_ang,rav08,ang,normal,H_vs_E@normal,en,en,1,left,-1,1,1653,1,0,0
P34,1,rav20_fea_r2,rav20,fear,strong,H_vs_E@strong,en,en,1,left,0,0,903,0,0,0
P34,1,rav02_dis,rav02,dis,strong,H_vs_E@strong,en,en,1,right,0,0,1387,0,0,0
P34,1,rav04_hap,rav04,hap,normal,H_vs_E@normal,en,en,1,left,0,0,1393,0,0,0
P34,1,rav16_hap,rav16,hap,strong,H_vs_R@strong,en,en,1,right,0,0,931,0,0,0
P34,1,rav10_fea,rav10,fear,normal,H_vs_E@normal,en,en,1,right,2,2,1306,0,0,0
P34,1,rav04_hap,rav04,hap,strong,H_vs_R@strong,en,en,1,right,0,0,1294,0,0,0
P34,1,rav18_dis,rav18,dis,strong,H_vs_E@strong,en,en,1,right,-2,-2,1014,0,0,0
P34,1,rav16_hap,rav16,hap,strong,mute:H_vs_E@strong,en,en,1,right,2,2,1185,1,0,0
P34,1,rav10_fea,rav10,fear,strong,mute:H_vs_E@strong,en,en,1,left,-1,1,2762,0,0,0
P34,1,rav04_hap,rav04,hap,strong,mute:H_vs_E@strong,en,en,1,left,-2,2,2850,0,0,0
P34,1,rav18_dis,rav18,dis,strong,mute:H_vs_E@strong,en,en,1,left,-2,2,897,0,0,0
P34,1,rav20_fea_r2,rav20,fear,strong,mute:H_vs_E@strong,en,en,1,right,1,1,1991,0,0,0
P34,1,rav06_ang,rav06,ang,strong,mute:H_vs_E@strong,en,en,1,right,1,1,829,0,0,0
P34,2,cn_esd0002_short3_hap,,hap,cn,L_vs_Lrev@cn,cn,en,0,left,0,0,4943,0,0,0
P34,2,jp_ang_short_sentence,,ang,jp,L_vs_E@jp,jp,en,0,left,-1,1,2471,0,0,0
P34,2,cn_esd0002_short3_sad,,sad,cn,L_vs_E@cn,cn,en,0,left,-3,3,1944,0,0,0
P34,2,en_hap_short_sentence,,hap,en,L_vs_Lrev@en,en,en,1,right,0,0,2538,1,0,0
P34,2,jp_sad_short_sentence,,sad,jp,L_vs_Lrev@jp,jp,en,0,right,0,0,1246,0,0,0
P34,2,en_ang_short_sentence,,ang,en,L_vs_Lrev@en,en,en,1,left,-1,1,3356,0,0,0
P34,2,cn_esd0002_short3_sad,,sad,cn,L_vs_Lrev@cn,cn,en,0,right,0,0,3784,0,0,0
P34,2,jp_hap_short_sentence,,hap,jp,L_vs_Lrev@jp,jp,en,0,left,0,0,1109,0,0,0
P34,2,en_sad_short_sentence,,sad,en,L_vs_Lrev@en,en,en,1,left,1,-1,1000,1,0,0
P34,2,cn_esd0002_short3_hap,,hap,cn,L_vs_E@cn,cn,en,0,right,0,0,1551,0,0,0
P34,2,en_ang_short_sentence,,ang,en,L_vs_E@en,en,en,1,right,-1,-1,1407,0,0,0
P34,2,jp_sad_short_sentence,,sad,jp,L_vs_E@jp,jp,en,0,left,2,-2,1254,0,0,0
P34,2,cn_esd0002_short3_ang,,ang,cn,L_vs_E@cn,cn,en,0,left,0,0,987,0,0,0
P34,2,en_hap_short_sentence,,hap,en,L_vs_E@en,en,en,1,left,2,-2,1079,1,0,0
P34,2,jp_ang_short_sentence,,ang,jp,L_vs_Lrev@jp,jp,en,0,right,-2,-2,1515,0,0,0
P34,2,en_sad_short_sentence,,sad,en,L_vs_E@en,en,en,1,right,1,1,2382,2,0,0
P34,2,cn_esd0002_short3_ang,,ang,cn,L_vs_Lrev@cn,cn,en,0,right,0,0,1167,0,0,0
P34,2,jp_hap_short_sentence,,hap,jp,L_vs_E@jp,jp,en,0,right,2,2,1037,1,0,0
P35,1,rav16_hap,rav16,hap,strong,H_vs_E@strong,en,en,1,right,1,1,3567,0,0,0
P35,1,rav02_dis,rav02,dis,normal,H_vs_E@normal,en,en,1,left,0,0,2864,0,0,0
P35,1,rav02_dis,rav02,dis,strong,H_vs_E@strong,en,en,1,left,-1,1,1646,0,0,0
P35,1,rav12_fea_r2,rav12,fear,strong,H_vs_R@strong,en,en,1,left,1,-1,1939,0,0,0
P35,1,rav24_dis,rav24,dis,strong,H_vs_E@strong,en,en,1,left,-2,2,1473,0,0,0
P35,1,rav18_dis,rav18,dis,normal,H_vs_E@normal,en,en,1,left,0,0,1682,0,0,0
P35,1,rav20_fea_r2,rav20,fear,strong,H_vs_R@strong,en,en,1,left,1,-1,1750,0,0,0
P35,1,rav08_ang,rav08,ang,normal,H_vs_E@normal,en,en,1,right,0,0,1437,0,0,0
P35,1,rav08_ang,rav08,ang,strong,H_vs_R@strong,en,en,1,left,1,-1,2605,0,0,0
P35,1,rav04_hap,rav04,hap,strong,H_vs_E@strong,en,en,1,right,2,2,1460,0,0,0
P35,1,rav14_hap,rav14,hap,normal,H_vs_E@normal,en,en,1,left,0,0,1862,0,0,0
P35,1,rav14_hap,rav14,hap,strong,H_vs_E@strong,en,en,1,left,-1,1,1463,0,0,0
P35,1,rav04_hap,rav04,hap,strong,H_vs_R@strong,en,en,1,left,1,-1,2600,0,0,0
P35,1,rav10_fea,rav10,fear,normal,H_vs_E@normal,en,en,1,left,-1,1,1634,0,0,0
P35,1,rav10_fea,rav10,fear,strong,H_vs_R@strong,en,en,1,right,0,0,1369,0,0,0
P35,1,rav02_ang,rav02,ang,strong,H_vs_E@strong,en,en,1,right,-1,-1,1778,0,0,0
P35,1,rav20_fea_r2,rav20,fear,normal,H_vs_E@normal,en,en,1,right,1,1,1514,0,0,0
P35,1,rav14_hap,rav14,hap,strong,H_vs_R@strong,en,en,1,right,0,0,1805,0,0,0
P35,1,rav08_ang,rav08,ang,strong,H_vs_E@strong,en,en,1,right,2,2,2630,0,0,0
P35,1,rav06_ang,rav06,ang,strong,H_vs_E@strong,en,en,1,left,0,0,1669,0,0,0
P35,1,rav12_fea_r2,rav12,fear,normal,H_vs_E@normal,en,en,1,right,2,2,1764,0,0,0
P35,1,rav02_dis,rav02,dis,strong,H_vs_R@strong,en,en,1,right,1,1,6714,0,0,0
P35,1,rav06_ang,rav06,ang,strong,H_vs_R@strong,en,en,1,right,0,0,10358,0,0,0
P35,1,rav02_ang,rav02,ang,normal,H_vs_E@normal,en,en,1,right,2,2,7361,0,0,0
P35,1,rav18_dis,rav18,dis,strong,H_vs_E@strong,en,en,1,left,0,0,2897,0,0,0
P35,1,rav16_hap,rav16,hap,normal,H_vs_E@normal,en,en,1,right,0,0,2108,0,0,0
P35,1,rav12_fea_r2,rav12,fear,strong,H_vs_E@strong,en,en,1,right,-1,-1,2132,0,0,0
P35,1,rav16_hap,rav16,hap,strong,H_vs_R@strong,en,en,1,left,-1,1,2672,0,0,0
P35,1,rav04_hap,rav04,hap,normal,H_vs_E@normal,en,en,1,right,1,1,2023,0,0,0
P35,1,rav20_fea_r2,rav20,fear,strong,H_vs_E@strong,en,en,1,right,1,1,1219,0,0,0
P35,1,rav18_dis,rav18,dis,strong,H_vs_R@strong,en,en,1,right,0,0,2031,0,0,0
P35,1,rav24_dis,rav24,dis,strong,H_vs_R@strong,en,en,1,right,1,1,1649,0,0,0
P35,1,rav10_fea,rav10,fear,strong,H_vs_E@strong,en,en,1,left,1,-1,1399,0,0,0
P35,1,rav02_ang,rav02,ang,strong,H_vs_R@strong,en,en,1,left,1,-1,1270,0,0,0
P35,1,rav24_dis,rav24,dis,normal,H_vs_E@normal,en,en,1,left,2,-2,1986,0,0,0
P35,1,rav06_ang,rav06,ang,normal,H_vs_E@normal,en,en,1,left,0,0,1659,0,0,0
P35,1,rav04_hap,rav04,hap,strong,mute:H_vs_E@strong,en,en,1,right,0,0,1859,0,0,0
P35,1,rav16_hap,rav16,hap,strong,mute:H_vs_E@strong,en,en,1,left,0,0,9169,0,0,0
P35,1,rav10_fea,rav10,fear,strong,mute:H_vs_E@strong,en,en,1,right,-1,-1,1478,0,0,0
P35,1,rav06_ang,rav06,ang,strong,mute:H_vs_E@strong,en,en,1,left,1,-1,1859,0,0,0
P35,1,rav18_dis,rav18,dis,strong,mute:H_vs_E@strong,en,en,1,right,1,1,1516,0,0,0
P35,1,rav20_fea_r2,rav20,fear,strong,mute:H_vs_E@strong,en,en,1,left,-1,1,2235,0,0,0
P35,2,cn_esd0002_short3_sad,,sad,cn,L_vs_Lrev@cn,cn,en,0,left,1,-1,2048,0,0,0
P35,2,en_ang_short_sentence,,ang,en,L_vs_E@en,en,en,1,left,0,0,2032,0,0,0
P35,2,jp_sad_short_sentence,,sad,jp,L_vs_E@jp,jp,en,0,right,2,2,2388,0,0,0
P35,2,en_hap_short_sentence,,hap,en,L_vs_E@en,en,en,1,right,-1,-1,3161,0,0,0
P35,2,jp_sad_short_sentence,,sad,jp,L_vs_Lrev@jp,jp,en,0,left,0,0,1794,0,0,0
P35,2,cn_esd0002_short3_ang,,ang,cn,L_vs_E@cn,cn,en,0,right,2,2,2112,0,0,0
P35,2,en_hap_short_sentence,,hap,en,L_vs_Lrev@en,en,en,1,left,0,0,1587,0,0,0
P35,2,jp_ang_short_sentence,,ang,jp,L_vs_E@jp,jp,en,0,right,1,1,1320,0,0,0
P35,2,en_sad_short_sentence,,sad,en,L_vs_Lrev@en,en,en,1,right,0,0,1412,0,0,0
P35,2,cn_esd0002_short3_hap,,hap,cn,L_vs_E@cn,cn,en,0,left,2,-2,2094,0,0,0
P35,2,en_sad_short_sentence,,sad,en,L_vs_E@en,en,en,1,left,1,-1,1458,0,0,0
P35,2,cn_esd0002_short3_hap,,hap,cn,L_vs_Lrev@cn,cn,en,0,right,0,0,979,0,0,0
P35,2,jp_ang_short_sentence,,ang,jp,L_vs_Lrev@jp,jp,en,0,left,2,-2,2055,0,0,0
P35,2,cn_esd0002_short3_sad,,sad,cn,L_vs_E@cn,cn,en,0,right,1,1,1641,0,0,0
P35,2,en_ang_short_sentence,,ang,en,L_vs_Lrev@en,en,en,1,right,-1,-1,1366,0,0,0
P35,2,jp_hap_short_sentence,,hap,jp,L_vs_Lrev@jp,jp,en,0,right,1,1,1310,0,0,0
P35,2,cn_esd0002_short3_ang,,ang,cn,L_vs_Lrev@cn,cn,en,0,left,1,-1,2361,0,0,0
P35,2,jp_hap_short_sentence,,hap,jp,L_vs_E@jp,jp,en,0,left,1,-1,1231,0,0,0
P36,1,rav12_fea_r2,rav12,fear,strong,H_vs_E@strong,en,en,1,right,1,1,1616,0,1,1
P36,1,rav10_fea,rav10,fear,strong,H_vs_R@strong,en,en,1,right,-1,-1,893,0,1,1
P36,1,rav10_fea,rav10,fear,normal,H_vs_E@normal,en,en,1,left,0,0,669,0,1,1
P36,1,rav14_hap,rav14,hap,strong,H_vs_R@strong,en,en,1,right,1,1,1476,0,1,1
P36,1,rav04_hap,rav04,hap,strong,H_vs_E@strong,en,en,1,right,1,1,783,0,1,1
P36,1,rav16_hap,rav16,hap,strong,H_vs_R@strong,en,en,1,left,-1,1,1880,0,1,1
P36,1,rav10_fea,rav10,fear,strong,H_vs_E@strong,en,en,1,left,1,-1,1494,0,1,1
P36,1,rav06_ang,rav06,ang,strong,H_vs_R@strong,en,en,1,right,-2,-2,585,0,1,1
P36,1,rav24_dis,rav24,dis,strong,H_vs_E@strong,en,en,1,left,2,-2,537,0,1,1
P36,1,rav04_hap,rav04,hap,strong,H_vs_R@strong,en,en,1,left,2,-2,970,0,1,1
P36,1,rav16_hap,rav16,hap,strong,H_vs_E@strong,en,en,1,right,1,1,493,0,1,1
P36,1,rav14_hap,rav14,hap,normal,H_vs_E@normal,en,en,1,left,-2,2,852,0,1,1
P36,1,rav02_dis,rav02,dis,strong,H_vs_R@strong,en,en,1,right,-1,-1,571,0,1,1
P36,1,rav04_hap,rav04,hap,normal,H_vs_E@normal,en,en,1,right,1,1,823,0,1,1
P36,1,rav06_ang,rav06,ang,strong,H_vs_E@strong,en,en,1,left,-1,1,993,0,1,1
P36,1,rav20_fea_r2,rav20,fear,strong,H_vs_R@strong,en,en,1,left,0,0,473,0,1,1
P36,1,rav02_dis,rav02,dis,strong,H_vs_E@strong,en,en,1,left,0,0,482,0,1,1
P36,1,rav02_ang,rav02,ang,normal,H_vs_E@normal,en,en,1,right,0,0,399,0,1,1
P36,1,rav02_dis,rav02,dis,normal,H_vs_E@normal,en,en,1,left,-1,1,653,0,1,1
P36,1,rav18_dis,rav18,dis,normal,H_vs_E@normal,en,en,1,left,-1,1,435,0,1,1
P36,1,rav14_hap,rav14,hap,strong,H_vs_E@strong,en,en,1,left,-2,2,591,0,1,1
P36,1,rav02_ang,rav02,ang,strong,H_vs_R@strong,en,en,1,left,1,-1,2241,0,1,1
P36,1,rav24_dis,rav24,dis,strong,H_vs_R@strong,en,en,1,right,1,1,438,0,1,1
P36,1,rav12_fea_r2,rav12,fear,strong,H_vs_R@strong,en,en,1,left,1,-1,692,0,1,1
P36,1,rav24_dis,rav24,dis,normal,H_vs_E@normal,en,en,1,left,1,-1,1417,0,1,1
P36,1,rav20_fea_r2,rav20,fear,strong,H_vs_E@strong,en,en,1,right,0,0,685,0,1,1
P36,1,rav06_ang,rav06,ang,normal,H_vs_E@normal,en,en,1,left,-2,2,819,0,1,1
P36,1,rav02_ang,rav02,ang,strong,H_vs_E@strong,en,en,1,right,1,1,670,0,1,1
P36,1,rav08_ang,rav08,ang,normal,H_vs_E@normal,en,en,1,right,1,1,626,0,1,1
P36,1,rav08_ang,rav08,ang,strong,H_vs_E@strong,en,en,1,right,-1,-1,590,0,1,1
P36,1,rav12_fea_r2,rav12,fear,normal,H_vs_E@normal,en,en,1,right,1,1,536,0,1,1
P36,1,rav08_ang,rav08,ang,strong,H_vs_R@strong,en,en,1,left,-1,1,643,0,1,1
P36,1,rav20_fea_r2,rav20,fear,normal,H_vs_E@normal,en,en,1,right,0,0,437,0,1,1
P36,1,rav18_dis,rav18,dis,strong,H_vs_E@strong,en,en,1,left,-2,2,590,0,1,1
P36,1,rav18_dis,rav18,dis,strong,H_vs_R@strong,en,en,1,right,2,2,663,0,1,1
P36,1,rav16_hap,rav16,hap,normal,H_vs_E@normal,en,en,1,right,1,1,542,0,1,1
P36,1,rav18_dis,rav18,dis,strong,mute:H_vs_E@strong,en,en,1,right,1,1,1624,0,1,1
P36,1,rav10_fea,rav10,fear,strong,mute:H_vs_E@strong,en,en,1,right,1,1,462,0,1,1
P36,1,rav06_ang,rav06,ang,strong,mute:H_vs_E@strong,en,en,1,left,-2,2,459,0,1,1
P36,1,rav04_hap,rav04,hap,strong,mute:H_vs_E@strong,en,en,1,right,3,3,853,0,1,1
P36,1,rav20_fea_r2,rav20,fear,strong,mute:H_vs_E@strong,en,en,1,left,-1,1,1237,0,1,1
P36,1,rav16_hap,rav16,hap,strong,mute:H_vs_E@strong,en,en,1,left,-1,1,520,0,1,1
P36,2,jp_hap_short_sentence,,hap,jp,L_vs_E@jp,jp,en,0,left,1,-1,6426,0,1,1
P36,2,en_ang_short_sentence,,ang,en,L_vs_E@en,en,en,1,left,-1,1,812,0,1,1
P36,2,jp_hap_short_sentence,,hap,jp,L_vs_Lrev@jp,jp,en,0,right,1,1,907,0,1,1
P36,2,cn_esd0002_short3_ang,,ang,cn,L_vs_E@cn,cn,en,0,right,-2,-2,786,0,1,1
P36,2,en_hap_short_sentence,,hap,en,L_vs_Lrev@en,en,en,1,left,-1,1,969,0,1,1
P36,2,jp_sad_short_sentence,,sad,jp,L_vs_E@jp,jp,en,0,right,1,1,636,0,1,1
P36,2,cn_esd0002_short3_ang,,ang,cn,L_vs_Lrev@cn,cn,en,0,left,0,0,428,0,1,1
P36,2,jp_sad_short_sentence,,sad,jp,L_vs_Lrev@jp,jp,en,0,left,-1,1,681,0,1,1
P36,2,cn_esd0002_short3_hap,,hap,cn,L_vs_E@cn,cn,en,0,left,0,0,598,0,1,1
P36,2,jp_ang_short_sentence,,ang,jp,L_vs_E@jp,jp,en,0,right,1,1,564,0,1,1
P36,2,en_hap_short_sentence,,hap,en,L_vs_E@en,en,en,1,right,1,1,659,0,1,1
P36,2,cn_esd0002_short3_sad,,sad,cn,L_vs_E@cn,cn,en,0,right,0,0,535,0,1,1
P36,2,en_ang_short_sentence,,ang,en,L_vs_Lrev@en,en,en,1,right,0,0,660,0,1,1
P36,2,cn_esd0002_short3_sad,,sad,cn,L_vs_Lrev@cn,cn,en,0,left,1,-1,653,0,1,1
P36,2,jp_ang_short_sentence,,ang,jp,L_vs_Lrev@jp,jp,en,0,left,-1,1,740,0,1,1
P36,2,en_sad_short_sentence,,sad,en,L_vs_E@en,en,en,1,left,0,0,426,0,1,1
P36,2,cn_esd0002_short3_hap,,hap,cn,L_vs_Lrev@cn,cn,en,0,right,-1,-1,688,0,1,1
P36,2,en_sad_short_sentence,,sad,en,L_vs_Lrev@en,en,en,1,right,0,0,583,0,1,1
P37,1,rav20_fea_r2,rav20,fear,strong,H_vs_R@strong,en,jp,0,left,2,-2,1692,0,1,1
P37,1,rav06_ang,rav06,ang,strong,H_vs_E@strong,en,jp,0,left,-2,2,1275,0,1,1
P37,1,rav10_fea,rav10,fear,normal,H_vs_E@normal,en,jp,0,left,0,0,3071,0,1,1
P37,1,rav12_fea_r2,rav12,fear,normal,H_vs_E@normal,en,jp,0,right,1,1,2103,0,1,1
P37,1,rav02_dis,rav02,dis,strong,H_vs_R@strong,en,jp,0,right,-1,-1,4504,0,1,1
P37,1,rav08_ang,rav08,ang,normal,H_vs_E@normal,en,jp,0,right,0,0,1859,0,1,1
P37,1,rav10_fea,rav10,fear,strong,H_vs_R@strong,en,jp,0,right,1,1,3784,4,1,1
P37,1,rav04_hap,rav04,hap,normal,H_vs_E@normal,en,jp,0,right,2,2,938,1,1,1
P37,1,rav02_ang,rav02,ang,strong,H_vs_E@strong,en,jp,0,right,1,1,1854,0,1,1
P37,1,rav06_ang,rav06,ang,normal,H_vs_E@normal,en,jp,0,left,2,-2,2646,0,1,1
P37,1,rav02_dis,rav02,dis,normal,H_vs_E@normal,en,jp,0,left,0,0,693,0,1,1
P37,1,rav16_hap,rav16,hap,strong,H_vs_E@strong,en,jp,0,right,2,2,1619,0,1,1
P37,1,rav16_hap,rav16,hap,normal,H_vs_E@normal,en,jp,0,right,2,2,2980,0,1,1
P37,1,rav24_dis,rav24,dis,normal,H_vs_E@normal,en,jp,0,left,2,-2,1424,2,1,1
P37,1,rav12_fea_r2,rav12,fear,strong,H_vs_R@strong,en,jp,0,left,-1,1,1588,2,1,1
P37,1,rav16_hap,rav16,hap,strong,H_vs_R@strong,en,jp,0,left,2,-2,734,0,1,1
P37,1,rav20_fea_r2,rav20,fear,normal,H_vs_E@normal,en,jp,0,right,0,0,858,1,1,1
P37,1,rav02_dis,rav02,dis,strong,H_vs_E@strong,en,jp,0,left,1,-1,1265,1,1,1
P37,1,rav06_ang,rav06,ang,strong,H_vs_R@strong,en,jp,0,right,2,2,1101,1,1,1
P37,1,rav12_fea_r2,rav12,fear,strong,H_vs_E@strong,en,jp,0,right,2,2,1200,1,1,1
P37,1,rav14_hap,rav14,hap,strong,H_vs_R@strong,en,jp,0,right,0,0,983,5,1,1
P37,1,rav04_hap,rav04,hap,strong,H_vs_E@strong,en,jp,0,right,-2,-2,7249,2,1,1
P37,1,rav18_dis,rav18,dis,normal,H_vs_E@normal,en,jp,0,left,-1,1,1025,3,1,1
P37,1,rav20_fea_r2,rav20,fear,strong,H_vs_E@strong,en,jp,0,right,0,0,1118,1,1,1
P37,1,rav18_dis,rav18,dis,strong,H_vs_E@strong,en,jp,0,left,-1,1,2569,2,1,1
P37,1,rav04_hap,rav04,hap,strong,H_vs_R@strong,en,jp,0,left,0,0,1377,0,1,1
P37,1,rav10_fea,rav10,fear,strong,H_vs_E@strong,en,jp,0,left,0,0,1829,3,1,1
P37,1,rav08_ang,rav08,ang,strong,H_vs_R@strong,en,jp,0,left,2,-2,1823,1,1,1
P37,1,rav02_ang,rav02,ang,strong,H_vs_R@strong,en,jp,0,left,2,-2,1168,1,1,1
P37,1,rav24_dis,rav24,dis,strong,H_vs_E@strong,en,jp,0,left,0,0,3244,0,1,1
P37,1,rav14_hap,rav14,hap,strong,H_vs_E@strong,en,jp,0,left,0,0,1619,0,1,1
P37,1,rav14_hap,rav14,hap,normal,H_vs_E@normal,en,jp,0,left,0,0,934,0,1,1
P37,1,rav18_dis,rav18,dis,strong,H_vs_R@strong,en,jp,0,right,0,0,1563,1,1,1
P37,1,rav08_ang,rav08,ang,strong,H_vs_E@strong,en,jp,0,right,2,2,643,1,1,1
P37,1,rav02_ang,rav02,ang,normal,H_vs_E@normal,en,jp,0,right,0,0,696,1,1,1
P37,1,rav24_dis,rav24,dis,strong,H_vs_R@strong,en,jp,0,right,0,0,1100,1,1,1
P37,1,rav10_fea,rav10,fear,strong,mute:H_vs_E@strong,en,jp,0,right,2,2,557,2,1,1
P37,1,rav16_hap,rav16,hap,strong,mute:H_vs_E@strong,en,jp,0,left,-2,2,1016,0,1,1
P37,1,rav20_fea_r2,rav20,fear,strong,mute:H_vs_E@strong,en,jp,0,left,0,0,915,1,1,1
P37,1,rav06_ang,rav06,ang,strong,mute:H_vs_E@strong,en,jp,0,left,0,0,1000,3,1,1
P37,1,rav18_dis,rav18,dis,strong,mute:H_vs_E@strong,en,jp,0,right,-1,-1,6086,4,1,1
P37,1,rav04_hap,rav04,hap,strong,mute:H_vs_E@strong,en,jp,0,right,0,0,5062,1,1,1
P37,2,cn_esd0002_short3_hap,,hap,cn,L_vs_E@cn,cn,jp,0,left,2,-2,1098,3,1,1
P37,2,jp_ang_short_sentence,,ang,jp,L_vs_Lrev@jp,jp,jp,1,left,0,0,964,3,1,1
P37,2,en_sad_short_sentence,,sad,en,L_vs_E@en,en,jp,0,left,2,-2,1442,3,1,1
P37,2,jp_ang_short_sentence,,ang,jp,L_vs_E@jp,jp,jp,1,right,2,2,1398,2,1,1
P37,2,en_hap_short_sentence,,hap,en,L_vs_Lrev@en,en,jp,0,left,0,0,900,3,1,1
P37,2,cn_esd0002_short3_ang,,ang,cn,L_vs_Lrev@cn,cn,jp,0,left,0,0,1905,2,1,1
P37,2,jp_hap_short_sentence,,hap,jp,L_vs_Lrev@jp,jp,jp,1,right,0,0,2316,2,1,1
P37,2,cn_esd0002_short3_sad,,sad,cn,L_vs_E@cn,cn,jp,0,right,-1,-1,1216,2,1,1
P37,2,jp_hap_short_sentence,,hap,jp,L_vs_E@jp,jp,jp,1,left,2,-2,2244,2,1,1
P37,2,cn_esd0002_short3_ang,,ang,cn,L_vs_E@cn,cn,jp,0,right,-1,-1,4710,1,1,1
P37,2,jp_sad_short_sentence,,sad,jp,L_vs_Lrev@jp,jp,jp,1,left,-1,1,1281,1,1,1
P37,2,en_ang_short_sentence,,ang,en,L_vs_E@en,en,jp,0,left,0,0,1799,5,1,1
P37,2,jp_sad_short_sentence,,sad,jp,L_vs_E@jp,jp,jp,1,right,1,1,977,1,1,1
P37,2,en_hap_short_sentence,,hap,en,L_vs_E@en,en,jp,0,right,-1,-1,2292,1,1,1
P37,2,cn_esd0002_short3_sad,,sad,cn,L_vs_Lrev@cn,cn,jp,0,left,-2,2,1409,1,1,1
P37,2,en_ang_short_sentence,,ang,en,L_vs_Lrev@en,en,jp,0,right,0,0,1808,4,1,1
P37,2,cn_esd0002_short3_hap,,hap,cn,L_vs_Lrev@cn,cn,jp,0,right,0,0,935,3,1,1
P37,2,en_sad_short_sentence,,sad,en,L_vs_Lrev@en,en,jp,0,right,1,1,1316,5,1,1
P38,1,rav02_dis,rav02,dis,strong,H_vs_R@strong,en,jp,0,left,-1,1,1355,2,1,1
P38,1,rav16_hap,rav16,hap,normal,H_vs_E@normal,en,jp,0,left,2,-2,1108,0,1,1
P38,1,rav08_ang,rav08,ang,strong,H_vs_E@strong,en,jp,0,left,-1,1,1023,1,1,1
P38,1,rav10_fea,rav10,fear,normal,H_vs_E@normal,en,jp,0,right,1,1,1113,1,1,1
P38,1,rav12_fea_r2,rav12,fear,strong,H_vs_E@strong,en,jp,0,left,-2,2,1390,0,1,1
P38,1,rav02_ang,rav02,ang,normal,H_vs_E@normal,en,jp,0,left,-1,1,2343,2,1,1
P38,1,rav20_fea_r2,rav20,fear,strong,H_vs_E@strong,en,jp,0,left,-2,2,5898,0,1,1
P38,1,rav02_ang,rav02,ang,strong,H_vs_E@strong,en,jp,0,left,-1,1,4063,0,1,1
P38,1,rav08_ang,rav08,ang,strong,H_vs_R@strong,en,jp,0,right,-1,-1,1120,1,1,1
P38,1,rav02_dis,rav02,dis,normal,H_vs_E@normal,en,jp,0,right,0,0,1852,0,1,1
P38,1,rav16_hap,rav16,hap,strong,H_vs_E@strong,en,jp,0,left,-1,1,1245,1,1,1
P38,1,rav14_hap,rav14,hap,strong,H_vs_R@strong,en,jp,0,left,-1,1,916,0,1,1
P38,1,rav20_fea_r2,rav20,fear,strong,H_vs_R@strong,en,jp,0,right,-1,-1,1007,1,1,1
P38,1,rav06_ang,rav06,ang,strong,H_vs_E@strong,en,jp,0,right,-2,-2,1186,0,1,1
P38,1,rav16_hap,rav16,hap,strong,H_vs_R@strong,en,jp,0,right,1,1,990,0,1,1
P38,1,rav08_ang,rav08,ang,normal,H_vs_E@normal,en,jp,0,left,1,-1,812,2,1,1
P38,1,rav18_dis,rav18,dis,strong,H_vs_R@strong,en,jp,0,left,-1,1,1148,1,1,1
P38,1,rav06_ang,rav06,ang,normal,H_vs_E@normal,en,jp,0,right,0,0,916,1,1,1
P38,1,rav02_dis,rav02,dis,strong,H_vs_E@strong,en,jp,0,right,1,1,1152,0,1,1
P38,1,rav12_fea_r2,rav12,fear,normal,H_vs_E@normal,en,jp,0,left,2,-2,943,1,1,1
P38,1,rav24_dis,rav24,dis,strong,H_vs_R@strong,en,jp,0,left,-2,2,950,1,1,1
P38,1,rav24_dis,rav24,dis,normal,H_vs_E@normal,en,jp,0,right,0,0,1352,0,1,1
P38,1,rav14_hap,rav14,hap,strong,H_vs_E@strong,en,jp,0,right,1,1,983,0,1,1
P38,1,rav14_hap,rav14,hap,normal,H_vs_E@normal,en,jp,0,right,1,1,1051,1,1,1
P38,1,rav24_dis,rav24,dis,strong,H_vs_E@strong,en,jp,0,right,-1,-1,1402,0,1,1
P38,1,rav18_dis,rav18,dis,normal,H_vs_E@normal,en,jp,0,right,1,1,1151,0,1,1
P38,1,rav04_hap,rav04,hap,strong,H_vs_E@strong,en,jp,0,left,-1,1,1043,1,1,1
P38,1,rav20_fea_r2,rav20,fear,normal,H_vs_E@normal,en,jp,0,left,-1,1,1241,1,1,1
P38,1,rav04_hap,rav04,hap,normal,H_vs_E@normal,en,jp,0,left,1,-1,1282,0,1,1
P38,1,rav02_ang,rav02,ang,strong,H_vs_R@strong,en,jp,0,right,-1,-1,940,0,1,1
P38,1,rav12_fea_r2,rav12,fear,strong,H_vs_R@strong,en,jp,0,right,2,2,2908,0,1,1
P38,1,rav10_fea,rav10,fear,strong,H_vs_E@strong,en,jp,0,right,1,1,1024,0,1,1
P38,1,rav04_hap,rav04,hap,strong,H_vs_R@strong,en,jp,0,right,2,2,1130,0,1,1
P38,1,rav18_dis,rav18,dis,strong,H_vs_E@strong,en,jp,0,right,-1,-1,1793,1,1,1
P38,1,rav06_ang,rav06,ang,strong,H_vs_R@strong,en,jp,0,left,-1,1,3548,0,1,1
P38,1,rav10_fea,rav10,fear,strong,H_vs_R@strong,en,jp,0,left,-1,1,1153,1,1,1
P38,1,rav10_fea,rav10,fear,strong,mute:H_vs_E@strong,en,jp,0,left,-1,1,1739,1,1,1
P38,1,rav06_ang,rav06,ang,strong,mute:H_vs_E@strong,en,jp,0,right,1,1,1127,0,1,1
P38,1,rav20_fea_r2,rav20,fear,strong,mute:H_vs_E@strong,en,jp,0,right,1,1,1085,1,1,1
P38,1,rav04_hap,rav04,hap,strong,mute:H_vs_E@strong,en,jp,0,left,-2,2,1082,0,1,1
P38,1,rav18_dis,rav18,dis,strong,mute:H_vs_E@strong,en,jp,0,left,0,0,966,0,1,1
P38,1,rav16_hap,rav16,hap,strong,mute:H_vs_E@strong,en,jp,0,right,2,2,792,0,1,1
P38,2,jp_ang_short_sentence,,ang,jp,L_vs_E@jp,jp,jp,1,left,1,-1,1248,2,1,1
P38,2,en_hap_short_sentence,,hap,en,L_vs_Lrev@en,en,jp,0,right,-1,-1,1275,1,1,1
P38,2,cn_esd0002_short3_ang,,ang,cn,L_vs_Lrev@cn,cn,jp,0,right,-1,-1,2098,2,1,1
P38,2,en_sad_short_sentence,,sad,en,L_vs_E@en,en,jp,0,right,-1,-1,931,1,1,1
P38,2,cn_esd0002_short3_hap,,hap,cn,L_vs_Lrev@cn,cn,jp,0,left,-1,1,871,0,1,1
P38,2,en_ang_short_sentence,,ang,en,L_vs_E@en,en,jp,0,right,-2,-2,1159,0,1,1
P38,2,jp_sad_short_sentence,,sad,jp,L_vs_Lrev@jp,jp,jp,1,right,-1,-1,1408,2,1,1
P38,2,en_hap_short_sentence,,hap,en,L_vs_E@en,en,jp,0,left,-1,1,916,0,1,1
P38,2,cn_esd0002_short3_sad,,sad,cn,L_vs_E@cn,cn,jp,0,left,2,-2,1280,0,1,1
P38,2,jp_ang_short_sentence,,ang,jp,L_vs_Lrev@jp,jp,jp,1,right,1,1,1028,1,1,1
P38,2,cn_esd0002_short3_hap,,hap,cn,L_vs_E@cn,cn,jp,0,right,1,1,797,1,1,1
P38,2,jp_sad_short_sentence,,sad,jp,L_vs_E@jp,jp,jp,1,left,-1,1,1097,1,1,1
P38,2,en_ang_short_sentence,,ang,en,L_vs_Lrev@en,en,jp,0,left,1,-1,1056,1,1,1
P38,2,cn_esd0002_short3_sad,,sad,cn,L_vs_Lrev@cn,cn,jp,0,right,1,1,1080,0,1,1
P38,2,jp_hap_short_sentence,,hap,jp,L_vs_E@jp,jp,jp,1,right,2,2,1753,1,1,1
P38,2,en_sad_short_sentence,,sad,en,L_vs_Lrev@en,en,jp,0,left,-1,1,1431,1,1,1
P38,2,jp_hap_short_sentence,,hap,jp,L_vs_Lrev@jp,jp,jp,1,left,1,-1,1007,0,1,1
P38,2,cn_esd0002_short3_ang,,ang,cn,L_vs_E@cn,cn,jp,0,left,-1,1,1282,0,1,1
P39,1,rav20_fea_r2,rav20,fear,normal,H_vs_E@normal,en,jp,0,right,-1,-1,2749,0,1,1
P39,1,rav12_fea_r2,rav12,fear,normal,H_vs_E@normal,en,jp,0,right,-1,-1,3427,0,1,1
P39,1,rav20_fea_r2,rav20,fear,strong,H_vs_R@strong,en,jp,0,left,0,0,2223,0,1,1
P39,1,rav02_ang,rav02,ang,strong,H_vs_R@strong,en,jp,0,left,-1,1,1677,0,1,1
P39,1,rav14_hap,rav14,hap,normal,H_vs_E@normal,en,jp,0,left,2,-2,2828,0,1,1
P39,1,rav06_ang,rav06,ang,normal,H_vs_E@normal,en,jp,0,left,-1,1,1904,0,1,1
P39,1,rav06_ang,rav06,ang,strong,H_vs_E@strong,en,jp,0,left,-1,1,2056,0,1,1
P39,1,rav24_dis,rav24,dis,strong,H_vs_R@strong,en,jp,0,right,1,1,3642,0,1,1
P39,1,rav04_hap,rav04,hap,normal,H_vs_E@normal,en,jp,0,right,-2,-2,2719,0,1,1
P39,1,rav18_dis,rav18,dis,normal,H_vs_E@normal,en,jp,0,left,1,-1,3203,0,1,1
P39,1,rav12_fea_r2,rav12,fear,strong,H_vs_R@strong,en,jp,0,left,-2,2,2064,0,1,1
P39,1,rav02_dis,rav02,dis,strong,H_vs_R@strong,en,jp,0,right,0,0,1567,0,1,1
P39,1,rav02_ang,rav02,ang,normal,H_vs_E@normal,en,jp,0,right,0,0,2474,0,1,1
P39,1,rav16_hap,rav16,hap,strong,H_vs_R@strong,en,jp,0,left,0,0,2238,0,1,1
P39,1,rav18_dis,rav18,dis,strong,H_vs_E@strong,en,jp,0,left,2,-2,1473,0,1,1
P39,1,rav08_ang,rav08,ang,normal,H_vs_E@normal,en,jp,0,right,-1,-1,1594,0,1,1
P39,1,rav14_hap,rav14,hap,strong,H_vs_E@strong,en,jp,0,left,-1,1,3368,0,1,1
P39,1,rav08_ang,rav08,ang,strong,H_vs_R@strong,en,jp,0,left,-1,1,2017,0,1,1
P39,1,rav10_fea,rav10,fear,strong,H_vs_E@strong,en,jp,0,left,2,-2,2910,0,1,1
P39,1,rav24_dis,rav24,dis,normal,H_vs_E@normal,en,jp,0,left,1,-1,1697,0,1,1
P39,1,rav24_dis,rav24,dis,strong,H_vs_E@strong,en,jp,0,left,2,-2,1393,0,1,1
P39,1,rav10_fea,rav10,fear,strong,H_vs_R@strong,en,jp,0,right,0,0,1370,0,1,1
P39,1,rav20_fea_r2,rav20,fear,strong,H_vs_E@strong,en,jp,0,right,-1,-1,1625,0,1,1
P39,1,rav18_dis,rav18,dis,strong,H_vs_R@strong,en,jp,0,right,1,1,1438,0,1,1
P39,1,rav16_hap,rav16,hap,normal,H_vs_E@normal,en,jp,0,right,1,1,1399,0,1,1
P39,1,rav02_ang,rav02,ang,strong,H_vs_E@strong,en,jp,0,right,1,1,1674,0,1,1
P39,1,rav02_dis,rav02,dis,strong,H_vs_E@strong,en,jp,0,left,-1,1,1948,0,1,1
P39,1,rav10_fea,rav10,fear,normal,H_vs_E@normal,en,jp,0,left,2,-2,1164,0,1,1
P39,1,rav04_hap,rav04,hap,strong,H_vs_E@strong,en,jp,0,right,-1,-1,1516,0,1,1
P39,1,rav06_ang,rav06,ang,strong,H_vs_R@strong,en,jp,0,right,2,2,699,0,1,1
P39,1,rav16_hap,rav16,hap,strong,H_vs_E@strong,en,jp,0,right,-1,-1,2194,0,1,1
P39,1,rav14_hap,rav14,hap,strong,H_vs_R@strong,en,jp,0,right,-1,-1,1390,0,1,1
P39,1,rav02_dis,rav02,dis,normal,H_vs_E@normal,en,jp,0,left,0,0,774,0,1,1
P39,1,rav08_ang,rav08,ang,strong,H_vs_E@strong,en,jp,0,right,-2,-2,1473,0,1,1
P39,1,rav12_fea_r2,rav12,fear,strong,H_vs_E@strong,en,jp,0,right,-2,-2,1093,0,1,1
P39,1,rav04_hap,rav04,hap,strong,H_vs_R@strong,en,jp,0,left,1,-1,1396,0,1,1
P39,1,rav06_ang,rav06,ang,strong,mute:H_vs_E@strong,en,jp,0,left,-2,2,3192,1,1,1
P39,1,rav10_fea,rav10,fear,strong,mute:H_vs_E@strong,en,jp,0,right,2,2,1702,0,1,1
P39,1,rav18_dis,rav18,dis,strong,mute:H_vs_E@strong,en,jp,0,right,2,2,955,0,1,1
P39,1,rav20_fea_r2,rav20,fear,strong,mute:H_vs_E@strong,en,jp,0,left,-1,1,849,0,1,1
P39,1,rav04_hap,rav04,hap,strong,mute:H_vs_E@strong,en,jp,0,right,2,2,574,0,1,1
P39,1,rav16_hap,rav16,hap,strong,mute:H_vs_E@strong,en,jp,0,left,-2,2,3330,0,1,1
P39,2,en_hap_short_sentence,,hap,en,L_vs_Lrev@en,en,jp,0,left,0,0,1708,0,1,1
P39,2,cn_esd0002_short3_ang,,ang,cn,L_vs_Lrev@cn,cn,jp,0,left,-1,1,3650,0,1,1
P39,2,en_sad_short_sentence,,sad,en,L_vs_Lrev@en,en,jp,0,right,0,0,2612,0,1,1
P39,2,cn_esd0002_short3_hap,,hap,cn,L_vs_Lrev@cn,cn,jp,0,right,0,0,1423,0,1,1
P39,2,jp_ang_short_sentence,,ang,jp,L_vs_Lrev@jp,jp,jp,1,left,-1,1,2424,0,1,1
P39,2,cn_esd0002_short3_hap,,hap,cn,L_vs_E@cn,cn,jp,0,left,-1,1,1923,0,1,1
P39,2,jp_sad_short_sentence,,sad,jp,L_vs_Lrev@jp,jp,jp,1,left,-1,1,3116,0,1,1
P39,2,en_hap_short_sentence,,hap,en,L_vs_E@en,en,jp,0,right,-2,-2,1482,0,1,1
P39,2,jp_ang_short_sentence,,ang,jp,L_vs_E@jp,jp,jp,1,right,-2,-2,1264,1,1,1
P39,2,cn_esd0002_short3_sad,,sad,cn,L_vs_Lrev@cn,cn,jp,0,left,-1,1,1243,0,1,1
P39,2,jp_hap_short_sentence,,hap,jp,L_vs_Lrev@jp,jp,jp,1,right,1,1,1301,0,1,1
P39,2,en_ang_short_sentence,,ang,en,L_vs_E@en,en,jp,0,left,-2,2,1293,0,1,1
P39,2,cn_esd0002_short3_sad,,sad,cn,L_vs_E@cn,cn,jp,0,right,-2,-2,1027,0,1,1
P39,2,en_ang_short_sentence,,ang,en,L_vs_Lrev@en,en,jp,0,right,-2,-2,1327,0,1,1
P39,2,jp_sad_short_sentence,,sad,jp,L_vs_E@jp,jp,jp,1,right,-1,-1,1377,0,1,1
P39,2,cn_esd0002_short3_ang,,ang,cn,L_vs_E@cn,cn,jp,0,right,2,2,1226,0,1,1
P39,2,en_sad_short_sentence,,sad,en,L_vs_E@en,en,jp,0,left,1,-1,1200,0,1,1
P39,2,jp_hap_short_sentence,,hap,jp,L_vs_E@jp,jp,jp,1,left,-1,1,2086,0,1,1
P40,1,rav24_dis,rav24,dis,strong,H_vs_R@strong,en,jp,0,right,1,1,7193,0,1,1
P40,1,rav16_hap,rav16,hap,strong,H_vs_R@strong,en,jp,0,left,-1,1,2404,0,1,1
P40,1,rav06_ang,rav06,ang,strong,H_vs_E@strong,en,jp,0,left,0,0,1592,0,1,1
P40,1,rav14_hap,rav14,hap,strong,H_vs_E@strong,en,jp,0,left,-1,1,2182,0,1,1
P40,1,rav16_hap,rav16,hap,normal,H_vs_E@normal,en,jp,0,right,1,1,1812,0,1,1
P40,1,rav10_fea,rav10,fear,strong,H_vs_E@strong,en,jp,0,left,-1,1,2454,0,1,1
P40,1,rav14_hap,rav14,hap,normal,H_vs_E@normal,en,jp,0,left,-1,1,1872,0,1,1
P40,1,rav12_fea_r2,rav12,fear,strong,H_vs_E@strong,en,jp,0,right,1,1,4418,0,1,1
P40,1,rav08_ang,rav08,ang,normal,H_vs_E@normal,en,jp,0,right,1,1,2485,0,1,1
P40,1,rav12_fea_r2,rav12,fear,normal,H_vs_E@normal,en,jp,0,right,-1,-1,1646,0,1,1
P40,1,rav24_dis,rav24,dis,strong,H_vs_E@strong,en,jp,0,left,-1,1,3004,0,1,1
P40,1,rav12_fea_r2,rav12,fear,strong,H_vs_R@strong,en,jp,0,left,-1,1,2569,0,1,1
P40,1,rav02_ang,rav02,ang,normal,H_vs_E@normal,en,jp,0,right,0,0,1623,0,1,1
P40,1,rav04_hap,rav04,hap,strong,H_vs_R@strong,en,jp,0,left,1,-1,1546,0,1,1
P40,1,rav04_hap,rav04,hap,strong,H_vs_E@strong,en,jp,0,right,2,2,1408,0,1,1
P40,1,rav08_ang,rav08,ang,strong,H_vs_R@strong,en,jp,0,left,0,0,5379,0,1,1
P40,1,rav10_fea,rav10,fear,normal,H_vs_E@normal,en,jp,0,left,0,0,1958,0,1,1
P40,1,rav02_ang,rav02,ang,strong,H_vs_E@strong,en,jp,0,right,0,0,1360,0,1,1
P40,1,rav18_dis,rav18,dis,strong,H_vs_R@strong,en,jp,0,right,1,1,1752,0,1,1
P40,1,rav24_dis,rav24,dis,normal,H_vs_E@normal,en,jp,0,left,2,-2,2498,0,1,1
P40,1,rav14_hap,rav14,hap,strong,H_vs_R@strong,en,jp,0,right,-1,-1,1537,0,1,1
P40,1,rav18_dis,rav18,dis,strong,H_vs_E@strong,en,jp,0,left,-2,2,2079,0,1,1
P40,1,rav18_dis,rav18,dis,normal,H_vs_E@normal,en,jp,0,left,-2,2,1764,0,1,1
P40,1,rav20_fea_r2,rav20,fear,strong,H_vs_E@strong,en,jp,0,right,2,2,1676,0,1,1
P40,1,rav02_ang,rav02,ang,strong,H_vs_R@strong,en,jp,0,left,3,-3,2608,0,1,1
P40,1,rav16_hap,rav16,hap,strong,H_vs_E@strong,en,jp,0,right,2,2,1660,0,1,1
P40,1,rav04_hap,rav04,hap,normal,H_vs_E@normal,en,jp,0,right,-1,-1,1619,0,1,1
P40,1,rav02_dis,rav02,dis,strong,H_vs_E@strong,en,jp,0,left,-1,1,1544,0,1,1
P40,1,rav10_fea,rav10,fear,strong,H_vs_R@strong,en,jp,0,right,0,0,1516,0,1,1
P40,1,rav02_dis,rav02,dis,normal,H_vs_E@normal,en,jp,0,left,1,-1,1288,0,1,1
P40,1,rav08_ang,rav08,ang,strong,H_vs_E@strong,en,jp,0,right,1,1,1329,0,1,1
P40,1,rav06_ang,rav06,ang,strong,H_vs_R@strong,en,jp,0,right,2,2,1378,0,1,1
P40,1,rav06_ang,rav06,ang,normal,H_vs_E@normal,en,jp,0,left,-1,1,2147,0,1,1
P40,1,rav02_dis,rav02,dis,strong,H_vs_R@strong,en,jp,0,right,0,0,1231,0,1,1
P40,1,rav20_fea_r2,rav20,fear,normal,H_vs_E@normal,en,jp,0,right,0,0,1408,0,1,1
P40,1,rav20_fea_r2,rav20,fear,strong,H_vs_R@strong,en,jp,0,left,1,-1,2266,0,1,1
P40,1,rav06_ang,rav06,ang,strong,mute:H_vs_E@strong,en,jp,0,left,-1,1,2240,1,1,1
P40,1,rav18_dis,rav18,dis,strong,mute:H_vs_E@strong,en,jp,0,right,1,1,1987,0,1,1
P40,1,rav16_hap,rav16,hap,strong,mute:H_vs_E@strong,en,jp,0,left,-1,1,1232,0,1,1
P40,1,rav10_fea,rav10,fear,strong,mute:H_vs_E@strong,en,jp,0,right,1,1,1727,0,1,1
P40,1,rav04_hap,rav04,hap,strong,mute:H_vs_E@strong,en,jp,0,right,0,0,6474,0,1,1
P40,1,rav20_fea_r2,rav20,fear,strong,mute:H_vs_E@strong,en,jp,0,left,-1,1,3895,0,1,1
P40,2,jp_ang_short_sentence,,ang,jp,L_vs_E@jp,jp,jp,1,right,1,1,2222,0,1,1
P40,2,cn_esd0002_short3_sad,,sad,cn,L_vs_E@cn,cn,jp,0,right,0,0,1244,0,1,1
P40,2,en_hap_short_sentence,,hap,en,L_vs_E@en,en,jp,0,right,1,1,1799,0,1,1
P40,2,jp_ang_short_sentence,,ang,jp,L_vs_Lrev@jp,jp,jp,1,left,2,-2,1336,0,1,1
P40,2,cn_esd0002_short3_hap,,hap,cn,L_vs_E@cn,cn,jp,0,left,0,0,1326,0,1,1
P40,2,jp_sad_short_sentence,,sad,jp,L_vs_E@jp,jp,jp,1,right,2,2,1457,0,1,1
P40,2,cn_esd0002_short3_ang,,ang,cn,L_vs_E@cn,cn,jp,0,right,2,2,1621,0,1,1
P40,2,jp_sad_short_sentence,,sad,jp,L_vs_Lrev@jp,jp,jp,1,left,-1,1,1975,0,1,1
P40,2,en_hap_short_sentence,,hap,en,L_vs_Lrev@en,en,jp,0,left,0,0,1332,0,1,1
P40,2,cn_esd0002_short3_sad,,sad,cn,L_vs_Lrev@cn,cn,jp,0,left,-2,2,1281,0,1,1
P40,2,en_ang_short_sentence,,ang,en,L_vs_Lrev@en,en,jp,0,right,1,1,1582,0,1,1
P40,2,jp_hap_short_sentence,,hap,jp,L_vs_Lrev@jp,jp,jp,1,right,0,0,1823,0,1,1
P40,2,en_ang_short_sentence,,ang,en,L_vs_E@en,en,jp,0,left,2,-2,1724,0,1,1
P40,2,jp_hap_short_sentence,,hap,jp,L_vs_E@jp,jp,jp,1,left,1,-1,1652,0,1,1
P40,2,en_sad_short_sentence,,sad,en,L_vs_Lrev@en,en,jp,0,right,0,0,1564,0,1,1
P40,2,cn_esd0002_short3_hap,,hap,cn,L_vs_Lrev@cn,cn,jp,0,right,-1,-1,959,0,1,1
P40,2,en_sad_short_sentence,,sad,en,L_vs_E@en,en,jp,0,left,0,0,1615,0,1,1
P40,2,cn_esd0002_short3_ang,,ang,cn,L_vs_Lrev@cn,cn,jp,0,left,1,-1,2992,0,1,1
P41,1,rav10_fea,rav10,fear,strong,H_vs_R@strong,en,jp,0,left,1,-1,680,1,1,1
P41,1,rav04_hap,rav04,hap,strong,H_vs_E@strong,en,jp,0,left,1,-1,784,0,1,1
P41,1,rav02_dis,rav02,dis,normal,H_vs_E@normal,en,jp,0,right,-1,-1,691,0,1,1
P41,1,rav12_fea_r2,rav12,fear,normal,H_vs_E@normal,en,jp,0,left,1,-1,929,0,1,1
P41,1,rav10_fea,rav10,fear,strong,H_vs_E@strong,en,jp,0,right,-2,-2,1145,0,1,1
P41,1,rav14_hap,rav14,hap,strong,H_vs_R@strong,en,jp,0,left,3,-3,494,0,1,1
P41,1,rav10_fea,rav10,fear,normal,H_vs_E@normal,en,jp,0,right,1,1,1780,4,1,1
P41,1,rav16_hap,rav16,hap,strong,H_vs_R@strong,en,jp,0,right,2,2,760,0,1,1
P41,1,rav20_fea_r2,rav20,fear,strong,H_vs_E@strong,en,jp,0,left,1,-1,1116,0,1,1
P41,1,rav16_hap,rav16,hap,normal,H_vs_E@normal,en,jp,0,left,2,-2,727,0,1,1
P41,1,rav02_dis,rav02,dis,strong,H_vs_E@strong,en,jp,0,right,-1,-1,660,0,1,1
P41,1,rav06_ang,rav06,ang,strong,H_vs_E@strong,en,jp,0,right,1,1,602,0,1,1
P41,1,rav18_dis,rav18,dis,strong,H_vs_R@strong,en,jp,0,left,-2,2,728,0,1,1
P41,1,rav08_ang,rav08,ang,strong,H_vs_R@strong,en,jp,0,right,2,2,921,0,1,1
P41,1,rav08_ang,rav08,ang,strong,H_vs_E@strong,en,jp,0,left,2,-2,609,0,1,1
P41,1,rav08_ang,rav08,ang,normal,H_vs_E@normal,en,jp,0,left,-1,1,1176,0,1,1
P41,1,rav02_dis,rav02,dis,strong,H_vs_R@strong,en,jp,0,left,1,-1,634,0,1,1
P41,1,rav04_hap,rav04,hap,strong,H_vs_R@strong,en,jp,0,right,2,2,961,1,1,1
P41,1,rav14_hap,rav14,hap,strong,H_vs_E@strong,en,jp,0,right,-2,-2,666,0,1,1
P41,1,rav06_ang,rav06,ang,normal,H_vs_E@normal,en,jp,0,right,2,2,410,1,1,1
P41,1,rav24_dis,rav24,dis,strong,H_vs_R@strong,en,jp,0,left,2,-2,706,0,1,1
P41,1,rav12_fea_r2,rav12,fear,strong,H_vs_E@strong,en,jp,0,left,1,-1,1070,0,1,1
P41,1,rav02_ang,rav02,ang,normal,H_vs_E@normal,en,jp,0,left,1,-1,868,0,1,1
P41,1,rav04_hap,rav04,hap,normal,H_vs_E@normal,en,jp,0,left,-1,1,1293,0,1,1
P41,1,rav24_dis,rav24,dis,strong,H_vs_E@strong,en,jp,0,right,1,1,903,0,1,1
P41,1,rav14_hap,rav14,hap,normal,H_vs_E@normal,en,jp,0,right,1,1,458,0,1,1
P41,1,rav02_ang,rav02,ang,strong,H_vs_E@strong,en,jp,0,left,3,-3,1323,0,1,1
P41,1,rav24_dis,rav24,dis,normal,H_vs_E@normal,en,jp,0,right,-1,-1,1920,0,1,1
P41,1,rav16_hap,rav16,hap,strong,H_vs_E@strong,en,jp,0,left,1,-1,1064,0,1,1
P41,1,rav20_fea_r2,rav20,fear,normal,H_vs_E@normal,en,jp,0,left,-1,1,875,0,1,1
P41,1,rav12_fea_r2,rav12,fear,strong,H_vs_R@strong,en,jp,0,right,-1,-1,809,1,1,1
P41,1,rav18_dis,rav18,dis,normal,H_vs_E@normal,en,jp,0,right,2,2,531,1,1,1
P41,1,rav02_ang,rav02,ang,strong,H_vs_R@strong,en,jp,0,right,-3,-3,745,0,1,1
P41,1,rav18_dis,rav18,dis,strong,H_vs_E@strong,en,jp,0,right,1,1,1046,0,1,1
P41,1,rav06_ang,rav06,ang,strong,H_vs_R@strong,en,jp,0,left,2,-2,1067,0,1,1
P41,1,rav20_fea_r2,rav20,fear,strong,H_vs_R@strong,en,jp,0,right,-1,-1,1810,0,1,1
P41,1,rav16_hap,rav16,hap,strong,mute:H_vs_E@strong,en,jp,0,right,3,3,924,3,1,1
P41,1,rav10_fea,rav10,fear,strong,mute:H_vs_E@strong,en,jp,0,left,-3,3,545,1,1,1
P41,1,rav20_fea_r2,rav20,fear,strong,mute:H_vs_E@strong,en,jp,0,right,1,1,714,1,1,1
P41,1,rav18_dis,rav18,dis,strong,mute:H_vs_E@strong,en,jp,0,left,-2,2,843,0,1,1
P41,1,rav04_hap,rav04,hap,strong,mute:H_vs_E@strong,en,jp,0,left,-3,3,578,0,1,1
P41,1,rav06_ang,rav06,ang,strong,mute:H_vs_E@strong,en,jp,0,right,3,3,598,0,1,1
P41,2,en_sad_short_sentence,,sad,en,L_vs_E@en,en,jp,0,right,1,1,913,3,1,1
P41,2,jp_ang_short_sentence,,ang,jp,L_vs_Lrev@jp,jp,jp,1,right,-1,-1,723,2,1,1
P41,2,en_hap_short_sentence,,hap,en,L_vs_E@en,en,jp,0,left,0,0,768,3,1,1
P41,2,cn_esd0002_short3_sad,,sad,cn,L_vs_E@cn,cn,jp,0,left,0,0,1394,1,1,1
P41,2,en_hap_short_sentence,,hap,en,L_vs_Lrev@en,en,jp,0,right,1,1,749,4,1,1
P41,2,cn_esd0002_short3_ang,,ang,cn,L_vs_Lrev@cn,cn,jp,0,right,1,1,1054,1,1,1
P41,2,jp_sad_short_sentence,,sad,jp,L_vs_Lrev@jp,jp,jp,1,right,0,0,1163,1,1,1
P41,2,en_ang_short_sentence,,ang,en,L_vs_Lrev@en,en,jp,0,left,0,0,1169,1,1,1
P41,2,cn_esd0002_short3_hap,,hap,cn,L_vs_Lrev@cn,cn,jp,0,left,2,-2,400,1,1,1
P41,2,en_sad_short_sentence,,sad,en,L_vs_Lrev@en,en,jp,0,left,0,0,1041,2,1,1
P41,2,jp_ang_short_sentence,,ang,jp,L_vs_E@jp,jp,jp,1,left,2,-2,914,0,1,1
P41,2,cn_esd0002_short3_sad,,sad,cn,L_vs_Lrev@cn,cn,jp,0,right,-2,-2,833,1,1,1
P41,2,jp_hap_short_sentence,,hap,jp,L_vs_Lrev@jp,jp,jp,1,left,0,0,1061,2,1,1
P41,2,en_ang_short_sentence,,ang,en,L_vs_E@en,en,jp,0,right,0,0,811,1,1,1
P41,2,cn_esd0002_short3_hap,,hap,cn,L_vs_E@cn,cn,jp,0,right,0,0,770,0,1,1
P41,2,jp_sad_short_sentence,,sad,jp,L_vs_E@jp,jp,jp,1,left,-2,2,1232,0,1,1
P41,2,cn_esd0002_short3_ang,,ang,cn,L_vs_E@cn,cn,jp,0,left,0,0,745,3,1,1
P41,2,jp_hap_short_sentence,,hap,jp,L_vs_E@jp,jp,jp,1,right,0,0,799,2,1,1
P42,1,rav10_fea,rav10,fear,strong,H_vs_E@strong,en,jp,0,right,-1,-1,2649,0,1,1
P42,1,rav12_fea_r2,rav12,fear,normal,H_vs_E@normal,en,jp,0,left,-2,2,5932,0,1,1
P42,1,rav24_dis,rav24,dis,strong,H_vs_E@strong,en,jp,0,right,1,1,2474,0,1,1
P42,1,rav12_fea_r2,rav12,fear,strong,H_vs_E@strong,en,jp,0,left,-2,2,4403,0,1,1
P42,1,rav10_fea,rav10,fear,strong,H_vs_R@strong,en,jp,0,left,0,0,5222,0,1,1
P42,1,rav20_fea_r2,rav20,fear,strong,H_vs_E@strong,en,jp,0,left,0,0,2436,0,1,1
P42,1,rav04_hap,rav04,hap,strong,H_vs_R@strong,en,jp,0,right,-1,-1,2117,0,1,1
P42,1,rav18_dis,rav18,dis,normal,H_vs_E@normal,en,jp,0,right,2,2,4130,0,1,1
P42,1,rav14_hap,rav14,hap,strong,H_vs_E@strong,en,jp,0,right,0,0,3930,0,1,1
P42,1,rav10_fea,rav10,fear,normal,H_vs_E@normal,en,jp,0,right,1,1,3681,0,1,1
P42,1,rav12_fea_r2,rav12,fear,strong,H_vs_R@strong,en,jp,0,right,-1,-1,1448,0,1,1
P42,1,rav14_hap,rav14,hap,strong,H_vs_R@strong,en,jp,0,left,0,0,4466,0,1,1
P42,1,rav08_ang,rav08,ang,normal,H_vs_E@normal,en,jp,0,left,-1,1,4498,0,1,1
P42,1,rav20_fea_r2,rav20,fear,normal,H_vs_E@normal,en,jp,0,left,0,0,4337,0,1,1
P42,1,rav02_ang,rav02,ang,strong,H_vs_R@strong,en,jp,0,right,-1,-1,1752,0,1,1
P42,1,rav02_dis,rav02,dis,strong,H_vs_E@strong,en,jp,0,right,-1,-1,2659,0,1,1
P42,1,rav24_dis,rav24,dis,strong,H_vs_R@strong,en,jp,0,left,1,-1,1331,0,1,1
P42,1,rav24_dis,rav24,dis,normal,H_vs_E@normal,en,jp,0,right,-1,-1,4808,0,1,1
P42,1,rav18_dis,rav18,dis,strong,H_vs_R@strong,en,jp,0,left,1,-1,1769,0,1,1
P42,1,rav04_hap,rav04,hap,normal,H_vs_E@normal,en,jp,0,left,1,-1,3676,0,1,1
P42,1,rav08_ang,rav08,ang,strong,H_vs_R@strong,en,jp,0,right,-1,-1,2739,0,1,1
P42,1,rav08_ang,rav08,ang,strong,H_vs_E@strong,en,jp,0,left,1,-1,1211,0,1,1
P42,1,rav16_hap,rav16,hap,strong,H_vs_R@strong,en,jp,0,right,0,0,2135,0,1,1
P42,1,rav02_dis,rav02,dis,normal,H_vs_E@normal,en,jp,0,right,0,0,2773,0,1,1
P42,1,rav18_dis,rav18,dis,strong,H_vs_E@strong,en,jp,0,right,1,1,3219,0,1,1
P42,1,rav02_dis,rav02,dis,strong,H_vs_R@strong,en,jp,0,left,0,0,4412,0,1,1
P42,1,rav06_ang,rav06,ang,strong,H_vs_R@strong,en,jp,0,left,1,-1,4605,0,1,1
P42,1,rav06_ang,rav06,ang,normal,H_vs_E@normal,en,jp,0,right,-2,-2,4227,0,1,1
P42,1,rav04_hap,rav04,hap,strong,H_vs_E@strong,en,jp,0,left,-2,2,3639,0,1,1
P42,1,rav02_ang,rav02,ang,normal,H_vs_E@normal,en,jp,0,left,0,0,1401,0,1,1
P42,1,rav20_fea_r2,rav20,fear,strong,H_vs_R@strong,en,jp,0,right,0,0,5560,0,1,1
P42,1,rav16_hap,rav16,hap,strong,H_vs_E@strong,en,jp,0,left,1,-1,6695,0,1,1
P42,1,rav16_hap,rav16,hap,normal,H_vs_E@normal,en,jp,0,left,1,-1,6851,0,1,1
P42,1,rav06_ang,rav06,ang,strong,H_vs_E@strong,en,jp,0,right,2,2,2598,0,1,1
P42,1,rav14_hap,rav14,hap,normal,H_vs_E@normal,en,jp,0,right,1,1,1419,0,1,1
P42,1,rav02_ang,rav02,ang,strong,H_vs_E@strong,en,jp,0,left,1,-1,1925,0,1,1
P42,1,rav10_fea,rav10,fear,strong,mute:H_vs_E@strong,en,jp,0,left,0,0,10690,0,1,1
P42,1,rav16_hap,rav16,hap,strong,mute:H_vs_E@strong,en,jp,0,right,2,2,1999,0,1,1
P42,1,rav06_ang,rav06,ang,strong,mute:H_vs_E@strong,en,jp,0,right,2,2,2671,0,1,1
P42,1,rav04_hap,rav04,hap,strong,mute:H_vs_E@strong,en,jp,0,left,-2,2,1531,0,1,1
P42,1,rav18_dis,rav18,dis,strong,mute:H_vs_E@strong,en,jp,0,left,-1,1,1816,0,1,1
P42,1,rav20_fea_r2,rav20,fear,strong,mute:H_vs_E@strong,en,jp,0,right,0,0,1308,0,1,1
P42,2,cn_esd0002_short3_sad,,sad,cn,L_vs_Lrev@cn,cn,jp,0,right,2,2,2991,0,1,1
P42,2,jp_hap_short_sentence,,hap,jp,L_vs_Lrev@jp,jp,jp,1,left,0,0,2811,0,1,1
P42,2,cn_esd0002_short3_sad,,sad,cn,L_vs_E@cn,cn,jp,0,left,1,-1,5166,0,1,1
P42,2,jp_hap_short_sentence,,hap,jp,L_vs_E@jp,jp,jp,1,right,1,1,2393,0,1,1
P42,2,en_ang_short_sentence,,ang,en,L_vs_E@en,en,jp,0,right,1,1,4477,0,1,1
P42,2,jp_sad_short_sentence,,sad,jp,L_vs_E@jp,jp,jp,1,left,-1,1,2490,0,1,1
P42,2,en_hap_short_sentence,,hap,en,L_vs_Lrev@en,en,jp,0,right,0,0,2324,0,1,1
P42,2,jp_ang_short_sentence,,ang,jp,L_vs_E@jp,jp,jp,1,left,-1,1,3505,0,1,1
P42,2,cn_esd0002_short3_hap,,hap,cn,L_vs_E@cn,cn,jp,0,right,0,0,2127,0,1,1
P42,2,jp_ang_short_sentence,,ang,jp,L_vs_Lrev@jp,jp,jp,1,right,-1,-1,1719,0,1,1
P42,2,en_sad_short_sentence,,sad,en,L_vs_E@en,en,jp,0,right,-1,-1,4279,0,1,1
P42,2,cn_esd0002_short3_ang,,ang,cn,L_vs_Lrev@cn,cn,jp,0,right,2,2,1744,0,1,1
P42,2,en_sad_short_sentence,,sad,en,L_vs_Lrev@en,en,jp,0,left,0,0,3372,0,1,1
P42,2,cn_esd0002_short3_ang,,ang,cn,L_vs_E@cn,cn,jp,0,left,-1,1,1545,0,1,1
P42,2,en_hap_short_sentence,,hap,en,L_vs_E@en,en,jp,0,left,1,-1,6979,0,1,1
P42,2,jp_sad_short_sentence,,sad,jp,L_vs_Lrev@jp,jp,jp,1,right,1,1,1006,0,1,1
P42,2,cn_esd0002_short3_hap,,hap,cn,L_vs_Lrev@cn,cn,jp,0,left,1,-1,2512,0,1,1
P42,2,en_ang_short_sentence,,ang,en,L_vs_Lrev@en,en,jp,0,left,1,-1,4115,0,1,1
