participant,listener_group,in_primary,block,trial_index,is_practice,is_catch,revision,stimulus_file,stim_language,voice_id,voice_emotion,presentation,cue_manip,voice_arm,widget,n_afc,chosen_side,response_emotion,intensity,naturalness,confidence,rt_ms,n_replays,focus_lost,focus_hidden,correct,catch_correct
P01,cn,1,single,0,0,0,0,v6_single_7b8afe562a_2.mp4,en,rav06,ang,AV,,,buttons,7,,ang,7,5,,3674,0,0,0,1,
P01,cn,1,single,1,0,0,0,v6_single_76ee15a092_1.mp4,en,rav04,hap,AV,,,buttons,7,,hap,6,3,,1107,1,0,0,1,
P01,cn,1,single,2,0,0,0,v6_single_802ffa53c5_3.mp4,en,rav20,fear,AV,,,buttons,7,,fear,5,4,,7167,0,0,0,1,
P01,cn,1,single,3,0,0,0,v6_single_24bf624e7d_1.mp4,en,rav16,hap,AV,,,buttons,7,,hap,5,3,,3256,0,0,0,1,
P01,cn,1,single,4,0,0,0,v6_single_739783e84d_3.mp4,en,rav10,fear,AV,,,buttons,7,,sad,3,5,,2721,0,0,0,0,
P01,cn,1,single,5,0,0,0,v6_single_a721e1869f_2.mp4,en,rav18,dis,AV,,,buttons,7,,neu,,4,,1712,1,0,0,0,
P01,cn,1,practice,6,1,0,0,v6_practice_cd0abf6ffd_2.mp4,en,rav22,ang,AV_pair,L:H|R:E,practice:H_vs_E@strong,buttons,7,right,R2,,,,2268,2,0,0,,
P01,cn,1,practice,7,1,0,0,v6_practice_85af89ed95_1.mp4,en,rav10,hap,AV_pair,L:E|R:H,practice:H_vs_E@strong,buttons,7,right,R1,,,,2884,1,0,0,,
P01,cn,1,pair,8,0,0,0,v6_pair_0a26430948_2.mp4,en,rav04,hap,AV_pair,L:H|R:E,H_vs_E@normal,buttons,7,right,R2,,,,761,1,0,0,,
P01,cn,1,pair,9,0,0,0,v6_pair_6f570415b8_1.mp4,en,rav12,fear,AV_pair,L:R|R:H,H_vs_R@strong,buttons,7,right,R1,,,,470,1,0,0,,
P01,cn,1,pair,10,0,0,0,v6_pair_7ef69736a7_2.mp4,en,rav18,dis,AV_pair,L:H|R:R,H_vs_R@strong,buttons,7,right,R2,,,,947,0,0,0,,
P01,cn,1,pair,11,0,0,0,v6_pair_1fc4717f31_2.mp4,en,rav16,hap,AV_pair,L:H|R:E,H_vs_E@normal,buttons,7,right,R3,,,,635,0,0,0,,
P01,cn,1,pair,12,0,0,0,v6_pair_0c8482b715_2.mp4,en,rav02,ang,AV_pair,L:H|R:E,H_vs_E@normal,buttons,7,same,S0,,,,593,0,0,0,,
P01,cn,1,pair,13,0,0,0,v6_pair_a97dec2f4e_2.mp4,en,rav14,hap,AV_pair,L:H|R:R,H_vs_R@strong,buttons,7,right,R1,,,,599,0,0,0,,
P01,cn,1,pair,14,0,0,0,v6_pair_d81bffa4be_2.mp4,en,rav02,ang,AV_pair,L:H|R:E,H_vs_E@strong,buttons,7,left,L1,,,,673,0,0,0,,
P01,cn,1,pair,15,0,0,0,v6_pair_0c7d060d5f_1.mp4,en,rav24,dis,AV_pair,L:E|R:H,H_vs_E@strong,buttons,7,left,L1,,,,1690,0,0,0,,
P01,cn,1,pair,16,0,0,0,v6_pair_93629a9394_2.mp4,en,rav06,ang,AV_pair,L:H|R:R,H_vs_R@strong,buttons,7,same,S0,,,,489,0,0,0,,
P01,cn,1,pair,17,0,0,0,v6_pair_7697f115bc_2.mp4,en,rav12,fear,AV_pair,L:H|R:E,H_vs_E@strong,buttons,7,left,L2,,,,1281,1,0,0,,
P01,cn,1,pair,18,0,0,0,v6_pair_33e30e2c1d_1.mp4,en,rav02,dis,AV_pair,L:E|R:H,H_vs_E@normal,buttons,7,left,L1,,,,1247,1,0,0,,
P01,cn,1,pair,19,0,0,0,v6_pair_8073668068_2.mp4,en,rav02,dis,AV_pair,L:H|R:R,H_vs_R@strong,buttons,7,same,S0,,,,970,0,0,0,,
P01,cn,1,pair,20,0,0,0,v6_pair_3961b3142e_2.mp4,en,rav20,fear,AV_pair,L:H|R:E,H_vs_E@strong,buttons,7,same,S0,,,,840,1,0,0,,
P01,cn,1,pair,21,0,0,0,v6_pair_66fc12fdc8_1.mp4,en,rav14,hap,AV_pair,L:E|R:H,H_vs_E@normal,buttons,7,right,R2,,,,892,0,0,0,,
P01,cn,1,pair,22,0,0,0,v6_pair_d3f0adc106_2.mp4,en,rav10,fear,AV_pair,L:H|R:R,H_vs_R@strong,buttons,7,right,R2,,,,3003,0,0,0,,
P01,cn,1,pair,23,0,0,0,v6_pair_e86b22f765_1.mp4,en,rav24,dis,AV_pair,L:E|R:H,H_vs_E@normal,buttons,7,right,R2,,,,1274,0,0,0,,
P01,cn,1,pair,24,0,0,0,v6_pair_4a472014db_1.mp4,en,rav06,ang,AV_pair,L:E|R:H,H_vs_E@strong,buttons,7,right,R3,,,,536,0,0,0,,
P01,cn,1,pair,25,0,0,0,v6_pair_3b7f4443aa_2.mp4,en,rav12,fear,AV_pair,L:H|R:E,H_vs_E@normal,buttons,7,right,R1,,,,873,0,0,0,,
P01,cn,1,pair,26,0,0,0,v6_pair_dc983160dd_1.mp4,en,rav02,ang,AV_pair,L:R|R:H,H_vs_R@strong,buttons,7,left,L2,,,,494,0,0,0,,
P01,cn,1,pair_catch,27,0,1,0,v6_catch_6f7a8a44b1_2.mp4,en,rav10,hap,AV_pair,L:still|R:H,correct:right,buttons,2,right,right,,,,2729,0,0,0,1,1
P01,cn,1,pair,28,0,0,0,v6_pair_5caed2de25_1.mp4,en,rav06,ang,AV_pair,L:E|R:H,H_vs_E@normal,buttons,7,right,R1,,,,2499,0,0,0,,
P01,cn,1,pair,29,0,0,0,v6_pair_e5c0cf4a07_1.mp4,en,rav04,hap,AV_pair,L:R|R:H,H_vs_R@strong,buttons,7,same,S0,,,,589,0,0,0,,
P01,cn,1,pair,30,0,0,0,v6_pair_db8f08e27f_1.mp4,en,rav10,fear,AV_pair,L:E|R:H,H_vs_E@normal,buttons,7,right,R2,,,,523,1,0,0,,
P01,cn,1,pair,31,0,0,0,v6_pair_58bfd0c96b_2.mp4,en,rav24,dis,AV_pair,L:H|R:R,H_vs_R@strong,buttons,7,right,R3,,,,1100,0,0,0,,
P01,cn,1,pair,32,0,0,0,v6_pair_5adfe6a4bd_2.mp4,en,rav20,fear,AV_pair,L:H|R:E,H_vs_E@normal,buttons,7,same,S0,,,,1594,0,0,0,,
P01,cn,1,pair,33,0,0,0,v6_pair_69a37819e2_1.mp4,en,rav10,fear,AV_pair,L:E|R:H,H_vs_E@strong,buttons,7,right,R1,,,,1053,0,0,0,,
P01,cn,1,pair,34,0,0,0,v6_pair_23d7c570a2_2.mp4,en,rav04,hap,AV_pair,L:H|R:E,H_vs_E@strong,buttons,7,right,R3,,,,815,0,0,0,,
P01,cn,1,pair,35,0,0,0,v6_pair_53e6c4770b_1.mp4,en,rav14,hap,AV_pair,L:E|R:H,H_vs_E@strong,buttons,7,left,L1,,,,719,0,0,0,,
P01,cn,1,pair,36,0,0,0,v6_pair_f5403c44bd_1.mp4,en,rav16,hap,AV_pair,L:R|R:H,H_vs_R@strong,buttons,7,right,R1,,,,1064,0,0,0,,
P01,cn,1,pair,37,0,0,0,v6_pair_97e6c7f1ce_1.mp4,en,rav18,dis,AV_pair,L:E|R:H,H_vs_E@normal,buttons,7,right,R2,,,,686,0,0,0,,
P01,cn,1,pair,38,0,0,0,v6_pair_417168a67a_1.mp4,en,rav20,fear,AV_pair,L:R|R:H,H_vs_R@strong,buttons,7,same,S0,,,,2622,0,0,0,,
P01,cn,1,pair,39,0,0,0,v6_pair_87b373e751_2.mp4,en,rav16,hap,AV_pair,L:H|R:E,H_vs_E@strong,buttons,7,right,R1,,,,11513,0,0,0,,
P01,cn,1,pair,40,0,0,0,v6_pair_fb8e3dd060_2.mp4,en,rav08,ang,AV_pair,L:H|R:E,H_vs_E@normal,buttons,7,left,L1,,,,1360,1,0,0,,
P01,cn,1,pair,41,0,0,0,v6_pair_13ae59e46d_1.mp4,en,rav02,dis,AV_pair,L:E|R:H,H_vs_E@strong,buttons,7,right,R3,,,,597,0,0,0,,
P01,cn,1,pair,42,0,0,0,v6_pair_c38e9eb491_1.mp4,en,rav18,dis,AV_pair,L:E|R:H,H_vs_E@strong,buttons,7,right,R2,,,,575,0,0,0,,
P01,cn,1,pair,43,0,0,0,v6_pair_faec1498b7_1.mp4,en,rav08,ang,AV_pair,L:R|R:H,H_vs_R@strong,buttons,7,same,S0,,,,873,0,0,0,,
P01,cn,1,pair,44,0,0,0,v6_pair_c12bac8692_2.mp4,en,rav08,ang,AV_pair,L:H|R:E,H_vs_E@strong,buttons,7,left,L2,,,,1470,0,0,0,,
P01,cn,1,pair_ml,45,0,0,0,v6_pair_ml_c3519312c6_2.mp4,jp,jp_hap_short_sentence,hap,AV_pair,L:L|R:Lrev,L_vs_Lrev@jp,buttons,7,right,R1,,,,1104,3,0,0,,
P01,cn,1,pair_ml,46,0,0,0,v6_pair_ml_c4711cd80a_1.mp4,cn,0002_000488,ang,AV_pair,L:Lrev|R:L,L_vs_Lrev@cn,buttons,7,left,L1,,,,450,1,0,0,,
P01,cn,1,pair_ml,47,0,0,0,v6_pair_ml_1780ae57a3_1.mp4,jp,jp_sad_short_sentence,sad,AV_pair,L:Lrev|R:L,L_vs_Lrev@jp,buttons,7,same,S0,,,,518,0,0,0,,
P01,cn,1,pair_ml,48,0,0,0,v6_pair_ml_44c920798b_1.mp4,en,en_ang_short_sentence,ang,AV_pair,L:E|R:L,L_vs_E@en,buttons,7,right,R1,,,,2145,0,0,0,,
P01,cn,1,pair_ml,49,0,0,0,v6_pair_ml_4fc1e0e0d1_2.mp4,jp,jp_sad_short_sentence,sad,AV_pair,L:L|R:E,L_vs_E@jp,buttons,7,right,R3,,,,629,0,0,0,,
P01,cn,1,pair_ml,50,0,0,0,v6_pair_ml_e5fa8f451a_2.mp4,en,en_ang_short_sentence,ang,AV_pair,L:L|R:Lrev,L_vs_Lrev@en,buttons,7,same,S0,,,,979,0,0,0,,
P01,cn,1,pair_ml,51,0,0,0,v6_pair_ml_a717ea56f4_2.mp4,cn,0002_000838,hap,AV_pair,L:L|R:Lrev,L_vs_Lrev@cn,buttons,7,right,R2,,,,591,0,0,0,,
P01,cn,1,pair_ml,52,0,0,0,v6_pair_ml_98df03baec_1.mp4,en,en_sad_short_sentence,sad,AV_pair,L:E|R:L,L_vs_E@en,buttons,7,left,L2,,,,798,0,0,0,,
P01,cn,1,pair_ml,53,0,0,0,v6_pair_ml_afa28cd8ae_1.mp4,jp,jp_hap_short_sentence,hap,AV_pair,L:E|R:L,L_vs_E@jp,buttons,7,left,L3,,,,635,0,0,0,,
P01,cn,1,pair_ml,54,0,0,0,v6_pair_ml_d6dd46665d_1.mp4,cn,0002_001188,sad,AV_pair,L:Lrev|R:L,L_vs_Lrev@cn,buttons,7,right,R1,,,,1023,0,0,0,,
P01,cn,1,pair_ml,55,0,0,0,v6_pair_ml_97c8810aa2_1.mp4,en,en_hap_short_sentence,hap,AV_pair,L:Lrev|R:L,L_vs_Lrev@en,buttons,7,right,R1,,,,1371,0,0,0,,
P01,cn,1,pair_ml,56,0,0,0,v6_pair_ml_0bc71a1be9_1.mp4,jp,jp_ang_short_sentence,ang,AV_pair,L:Lrev|R:L,L_vs_Lrev@jp,buttons,7,right,R2,,,,508,0,0,0,,
P01,cn,1,pair_ml,57,0,0,0,v6_pair_ml_d5ab099d51_2.mp4,cn,0002_001188,sad,AV_pair,L:L|R:E,L_vs_E@cn,buttons,7,right,R3,,,,230,0,0,0,,
P01,cn,1,pair_ml,58,0,0,0,v6_pair_ml_d921b78eb4_2.mp4,jp,jp_ang_short_sentence,ang,AV_pair,L:L|R:E,L_vs_E@jp,buttons,7,right,R1,,,,2194,1,0,0,,
P01,cn,1,pair_ml,59,0,0,0,v6_pair_ml_9b2f256f7d_1.mp4,cn,0002_000838,hap,AV_pair,L:E|R:L,L_vs_E@cn,buttons,7,left,L2,,,,907,0,0,0,,
P01,cn,1,pair_ml,60,0,0,0,v6_pair_ml_506942a631_2.mp4,en,en_sad_short_sentence,sad,AV_pair,L:L|R:Lrev,L_vs_Lrev@en,buttons,7,right,R1,,,,747,0,0,0,,
P01,cn,1,pair_ml,61,0,0,0,v6_pair_ml_7e3e5bb20d_2.mp4,cn,0002_000488,ang,AV_pair,L:L|R:E,L_vs_E@cn,buttons,7,left,L1,,,,702,1,0,0,,
P01,cn,1,pair_ml,62,0,0,0,v6_pair_ml_f26827db2f_2.mp4,en,en_hap_short_sentence,hap,AV_pair,L:L|R:E,L_vs_E@en,buttons,7,right,R1,,,,617,0,0,0,,
P01,cn,1,pair_mute,63,0,0,0,v6_pair_mute_005d45f10b_1.mp4,en,rav06,ang,AV_pair,L:E|R:H,mute:H_vs_E@strong,buttons,7,right,R1,,,,462,1,0,0,,
P01,cn,1,pair_mute,64,0,0,0,v6_pair_mute_3b6fa3b207_1.mp4,en,rav16,hap,AV_pair,L:E|R:H,mute:H_vs_E@strong,buttons,7,right,R2,,,,9159,0,0,0,,
P01,cn,1,pair_mute,65,0,0,0,v6_pair_mute_30ad4160ab_2.mp4,en,rav18,dis,AV_pair,L:H|R:E,mute:H_vs_E@strong,buttons,7,left,L2,,,,4609,0,0,0,,
P01,cn,1,pair_mute,65,0,0,1,v6_pair_mute_30ad4160ab_2.mp4,en,rav18,dis,AV_pair,L:H|R:E,mute:H_vs_E@strong,buttons,7,right,R2,,,,2190,0,0,0,,
P01,cn,1,pair_mute,66,0,0,0,v6_pair_mute_250e7890e4_1.mp4,en,rav20,fear,AV_pair,L:E|R:H,mute:H_vs_E@strong,buttons,7,left,L2,,,,920,0,0,0,,
P01,cn,1,pair_mute,67,0,0,0,v6_pair_mute_555cc59e4b_2.mp4,en,rav10,fear,AV_pair,L:H|R:E,mute:H_vs_E@strong,buttons,7,right,R2,,,,953,0,0,0,,
P01,cn,1,pair_mute,68,0,0,0,v6_pair_mute_39140f1f71_2.mp4,en,rav04,hap,AV_pair,L:H|R:E,mute:H_vs_E@strong,buttons,7,right,R2,,,,1218,0,0,0,,
P01,cn,1,voice_only,69,0,0,0,v6_voice_cd8f85d3b2_1.mp4,en,rav04,hap,voice_only,voice:normal,voice_check,buttons,7,,neu,,,,519,1,0,0,0,
P01,cn,1,voice_only,70,0,0,0,v6_voice_aaea5d0aab_1.mp4,en,rav12,fear,voice_only,voice:strong,voice_check,buttons,7,,fear,5,,,814,0,0,0,1,
P01,cn,1,voice_only,71,0,0,0,v6_voice_214566cf57_1.mp4,en,rav14,hap,voice_only,voice:normal,voice_check,buttons,7,,sad,2,,,1445,0,0,0,0,
P01,cn,1,voice_only,72,0,0,0,v6_voice_b0cfac7f4c_1.mp4,en,rav18,dis,voice_only,voice:strong,voice_check,buttons,7,,ang,3,,,925,0,0,0,0,
P01,cn,1,voice_only,73,0,0,0,v6_voice_7642129e05_1.mp4,en,rav12,fear,voice_only,voice:normal,voice_check,buttons,7,,neu,,,,686,1,0,0,0,
P01,cn,1,voice_only,74,0,0,0,v6_voice_08aabec890_1.mp4,en,rav06,ang,voice_only,voice:strong,voice_check,buttons,7,,ang,7,,,602,0,0,0,1,
P01,cn,1,voice_only,75,0,0,0,v6_voice_fb11565c01_1.mp4,en,rav20,fear,voice_only,voice:normal,voice_check,buttons,7,,sad,3,,,733,0,0,0,0,
P01,cn,1,voice_only,76,0,0,0,v6_voice_17e973c755_1.mp4,en,rav14,hap,voice_only,voice:strong,voice_check,buttons,7,,sad,6,,,491,0,0,0,0,
P01,cn,1,voice_only,77,0,0,0,v6_voice_50a83a8476_1.mp4,en,rav18,dis,voice_only,voice:normal,voice_check,buttons,7,,neu,,,,2345,0,0,0,0,
P01,cn,1,voice_only,78,0,0,0,v6_voice_5daeb1533f_1.mp4,en,rav04,hap,voice_only,voice:strong,voice_check,buttons,7,,hap,2,,,1280,0,0,0,1,
P01,cn,1,voice_only,79,0,0,0,v6_voice_a66c973128_1.mp4,en,rav06,ang,voice_only,voice:normal,voice_check,buttons,7,,ang,2,,,1324,0,0,0,1,
P01,cn,1,voice_only,80,0,0,0,v6_voice_70e2096718_1.mp4,en,rav20,fear,voice_only,voice:strong,voice_check,buttons,7,,ang,7,,,701,0,0,0,0,
P02,cn,1,single,0,0,0,0,v6_single_24bf624e7d_3.mp4,en,rav16,hap,AV,,,buttons,7,,hap,2,7,,6339,0,0,0,1,
P02,cn,1,single,0,0,0,1,v6_single_24bf624e7d_3.mp4,en,rav16,hap,AV,,,buttons,7,,hap,2,7,,1729,0,0,0,1,
P02,cn,1,single,1,0,0,0,v6_single_739783e84d_2.mp4,en,rav10,fear,AV,,,buttons,7,,fear,2,7,,1497,0,0,0,1,
P02,cn,1,single,2,0,0,0,v6_single_7b8afe562a_1.mp4,en,rav06,ang,AV,,,buttons,7,,ang,4,5,,1940,0,0,0,1,
P02,cn,1,single,3,0,0,0,v6_single_76ee15a092_3.mp4,en,rav04,hap,AV,,,buttons,7,,hap,4,7,,1411,0,0,0,1,
P02,cn,1,single,4,0,0,0,v6_single_802ffa53c5_2.mp4,en,rav20,fear,AV,,,buttons,7,,fear,5,7,,1248,0,0,0,1,
P02,cn,1,single,5,0,0,0,v6_single_a721e1869f_1.mp4,en,rav18,dis,AV,,,buttons,7,,sur,3,7,,787,0,0,0,0,
P02,cn,1,practice,6,1,0,0,v6_practice_cd0abf6ffd_1.mp4,en,rav22,ang,AV_pair,L:E|R:H,practice:H_vs_E@strong,buttons,7,left,L2,,,,2847,0,0,0,,
P02,cn,1,practice,7,1,0,0,v6_practice_85af89ed95_2.mp4,en,rav10,hap,AV_pair,L:H|R:E,practice:H_vs_E@strong,buttons,7,right,R2,,,,958,1,0,0,,
P02,cn,1,pair,8,0,0,0,v6_pair_e86b22f765_2.mp4,en,rav24,dis,AV_pair,L:H|R:E,H_vs_E@normal,buttons,7,right,R1,,,,811,1,0,0,,
P02,cn,1,pair,9,0,0,0,v6_pair_c12bac8692_1.mp4,en,rav08,ang,AV_pair,L:E|R:H,H_vs_E@strong,buttons,7,left,L2,,,,789,0,0,0,,
P02,cn,1,pair,10,0,0,0,v6_pair_fb8e3dd060_1.mp4,en,rav08,ang,AV_pair,L:E|R:H,H_vs_E@normal,buttons,7,left,L1,,,,1146,1,0,0,,
P02,cn,1,pair,11,0,0,0,v6_pair_53e6c4770b_2.mp4,en,rav14,hap,AV_pair,L:H|R:E,H_vs_E@strong,buttons,7,right,R1,,,,833,0,0,0,,
P02,cn,1,pair,12,0,0,0,v6_pair_0c8482b715_1.mp4,en,rav02,ang,AV_pair,L:E|R:H,H_vs_E@normal,buttons,7,same,S0,,,,805,1,0,0,,
P02,cn,1,pair,13,0,0,0,v6_pair_faec1498b7_2.mp4,en,rav08,ang,AV_pair,L:H|R:R,H_vs_R@strong,buttons,7,right,R1,,,,792,0,0,0,,
P02,cn,1,pair,14,0,0,0,v6_pair_f5403c44bd_2.mp4,en,rav16,hap,AV_pair,L:H|R:R,H_vs_R@strong,buttons,7,right,R1,,,,802,1,0,0,,
P02,cn,1,pair,15,0,0,0,v6_pair_dc983160dd_2.mp4,en,rav02,ang,AV_pair,L:H|R:R,H_vs_R@strong,buttons,7,left,L1,,,,1120,0,0,0,,
P02,cn,1,pair,16,0,0,0,v6_pair_c38e9eb491_2.mp4,en,rav18,dis,AV_pair,L:H|R:E,H_vs_E@strong,buttons,7,right,R2,,,,742,0,0,0,,
P02,cn,1,pair,17,0,0,0,v6_pair_93629a9394_1.mp4,en,rav06,ang,AV_pair,L:R|R:H,H_vs_R@strong,buttons,7,left,L1,,,,910,1,0,0,,
P02,cn,1,pair,18,0,0,0,v6_pair_0a26430948_1.mp4,en,rav04,hap,AV_pair,L:E|R:H,H_vs_E@normal,buttons,7,right,R1,,,,647,0,0,0,,
P02,cn,1,pair,19,0,0,0,v6_pair_417168a67a_2.mp4,en,rav20,fear,AV_pair,L:H|R:R,H_vs_R@strong,buttons,7,same,S0,,,,996,0,0,0,,
P02,cn,1,pair,20,0,0,0,v6_pair_58bfd0c96b_1.mp4,en,rav24,dis,AV_pair,L:R|R:H,H_vs_R@strong,buttons,7,left,L1,,,,644,0,0,0,,
P02,cn,1,pair,21,0,0,0,v6_pair_a97dec2f4e_1.mp4,en,rav14,hap,AV_pair,L:R|R:H,H_vs_R@strong,buttons,7,right,R1,,,,518,0,0,0,,
P02,cn,1,pair,22,0,0,0,v6_pair_6f570415b8_2.mp4,en,rav12,fear,AV_pair,L:H|R:R,H_vs_R@strong,buttons,7,right,R1,,,,1044,0,0,0,,
P02,cn,1,pair,23,0,0,0,v6_pair_5caed2de25_2.mp4,en,rav06,ang,AV_pair,L:H|R:E,H_vs_E@normal,buttons,7,right,R2,,,,744,0,0,0,,
P02,cn,1,pair,24,0,0,0,v6_pair_3961b3142e_1.mp4,en,rav20,fear,AV_pair,L:E|R:H,H_vs_E@strong,buttons,7,right,R1,,,,2323,0,0,0,,
P02,cn,1,pair,25,0,0,0,v6_pair_87b373e751_1.mp4,en,rav16,hap,AV_pair,L:E|R:H,H_vs_E@strong,buttons,7,left,L1,,,,869,0,0,0,,
P02,cn,1,pair,26,0,0,0,v6_pair_5adfe6a4bd_1.mp4,en,rav20,fear,AV_pair,L:E|R:H,H_vs_E@normal,buttons,7,same,S0,,,,660,1,0,0,,
P02,cn,1,pair,27,0,0,0,v6_pair_13ae59e46d_2.mp4,en,rav02,dis,AV_pair,L:H|R:E,H_vs_E@strong,buttons,7,right,R2,,,,962,0,0,0,,
P02,cn,1,pair,28,0,0,0,v6_pair_1fc4717f31_1.mp4,en,rav16,hap,AV_pair,L:E|R:H,H_vs_E@normal,buttons,7,left,L1,,,,725,1,0,0,,
P02,cn,1,pair,29,0,0,0,v6_pair_8073668068_1.mp4,en,rav02,dis,AV_pair,L:R|R:H,H_vs_R@strong,buttons,7,left,L1,,,,586,0,0,0,,
P02,cn,1,pair,30,0,0,0,v6_pair_23d7c570a2_1.mp4,en,rav04,hap,AV_pair,L:E|R:H,H_vs_E@strong,buttons,7,left,L1,,,,810,0,0,0,,
P02,cn,1,pair,31,0,0,0,v6_pair_33e30e2c1d_2.mp4,en,rav02,dis,AV_pair,L:H|R:E,H_vs_E@normal,buttons,7,same,S0,,,,1159,0,0,0,,
P02,cn,1,pair,32,0,0,0,v6_pair_d3f0adc106_1.mp4,en,rav10,fear,AV_pair,L:R|R:H,H_vs_R@strong,buttons,7,right,R1,,,,1091,0,0,0,,
P02,cn,1,pair,33,0,0,0,v6_pair_7697f115bc_1.mp4,en,rav12,fear,AV_pair,L:E|R:H,H_vs_E@strong,buttons,7,left,L1,,,,617,0,0,0,,
P02,cn,1,pair,34,0,0,0,v6_pair_e5c0cf4a07_2.mp4,en,rav04,hap,AV_pair,L:H|R:R,H_vs_R@strong,buttons,7,left,L1,,,,444,0,0,0,,
P02,cn,1,pair,35,0,0,0,v6_pair_db8f08e27f_2.mp4,en,rav10,fear,AV_pair,L:H|R:E,H_vs_E@normal,buttons,7,same,S0,,,,555,0,0,0,,
P02,cn,1,pair_catch,36,0,1,0,v6_catch_6f7a8a44b1_1.mp4,en,rav10,hap,AV_pair,L:H|R:still,correct:left,buttons,2,left,left,,,,2878,0,0,0,1,1
P02,cn,1,pair,37,0,0,0,v6_pair_3b7f4443aa_1.mp4,en,rav12,fear,AV_pair,L:E|R:H,H_vs_E@normal,buttons,7,left,L1,,,,608,0,0,0,,
P02,cn,1,pair,38,0,0,0,v6_pair_7ef69736a7_1.mp4,en,rav18,dis,AV_pair,L:R|R:H,H_vs_R@strong,buttons,7,left,L2,,,,597,0,0,0,,
P02,cn,1,pair,39,0,0,0,v6_pair_d81bffa4be_1.mp4,en,rav02,ang,AV_pair,L:E|R:H,H_vs_E@strong,buttons,7,left,L1,,,,745,0,0,0,,
P02,cn,1,pair,40,0,0,0,v6_pair_4a472014db_2.mp4,en,rav06,ang,AV_pair,L:H|R:E,H_vs_E@strong,buttons,7,same,S0,,,,1032,0,0,0,,
P02,cn,1,pair,41,0,0,0,v6_pair_66fc12fdc8_2.mp4,en,rav14,hap,AV_pair,L:H|R:E,H_vs_E@normal,buttons,7,left,L2,,,,614,0,0,0,,
P02,cn,1,pair,42,0,0,0,v6_pair_69a37819e2_2.mp4,en,rav10,fear,AV_pair,L:H|R:E,H_vs_E@strong,buttons,7,right,R2,,,,589,0,0,0,,
P02,cn,1,pair,43,0,0,0,v6_pair_97e6c7f1ce_2.mp4,en,rav18,dis,AV_pair,L:H|R:E,H_vs_E@normal,buttons,7,right,R3,,,,449,0,0,0,,
P02,cn,1,pair,44,0,0,0,v6_pair_0c7d060d5f_2.mp4,en,rav24,dis,AV_pair,L:H|R:E,H_vs_E@strong,buttons,7,right,R2,,,,565,0,0,0,,
P02,cn,1,pair_ml,45,0,0,0,v6_pair_ml_9b2f256f7d_2.mp4,cn,0002_000838,hap,AV_pair,L:L|R:E,L_vs_E@cn,buttons,7,right,R1,,,,1354,0,0,0,,
P02,cn,1,pair_ml,46,0,0,0,v6_pair_ml_d921b78eb4_1.mp4,jp,jp_ang_short_sentence,ang,AV_pair,L:E|R:L,L_vs_E@jp,buttons,7,same,S0,,,,1111,0,0,0,,
P02,cn,1,pair_ml,47,0,0,0,v6_pair_ml_98df03baec_2.mp4,en,en_sad_short_sentence,sad,AV_pair,L:L|R:E,L_vs_E@en,buttons,7,right,R1,,,,1030,0,0,0,,
P02,cn,1,pair_ml,48,0,0,0,v6_pair_ml_c4711cd80a_2.mp4,cn,0002_000488,ang,AV_pair,L:L|R:Lrev,L_vs_Lrev@cn,buttons,7,right,R1,,,,746,0,0,0,,
P02,cn,1,pair_ml,49,0,0,0,v6_pair_ml_afa28cd8ae_2.mp4,jp,jp_hap_short_sentence,hap,AV_pair,L:L|R:E,L_vs_E@jp,buttons,7,right,R2,,,,1323,1,0,0,,
P02,cn,1,pair_ml,50,0,0,0,v6_pair_ml_506942a631_1.mp4,en,en_sad_short_sentence,sad,AV_pair,L:Lrev|R:L,L_vs_Lrev@en,buttons,7,right,R1,,,,1117,0,0,0,,
P02,cn,1,pair_ml,51,0,0,0,v6_pair_ml_7e3e5bb20d_1.mp4,cn,0002_000488,ang,AV_pair,L:E|R:L,L_vs_E@cn,buttons,7,left,L2,,,,780,0,0,0,,
P02,cn,1,pair_ml,52,0,0,0,v6_pair_ml_4fc1e0e0d1_1.mp4,jp,jp_sad_short_sentence,sad,AV_pair,L:E|R:L,L_vs_E@jp,buttons,7,left,L1,,,,611,0,0,0,,
P02,cn,1,pair_ml,53,0,0,0,v6_pair_ml_97c8810aa2_2.mp4,en,en_hap_short_sentence,hap,AV_pair,L:L|R:Lrev,L_vs_Lrev@en,buttons,7,left,L1,,,,547,0,0,0,,
P02,cn,1,pair_ml,54,0,0,0,v6_pair_ml_d5ab099d51_1.mp4,cn,0002_001188,sad,AV_pair,L:E|R:L,L_vs_E@cn,buttons,7,left,L1,,,,643,0,0,0,,
P02,cn,1,pair_ml,55,0,0,0,v6_pair_ml_e5fa8f451a_1.mp4,en,en_ang_short_sentence,ang,AV_pair,L:Lrev|R:L,L_vs_Lrev@en,buttons,7,right,R1,,,,1285,0,0,0,,
P02,cn,1,pair_ml,56,0,0,0,v6_pair_ml_d6dd46665d_2.mp4,cn,0002_001188,sad,AV_pair,L:L|R:Lrev,L_vs_Lrev@cn,buttons,7,left,L1,,,,590,0,0,0,,
P02,cn,1,pair_ml,57,0,0,0,v6_pair_ml_c3519312c6_1.mp4,jp,jp_hap_short_sentence,hap,AV_pair,L:Lrev|R:L,L_vs_Lrev@jp,buttons,7,right,R2,,,,575,0,0,0,,
P02,cn,1,pair_ml,58,0,0,0,v6_pair_ml_44c920798b_2.mp4,en,en_ang_short_sentence,ang,AV_pair,L:L|R:E,L_vs_E@en,buttons,7,same,S0,,,,912,0,0,0,,
P02,cn,1,pair_ml,59,0,0,0,v6_pair_ml_1780ae57a3_2.mp4,jp,jp_sad_short_sentence,sad,AV_pair,L:L|R:Lrev,L_vs_Lrev@jp,buttons,7,right,R1,,,,845,0,0,0,,
P02,cn,1,pair_ml,60,0,0,0,v6_pair_ml_a717ea56f4_1.mp4,cn,0002_000838,hap,AV_pair,L:Lrev|R:L,L_vs_Lrev@cn,buttons,7,left,L1,,,,623,1,0,0,,
P02,cn,1,pair_ml,61,0,0,0,v6_pair_ml_0bc71a1be9_2.mp4,jp,jp_ang_short_sentence,ang,AV_pair,L:L|R:Lrev,L_vs_Lrev@jp,buttons,7,same,S0,,,,661,0,0,0,,
P02,cn,1,pair_ml,62,0,0,0,v6_pair_ml_f26827db2f_1.mp4,en,en_hap_short_sentence,hap,AV_pair,L:E|R:L,L_vs_E@en,buttons,7,left,L2,,,,993,0,0,0,,
P02,cn,1,pair_mute,63,0,0,0,v6_pair_mute_005d45f10b_2.mp4,en,rav06,ang,AV_pair,L:H|R:E,mute:H_vs_E@strong,buttons,7,left,L1,,,,770,1,0,0,,
P02,cn,1,pair_mute,64,0,0,0,v6_pair_mute_39140f1f71_1.mp4,en,rav04,hap,AV_pair,L:E|R:H,mute:H_vs_E@strong,buttons,7,right,R2,,,,1526,0,0,0,,
P02,cn,1,pair_mute,65,0,0,0,v6_pair_mute_30ad4160ab_1.mp4,en,rav18,dis,AV_pair,L:E|R:H,mute:H_vs_E@strong,buttons,7,left,L3,,,,473,0,0,0,,
P02,cn,1,pair_mute,66,0,0,0,v6_pair_mute_250e7890e4_2.mp4,en,rav20,fear,AV_pair,L:H|R:E,mute:H_vs_E@strong,buttons,7,right,R2,,,,656,0,0,0,,
P02,cn,1,pair_mute,67,0,0,0,v6_pair_mute_3b6fa3b207_2.mp4,en,rav16,hap,AV_pair,L:H|R:E,mute:H_vs_E@strong,buttons,7,right,R2,,,,887,0,0,0,,
P02,cn,1,pair_mute,68,0,0,0,v6_pair_mute_555cc59e4b_1.mp4,en,rav10,fear,AV_pair,L:E|R:H,mute:H_vs_E@strong,buttons,7,left,L2,,,,786,0,0,0,,
P02,cn,1,voice_only,69,0,0,0,v6_voice_cd8f85d3b2_1.mp4,en,rav04,hap,voice_only,voice:normal,voice_check,buttons,7,,hap,2,,,738,0,0,0,1,
P02,cn,1,voice_only,70,0,0,0,v6_voice_70e2096718_1.mp4,en,rav20,fear,voice_only,voice:strong,voice_check,buttons,7,,fear,5,,,954,0,0,0,1,
P02,cn,1,voice_only,71,0,0,0,v6_voice_214566cf57_1.mp4,en,rav14,hap,voice_only,voice:normal,voice_check,buttons,7,,hap,4,,,811,0,0,0,1,
P02,cn,1,voice_only,72,0,0,0,v6_voice_aaea5d0aab_1.mp4,en,rav12,fear,voice_only,voice:strong,voice_check,buttons,7,,fear,3,,,2170,0,0,0,1,
P02,cn,1,voice_only,73,0,0,0,v6_voice_50a83a8476_1.mp4,en,rav18,dis,voice_only,voice:normal,voice_check,buttons,7,,sur,4,,,844,0,0,0,0,
P02,cn,1,voice_only,74,0,0,0,v6_voice_08aabec890_1.mp4,en,rav06,ang,voice_only,voice:strong,voice_check,buttons,7,,ang,5,,,382,0,0,0,1,
P02,cn,1,voice_only,75,0,0,0,v6_voice_7642129e05_1.mp4,en,rav12,fear,voice_only,voice:normal,voice_check,buttons,7,,sad,2,,,2140,0,0,0,0,
P02,cn,1,voice_only,75,0,0,1,v6_voice_7642129e05_1.mp4,en,rav12,fear,voice_only,voice:normal,voice_check,buttons,7,,sad,2,,,910,0,0,0,0,
P02,cn,1,voice_only,76,0,0,0,v6_voice_5daeb1533f_1.mp4,en,rav04,hap,voice_only,voice:strong,voice_check,buttons,7,,hap,3,,,771,0,0,0,1,
P02,cn,1,voice_only,77,0,0,0,v6_voice_a66c973128_1.mp4,en,rav06,ang,voice_only,voice:normal,voice_check,buttons,7,,ang,1,,,1407,0,0,0,1,
P02,cn,1,voice_only,78,0,0,0,v6_voice_b0cfac7f4c_1.mp4,en,rav18,dis,voice_only,voice:strong,voice_check,buttons,7,,sur,3,,,1944,0,0,0,0,
P02,cn,1,voice_only,79,0,0,0,v6_voice_fb11565c01_1.mp4,en,rav20,fear,voice_only,voice:normal,voice_check,buttons,7,,sad,5,,,568,0,0,0,0,
P02,cn,1,voice_only,80,0,0,0,v6_voice_17e973c755_1.mp4,en,rav14,hap,voice_only,voice:strong,voice_check,buttons,7,,hap,6,,,1773,0,0,0,1,
P03,cn,1,single,0,0,0,0,v6_single_739783e84d_3.mp4,en,rav10,fear,AV,,,buttons,7,,sad,3,2,,1224,2,0,0,0,
P03,cn,1,single,1,0,0,0,v6_single_7b8afe562a_2.mp4,en,rav06,ang,AV,,,buttons,7,,ang,2,2,,2119,0,0,0,1,
P03,cn,1,single,2,0,0,0,v6_single_24bf624e7d_1.mp4,en,rav16,hap,AV,,,buttons,7,,hap,4,4,,1469,0,0,0,1,
P03,cn,1,single,3,0,0,0,v6_single_802ffa53c5_3.mp4,en,rav20,fear,AV,,,buttons,7,,fear,1,1,,2187,0,0,0,1,
P03,cn,1,single,4,0,0,0,v6_single_76ee15a092_1.mp4,en,rav04,hap,AV,,,buttons,7,,hap,4,3,,3246,0,0,0,1,
P03,cn,1,single,5,0,0,0,v6_single_a721e1869f_2.mp4,en,rav18,dis,AV,,,buttons,7,,dis,3,2,,1372,0,0,0,1,
P03,cn,1,practice,6,1,0,0,v6_practice_85af89ed95_2.mp4,en,rav10,hap,AV_pair,L:H|R:E,practice:H_vs_E@strong,buttons,7,left,L1,,,,2856,2,0,0,,
P03,cn,1,practice,7,1,0,0,v6_practice_cd0abf6ffd_1.mp4,en,rav22,ang,AV_pair,L:E|R:H,practice:H_vs_E@strong,buttons,7,left,L2,,,,1539,1,0,0,,
P03,cn,1,pair,8,0,0,0,v6_pair_fb8e3dd060_1.mp4,en,rav08,ang,AV_pair,L:E|R:H,H_vs_E@normal,buttons,7,right,R1,,,,1904,0,0,0,,
P03,cn,1,pair,9,0,0,0,v6_pair_d81bffa4be_1.mp4,en,rav02,ang,AV_pair,L:E|R:H,H_vs_E@strong,buttons,7,right,R2,,,,1075,1,0,0,,
P03,cn,1,pair,10,0,0,0,v6_pair_faec1498b7_2.mp4,en,rav08,ang,AV_pair,L:H|R:R,H_vs_R@strong,buttons,7,same,S0,,,,1531,2,0,0,,
P03,cn,1,pair,11,0,0,0,v6_pair_c38e9eb491_2.mp4,en,rav18,dis,AV_pair,L:H|R:E,H_vs_E@strong,buttons,7,right,R1,,,,1394,1,0,0,,
P03,cn,1,pair,12,0,0,0,v6_pair_d3f0adc106_1.mp4,en,rav10,fear,AV_pair,L:R|R:H,H_vs_R@strong,buttons,7,same,S0,,,,1548,1,0,0,,
P03,cn,1,pair,13,0,0,0,v6_pair_13ae59e46d_2.mp4,en,rav02,dis,AV_pair,L:H|R:E,H_vs_E@strong,buttons,7,right,R1,,,,1386,1,0,0,,
P03,cn,1,pair,14,0,0,0,v6_pair_0c7d060d5f_2.mp4,en,rav24,dis,AV_pair,L:H|R:E,H_vs_E@strong,buttons,7,right,R1,,,,1579,1,0,0,,
P03,cn,1,pair,15,0,0,0,v6_pair_417168a67a_2.mp4,en,rav20,fear,AV_pair,L:H|R:R,H_vs_R@strong,buttons,7,same,S0,,,,1112,0,0,0,,
P03,cn,1,pair,16,0,0,0,v6_pair_53e6c4770b_2.mp4,en,rav14,hap,AV_pair,L:H|R:E,H_vs_E@strong,buttons,7,left,L2,,,,1017,1,0,0,,
P03,cn,1,pair,17,0,0,0,v6_pair_8073668068_1.mp4,en,rav02,dis,AV_pair,L:R|R:H,H_vs_R@strong,buttons,7,right,R1,,,,1029,0,0,0,,
P03,cn,1,pair_catch,18,0,1,0,v6_catch_6f7a8a44b1_1.mp4,en,rav10,hap,AV_pair,L:H|R:still,correct:left,buttons,2,left,left,,,,3992,0,0,0,1,1
P03,cn,1,pair,19,0,0,0,v6_pair_3b7f4443aa_1.mp4,en,rav12,fear,AV_pair,L:E|R:H,H_vs_E@normal,buttons,7,right,R1,,,,1266,1,0,0,,
P03,cn,1,pair,20,0,0,0,v6_pair_93629a9394_1.mp4,en,rav06,ang,AV_pair,L:R|R:H,H_vs_R@strong,buttons,7,left,L2,,,,1005,2,0,0,,
P03,cn,1,pair,21,0,0,0,v6_pair_5adfe6a4bd_1.mp4,en,rav20,fear,AV_pair,L:E|R:H,H_vs_E@normal,buttons,7,right,R1,,,,957,3,0,0,,
P03,cn,1,pair,22,0,0,0,v6_pair_dc983160dd_2.mp4,en,rav02,ang,AV_pair,L:H|R:R,H_vs_R@strong,buttons,7,right,R2,,,,1326,0,0,0,,
P03,cn,1,pair,23,0,0,0,v6_pair_3961b3142e_1.mp4,en,rav20,fear,AV_pair,L:E|R:H,H_vs_E@strong,buttons,7,same,S0,,,,1030,1,0,0,,
P03,cn,1,pair,24,0,0,0,v6_pair_87b373e751_1.mp4,en,rav16,hap,AV_pair,L:E|R:H,H_vs_E@strong,buttons,7,right,R2,,,,984,0,0,0,,
P03,cn,1,pair,25,0,0,0,v6_pair_6f570415b8_2.mp4,en,rav12,fear,AV_pair,L:H|R:R,H_vs_R@strong,buttons,7,left,L1,,,,881,0,0,0,,
P03,cn,1,pair,26,0,0,0,v6_pair_db8f08e27f_2.mp4,en,rav10,fear,AV_pair,L:H|R:E,H_vs_E@normal,buttons,7,left,L1,,,,1025,2,0,0,,
P03,cn,1,pair,27,0,0,0,v6_pair_0c8482b715_1.mp4,en,rav02,ang,AV_pair,L:E|R:H,H_vs_E@normal,buttons,7,right,R2,,,,860,0,0,0,,
P03,cn,1,pair,28,0,0,0,v6_pair_e86b22f765_2.mp4,en,rav24,dis,AV_pair,L:H|R:E,H_vs_E@normal,buttons,7,right,R1,,,,1370,2,0,0,,
P03,cn,1,pair,29,0,0,0,v6_pair_69a37819e2_2.mp4,en,rav10,fear,AV_pair,L:H|R:E,H_vs_E@strong,buttons,7,right,R1,,,,1710,2,0,0,,
P03,cn,1,pair,30,0,0,0,v6_pair_5caed2de25_2.mp4,en,rav06,ang,AV_pair,L:H|R:E,H_vs_E@normal,buttons,7,left,L1,,,,3700,2,0,0,,
P03,cn,1,pair,31,0,0,0,v6_pair_58bfd0c96b_1.mp4,en,rav24,dis,AV_pair,L:R|R:H,H_vs_R@strong,buttons,7,same,S0,,,,1307,1,0,0,,
P03,cn,1,pair,32,0,0,0,v6_pair_c12bac8692_1.mp4,en,rav08,ang,AV_pair,L:E|R:H,H_vs_E@strong,buttons,7,left,L1,,,,1567,2,0,0,,
P03,cn,1,pair,33,0,0,0,v6_pair_a97dec2f4e_1.mp4,en,rav14,hap,AV_pair,L:R|R:H,H_vs_R@strong,buttons,7,right,R1,,,,791,1,0,0,,
P03,cn,1,pair,34,0,0,0,v6_pair_f5403c44bd_2.mp4,en,rav16,hap,AV_pair,L:H|R:R,H_vs_R@strong,buttons,7,left,L2,,,,1226,1,0,0,,
P03,cn,1,pair,35,0,0,0,v6_pair_7697f115bc_1.mp4,en,rav12,fear,AV_pair,L:E|R:H,H_vs_E@strong,buttons,7,same,S0,,,,1867,1,0,0,,
P03,cn,1,pair,36,0,0,0,v6_pair_4a472014db_2.mp4,en,rav06,ang,AV_pair,L:H|R:E,H_vs_E@strong,buttons,7,same,S0,,,,1301,2,0,0,,
P03,cn,1,pair,37,0,0,0,v6_pair_66fc12fdc8_2.mp4,en,rav14,hap,AV_pair,L:H|R:E,H_vs_E@normal,buttons,7,left,L1,,,,2075,4,0,0,,
P03,cn,1,pair,38,0,0,0,v6_pair_0a26430948_1.mp4,en,rav04,hap,AV_pair,L:E|R:H,H_vs_E@normal,buttons,7,right,R1,,,,1307,0,0,0,,
P03,cn,1,pair,39,0,0,0,v6_pair_23d7c570a2_1.mp4,en,rav04,hap,AV_pair,L:E|R:H,H_vs_E@strong,buttons,7,right,R1,,,,940,0,0,0,,
P03,cn,1,pair,40,0,0,0,v6_pair_97e6c7f1ce_2.mp4,en,rav18,dis,AV_pair,L:H|R:E,H_vs_E@normal,buttons,7,right,R1,,,,920,1,0,0,,
P03,cn,1,pair,41,0,0,0,v6_pair_e5c0cf4a07_2.mp4,en,rav04,hap,AV_pair,L:H|R:R,H_vs_R@strong,buttons,7,left,L1,,,,971,0,0,0,,
P03,cn,1,pair,42,0,0,0,v6_pair_1fc4717f31_1.mp4,en,rav16,hap,AV_pair,L:E|R:H,H_vs_E@normal,buttons,7,right,R1,,,,786,3,0,0,,
P03,cn,1,pair,43,0,0,0,v6_pair_7ef69736a7_1.mp4,en,rav18,dis,AV_pair,L:R|R:H,H_vs_R@strong,buttons,7,right,R1,,,,667,0,0,0,,
P03,cn,1,pair,44,0,0,0,v6_pair_33e30e2c1d_2.mp4,en,rav02,dis,AV_pair,L:H|R:E,H_vs_E@normal,buttons,7,right,R1,,,,1650,1,0,0,,
P03,cn,1,pair_ml,45,0,0,0,v6_pair_ml_0bc71a1be9_2.mp4,jp,jp_ang_short_sentence,ang,AV_pair,L:L|R:Lrev,L_vs_Lrev@jp,buttons,7,right,R1,,,,1798,4,0,0,,
P03,cn,1,pair_ml,46,0,0,0,v6_pair_ml_d6dd46665d_2.mp4,cn,0002_001188,sad,AV_pair,L:L|R:Lrev,L_vs_Lrev@cn,buttons,7,same,S0,,,,2013,2,0,0,,
P03,cn,1,pair_ml,47,0,0,0,v6_pair_ml_e5fa8f451a_1.mp4,en,en_ang_short_sentence,ang,AV_pair,L:Lrev|R:L,L_vs_Lrev@en,buttons,7,left,L1,,,,1552,1,0,0,,
P03,cn,1,pair_ml,48,0,0,0,v6_pair_ml_a717ea56f4_1.mp4,cn,0002_000838,hap,AV_pair,L:Lrev|R:L,L_vs_Lrev@cn,buttons,7,right,R1,,,,899,3,0,0,,
P03,cn,1,pair_ml,49,0,0,0,v6_pair_ml_1780ae57a3_2.mp4,jp,jp_sad_short_sentence,sad,AV_pair,L:L|R:Lrev,L_vs_Lrev@jp,buttons,7,left,L1,,,,1167,1,0,0,,
P03,cn,1,pair_ml,50,0,0,0,v6_pair_ml_7e3e5bb20d_1.mp4,cn,0002_000488,ang,AV_pair,L:E|R:L,L_vs_E@cn,buttons,7,right,R2,,,,1304,1,0,0,,
P03,cn,1,pair_ml,51,0,0,0,v6_pair_ml_f26827db2f_1.mp4,en,en_hap_short_sentence,hap,AV_pair,L:E|R:L,L_vs_E@en,buttons,7,right,R1,,,,1860,0,0,0,,
P03,cn,1,pair_ml,52,0,0,0,v6_pair_ml_4fc1e0e0d1_1.mp4,jp,jp_sad_short_sentence,sad,AV_pair,L:E|R:L,L_vs_E@jp,buttons,7,right,R1,,,,1028,0,0,0,,
P03,cn,1,pair_ml,53,0,0,0,v6_pair_ml_c4711cd80a_2.mp4,cn,0002_000488,ang,AV_pair,L:L|R:Lrev,L_vs_Lrev@cn,buttons,7,right,R1,,,,846,0,0,0,,
P03,cn,1,pair_ml,54,0,0,0,v6_pair_ml_97c8810aa2_2.mp4,en,en_hap_short_sentence,hap,AV_pair,L:L|R:Lrev,L_vs_Lrev@en,buttons,7,same,S0,,,,1439,2,0,0,,
P03,cn,1,pair_ml,55,0,0,0,v6_pair_ml_d921b78eb4_1.mp4,jp,jp_ang_short_sentence,ang,AV_pair,L:E|R:L,L_vs_E@jp,buttons,7,same,S0,,,,1261,0,0,0,,
P03,cn,1,pair_ml,56,0,0,0,v6_pair_ml_98df03baec_2.mp4,en,en_sad_short_sentence,sad,AV_pair,L:L|R:E,L_vs_E@en,buttons,7,right,R1,,,,1241,1,0,0,,
P03,cn,1,pair_ml,57,0,0,0,v6_pair_ml_afa28cd8ae_2.mp4,jp,jp_hap_short_sentence,hap,AV_pair,L:L|R:E,L_vs_E@jp,buttons,7,same,S0,,,,947,2,0,0,,
P03,cn,1,pair_ml,58,0,0,0,v6_pair_ml_d5ab099d51_1.mp4,cn,0002_001188,sad,AV_pair,L:E|R:L,L_vs_E@cn,buttons,7,left,L2,,,,1490,2,0,0,,
P03,cn,1,pair_ml,59,0,0,0,v6_pair_ml_c3519312c6_1.mp4,jp,jp_hap_short_sentence,hap,AV_pair,L:Lrev|R:L,L_vs_Lrev@jp,buttons,7,same,S0,,,,1386,1,0,0,,
P03,cn,1,pair_ml,60,0,0,0,v6_pair_ml_44c920798b_2.mp4,en,en_ang_short_sentence,ang,AV_pair,L:L|R:E,L_vs_E@en,buttons,7,same,S0,,,,1326,3,0,0,,
P03,cn,1,pair_ml,61,0,0,0,v6_pair_ml_9b2f256f7d_2.mp4,cn,0002_000838,hap,AV_pair,L:L|R:E,L_vs_E@cn,buttons,7,right,R1,,,,815,1,0,0,,
P03,cn,1,pair_ml,62,0,0,0,v6_pair_ml_506942a631_1.mp4,en,en_sad_short_sentence,sad,AV_pair,L:Lrev|R:L,L_vs_Lrev@en,buttons,7,right,R1,,,,1418,3,0,0,,
P03,cn,1,pair_mute,63,0,0,0,v6_pair_mute_3b6fa3b207_2.mp4,en,rav16,hap,AV_pair,L:H|R:E,mute:H_vs_E@strong,buttons,7,left,L1,,,,919,5,0,0,,
P03,cn,1,pair_mute,64,0,0,0,v6_pair_mute_30ad4160ab_1.mp4,en,rav18,dis,AV_pair,L:E|R:H,mute:H_vs_E@strong,buttons,7,right,R1,,,,1359,1,0,0,,
P03,cn,1,pair_mute,65,0,0,0,v6_pair_mute_39140f1f71_1.mp4,en,rav04,hap,AV_pair,L:E|R:H,mute:H_vs_E@strong,buttons,7,right,R1,,,,660,0,0,0,,
P03,cn,1,pair_mute,66,0,0,0,v6_pair_mute_250e7890e4_2.mp4,en,rav20,fear,AV_pair,L:H|R:E,mute:H_vs_E@strong,buttons,7,left,L1,,,,720,0,0,0,,
P03,cn,1,pair_mute,67,0,0,0,v6_pair_mute_555cc59e4b_1.mp4,en,rav10,fear,AV_pair,L:E|R:H,mute:H_vs_E@strong,buttons,7,right,R1,,,,871,1,0,0,,
P03,cn,1,pair_mute,68,0,0,0,v6_pair_mute_005d45f10b_2.mp4,en,rav06,ang,AV_pair,L:H|R:E,mute:H_vs_E@strong,buttons,7,left,L1,,,,903,0,0,0,,
P03,cn,1,voice_only,69,0,0,0,v6_voice_08aabec890_1.mp4,en,rav06,ang,voice_only,voice:strong,voice_check,buttons,7,,ang,7,,,3467,0,0,0,1,
P03,cn,1,voice_only,70,0,0,0,v6_voice_50a83a8476_1.mp4,en,rav18,dis,voice_only,voice:normal,voice_check,buttons,7,,dis,4,,,2777,0,0,0,1,
P03,cn,1,voice_only,71,0,0,0,v6_voice_17e973c755_1.mp4,en,rav14,hap,voice_only,voice:strong,voice_check,buttons,7,,sad,4,,,2489,0,0,0,0,
P03,cn,1,voice_only,72,0,0,0,v6_voice_fb11565c01_1.mp4,en,rav20,fear,voice_only,voice:normal,voice_check,buttons,7,,fear,2,,,4819,0,0,0,1,
P03,cn,1,voice_only,73,0,0,0,v6_voice_b0cfac7f4c_1.mp4,en,rav18,dis,voice_only,voice:strong,voice_check,buttons,7,,dis,5,,,1009,0,0,0,1,
P03,cn,1,voice_only,74,0,0,0,v6_voice_7642129e05_1.mp4,en,rav12,fear,voice_only,voice:normal,voice_check,buttons,7,,neu,,,,2681,0,0,0,0,
P03,cn,1,voice_only,75,0,0,0,v6_voice_5daeb1533f_1.mp4,en,rav04,hap,voice_only,voice:strong,voice_check,buttons,7,,hap,4,,,942,0,0,0,1,
P03,cn,1,voice_only,76,0,0,0,v6_voice_a66c973128_1.mp4,en,rav06,ang,voice_only,voice:normal,voice_check,buttons,7,,dis,2,,,2579,0,0,0,0,
P03,cn,1,voice_only,77,0,0,0,v6_voice_70e2096718_1.mp4,en,rav20,fear,voice_only,voice:strong,voice_check,buttons,7,,sad,6,,,1238,0,0,0,0,
P03,cn,1,voice_only,78,0,0,0,v6_voice_214566cf57_1.mp4,en,rav14,hap,voice_only,voice:normal,voice_check,buttons,7,,hap,4,,,989,0,0,0,1,
P03,cn,1,voice_only,79,0,0,0,v6_voice_aaea5d0aab_1.mp4,en,rav12,fear,voice_only,voice:strong,voice_check,buttons,7,,fear,5,,,1443,0,0,0,1,
P03,cn,1,voice_only,80,0,0,0,v6_voice_cd8f85d3b2_1.mp4,en,rav04,hap,voice_only,voice:normal,voice_check,buttons,7,,hap,2,,,1738,0,0,0,1,
P04,cn,1,single,0,0,0,0,v6_single_76ee15a092_3.mp4,en,rav04,hap,AV,,,buttons,7,,sur,2,2,,5412,0,0,0,0,
P04,cn,1,single,1,0,0,0,v6_single_a721e1869f_1.mp4,en,rav18,dis,AV,,,buttons,7,,sad,3,4,,2264,0,0,0,0,
P04,cn,1,single,2,0,0,0,v6_single_802ffa53c5_2.mp4,en,rav20,fear,AV,,,buttons,7,,fear,3,3,,2029,0,0,0,1,
P04,cn,1,single,3,0,0,0,v6_single_24bf624e7d_3.mp4,en,rav16,hap,AV,,,buttons,7,,hap,3,3,,2209,0,0,0,1,
P04,cn,1,single,4,0,0,0,v6_single_739783e84d_2.mp4,en,rav10,fear,AV,,,buttons,7,,sad,3,3,,7422,0,0,0,0,
P04,cn,1,single,5,0,0,0,v6_single_7b8afe562a_1.mp4,en,rav06,ang,AV,,,buttons,7,,ang,1,2,,1779,0,0,0,1,
P04,cn,1,practice,6,1,0,0,v6_practice_cd0abf6ffd_2.mp4,en,rav22,ang,AV_pair,L:H|R:E,practice:H_vs_E@strong,buttons,7,left,L1,,,,3620,1,0,0,,
P04,cn,1,practice,7,1,0,0,v6_practice_85af89ed95_1.mp4,en,rav10,hap,AV_pair,L:E|R:H,practice:H_vs_E@strong,buttons,7,same,S0,,,,2086,0,0,0,,
P04,cn,1,pair,8,0,0,0,v6_pair_3b7f4443aa_2.mp4,en,rav12,fear,AV_pair,L:H|R:E,H_vs_E@normal,buttons,7,left,L1,,,,1853,0,0,0,,
P04,cn,1,pair,9,0,0,0,v6_pair_e86b22f765_1.mp4,en,rav24,dis,AV_pair,L:E|R:H,H_vs_E@normal,buttons,7,left,L1,,,,1707,0,0,0,,
P04,cn,1,pair,10,0,0,0,v6_pair_13ae59e46d_1.mp4,en,rav02,dis,AV_pair,L:E|R:H,H_vs_E@strong,buttons,7,same,S0,,,,869,0,0,0,,
P04,cn,1,pair,11,0,0,0,v6_pair_d81bffa4be_2.mp4,en,rav02,ang,AV_pair,L:H|R:E,H_vs_E@strong,buttons,7,left,L1,,,,1343,0,0,0,,
P04,cn,1,pair,12,0,0,0,v6_pair_f5403c44bd_1.mp4,en,rav16,hap,AV_pair,L:R|R:H,H_vs_R@strong,buttons,7,left,L1,,,,795,0,0,0,,
P04,cn,1,pair,13,0,0,0,v6_pair_93629a9394_2.mp4,en,rav06,ang,AV_pair,L:H|R:R,H_vs_R@strong,buttons,7,right,R1,,,,808,0,0,0,,
P04,cn,1,pair,14,0,0,0,v6_pair_0c7d060d5f_1.mp4,en,rav24,dis,AV_pair,L:E|R:H,H_vs_E@strong,buttons,7,right,R1,,,,985,0,0,0,,
P04,cn,1,pair,15,0,0,0,v6_pair_0c8482b715_2.mp4,en,rav02,ang,AV_pair,L:H|R:E,H_vs_E@normal,buttons,7,right,R1,,,,1611,0,0,0,,
P04,cn,1,pair,16,0,0,0,v6_pair_a97dec2f4e_2.mp4,en,rav14,hap,AV_pair,L:H|R:R,H_vs_R@strong,buttons,7,left,L1,,,,1176,0,0,0,,
P04,cn,1,pair,17,0,0,0,v6_pair_7697f115bc_2.mp4,en,rav12,fear,AV_pair,L:H|R:E,H_vs_E@strong,buttons,7,left,L1,,,,897,1,0,0,,
P04,cn,1,pair,18,0,0,0,v6_pair_dc983160dd_1.mp4,en,rav02,ang,AV_pair,L:R|R:H,H_vs_R@strong,buttons,7,right,R1,,,,779,0,0,0,,
P04,cn,1,pair,19,0,0,0,v6_pair_1fc4717f31_2.mp4,en,rav16,hap,AV_pair,L:H|R:E,H_vs_E@normal,buttons,7,left,L1,,,,1273,0,0,0,,
P04,cn,1,pair,20,0,0,0,v6_pair_e5c0cf4a07_1.mp4,en,rav04,hap,AV_pair,L:R|R:H,H_vs_R@strong,buttons,7,right,R1,,,,989,0,0,0,,
P04,cn,1,pair,21,0,0,0,v6_pair_33e30e2c1d_1.mp4,en,rav02,dis,AV_pair,L:E|R:H,H_vs_E@normal,buttons,7,right,R1,,,,884,0,0,0,,
P04,cn,1,pair,22,0,0,0,v6_pair_8073668068_2.mp4,en,rav02,dis,AV_pair,L:H|R:R,H_vs_R@strong,buttons,7,right,R1,,,,700,0,0,0,,
P04,cn,1,pair,23,0,0,0,v6_pair_87b373e751_2.mp4,en,rav16,hap,AV_pair,L:H|R:E,H_vs_E@strong,buttons,7,left,L1,,,,917,0,0,0,,
P04,cn,1,pair,24,0,0,0,v6_pair_23d7c570a2_2.mp4,en,rav04,hap,AV_pair,L:H|R:E,H_vs_E@strong,buttons,7,right,R1,,,,602,0,0,0,,
P04,cn,1,pair,25,0,0,0,v6_pair_d3f0adc106_2.mp4,en,rav10,fear,AV_pair,L:H|R:R,H_vs_R@strong,buttons,7,left,L1,,,,954,1,0,0,,
P04,cn,1,pair,26,0,0,0,v6_pair_53e6c4770b_1.mp4,en,rav14,hap,AV_pair,L:E|R:H,H_vs_E@strong,buttons,7,left,L1,,,,1125,0,0,0,,
P04,cn,1,pair,27,0,0,0,v6_pair_0a26430948_2.mp4,en,rav04,hap,AV_pair,L:H|R:E,H_vs_E@normal,buttons,7,right,R1,,,,915,0,0,0,,
P04,cn,1,pair,28,0,0,0,v6_pair_66fc12fdc8_1.mp4,en,rav14,hap,AV_pair,L:E|R:H,H_vs_E@normal,buttons,7,right,R1,,,,2175,0,0,0,,
P04,cn,1,pair_catch,29,0,1,0,v6_catch_6f7a8a44b1_2.mp4,en,rav10,hap,AV_pair,L:still|R:H,correct:right,buttons,2,right,right,,,,810,1,0,0,1,1
P04,cn,1,pair,30,0,0,0,v6_pair_faec1498b7_1.mp4,en,rav08,ang,AV_pair,L:R|R:H,H_vs_R@strong,buttons,7,right,R1,,,,1715,1,0,0,,
P04,cn,1,pair,31,0,0,0,v6_pair_3961b3142e_2.mp4,en,rav20,fear,AV_pair,L:H|R:E,H_vs_E@strong,buttons,7,right,R1,,,,1465,0,0,0,,
P04,cn,1,pair,32,0,0,0,v6_pair_6f570415b8_1.mp4,en,rav12,fear,AV_pair,L:R|R:H,H_vs_R@strong,buttons,7,left,L1,,,,834,0,0,0,,
P04,cn,1,pair,33,0,0,0,v6_pair_c12bac8692_2.mp4,en,rav08,ang,AV_pair,L:H|R:E,H_vs_E@strong,buttons,7,left,L1,,,,726,0,0,0,,
P04,cn,1,pair,34,0,0,0,v6_pair_5adfe6a4bd_2.mp4,en,rav20,fear,AV_pair,L:H|R:E,H_vs_E@normal,buttons,7,left,L1,,,,769,0,0,0,,
P04,cn,1,pair,35,0,0,0,v6_pair_c38e9eb491_1.mp4,en,rav18,dis,AV_pair,L:E|R:H,H_vs_E@strong,buttons,7,right,R1,,,,899,0,0,0,,
P04,cn,1,pair,36,0,0,0,v6_pair_fb8e3dd060_2.mp4,en,rav08,ang,AV_pair,L:H|R:E,H_vs_E@normal,buttons,7,right,R1,,,,5949,0,0,0,,
P04,cn,1,pair,37,0,0,0,v6_pair_58bfd0c96b_2.mp4,en,rav24,dis,AV_pair,L:H|R:R,H_vs_R@strong,buttons,7,left,L1,,,,758,0,0,0,,
P04,cn,1,pair,38,0,0,0,v6_pair_db8f08e27f_1.mp4,en,rav10,fear,AV_pair,L:E|R:H,H_vs_E@normal,buttons,7,right,R1,,,,790,0,0,0,,
P04,cn,1,pair,39,0,0,0,v6_pair_417168a67a_1.mp4,en,rav20,fear,AV_pair,L:R|R:H,H_vs_R@strong,buttons,7,right,R1,,,,912,0,0,0,,
P04,cn,1,pair,40,0,0,0,v6_pair_5caed2de25_1.mp4,en,rav06,ang,AV_pair,L:E|R:H,H_vs_E@normal,buttons,7,right,R1,,,,643,0,0,0,,
P04,cn,1,pair,41,0,0,0,v6_pair_7ef69736a7_2.mp4,en,rav18,dis,AV_pair,L:H|R:R,H_vs_R@strong,buttons,7,right,R1,,,,737,0,0,0,,
P04,cn,1,pair,42,0,0,0,v6_pair_97e6c7f1ce_1.mp4,en,rav18,dis,AV_pair,L:E|R:H,H_vs_E@normal,buttons,7,right,R1,,,,636,0,0,0,,
P04,cn,1,pair,43,0,0,0,v6_pair_4a472014db_1.mp4,en,rav06,ang,AV_pair,L:E|R:H,H_vs_E@strong,buttons,7,right,R1,,,,595,0,0,0,,
P04,cn,1,pair,44,0,0,0,v6_pair_69a37819e2_1.mp4,en,rav10,fear,AV_pair,L:E|R:H,H_vs_E@strong,buttons,7,right,R1,,,,623,0,0,0,,
P04,cn,1,pair_ml,45,0,0,0,v6_pair_ml_4fc1e0e0d1_2.mp4,jp,jp_sad_short_sentence,sad,AV_pair,L:L|R:E,L_vs_E@jp,buttons,7,left,L1,,,,1442,1,0,0,,
P04,cn,1,pair_ml,46,0,0,0,v6_pair_ml_e5fa8f451a_2.mp4,en,en_ang_short_sentence,ang,AV_pair,L:L|R:Lrev,L_vs_Lrev@en,buttons,7,left,L1,,,,1157,0,0,0,,
P04,cn,1,pair_ml,47,0,0,0,v6_pair_ml_1780ae57a3_1.mp4,jp,jp_sad_short_sentence,sad,AV_pair,L:Lrev|R:L,L_vs_Lrev@jp,buttons,7,left,L1,,,,689,1,0,0,,
P04,cn,1,pair_ml,48,0,0,0,v6_pair_ml_c4711cd80a_1.mp4,cn,0002_000488,ang,AV_pair,L:Lrev|R:L,L_vs_Lrev@cn,buttons,7,right,R1,,,,878,1,0,0,,
P04,cn,1,pair_ml,49,0,0,0,v6_pair_ml_f26827db2f_2.mp4,en,en_hap_short_sentence,hap,AV_pair,L:L|R:E,L_vs_E@en,buttons,7,right,R1,,,,1406,0,0,0,,
P04,cn,1,pair_ml,50,0,0,0,v6_pair_ml_d6dd46665d_1.mp4,cn,0002_001188,sad,AV_pair,L:Lrev|R:L,L_vs_Lrev@cn,buttons,7,right,R1,,,,1523,1,0,0,,
P04,cn,1,pair_ml,51,0,0,0,v6_pair_ml_c3519312c6_2.mp4,jp,jp_hap_short_sentence,hap,AV_pair,L:L|R:Lrev,L_vs_Lrev@jp,buttons,7,left,L1,,,,1587,0,0,0,,
P04,cn,1,pair_ml,52,0,0,0,v6_pair_ml_44c920798b_1.mp4,en,en_ang_short_sentence,ang,AV_pair,L:E|R:L,L_vs_E@en,buttons,7,right,R1,,,,1536,0,0,0,,
P04,cn,1,pair_ml,53,0,0,0,v6_pair_ml_a717ea56f4_2.mp4,cn,0002_000838,hap,AV_pair,L:L|R:Lrev,L_vs_Lrev@cn,buttons,7,right,R1,,,,733,1,0,0,,
P04,cn,1,pair_ml,54,0,0,0,v6_pair_ml_98df03baec_1.mp4,en,en_sad_short_sentence,sad,AV_pair,L:E|R:L,L_vs_E@en,buttons,7,right,R1,,,,1156,0,0,0,,
P04,cn,1,pair_ml,55,0,0,0,v6_pair_ml_0bc71a1be9_1.mp4,jp,jp_ang_short_sentence,ang,AV_pair,L:Lrev|R:L,L_vs_Lrev@jp,buttons,7,right,R1,,,,1197,0,0,0,,
P04,cn,1,pair_ml,56,0,0,0,v6_pair_ml_97c8810aa2_1.mp4,en,en_hap_short_sentence,hap,AV_pair,L:Lrev|R:L,L_vs_Lrev@en,buttons,7,right,R1,,,,1027,1,0,0,,
P04,cn,1,pair_ml,57,0,0,0,v6_pair_ml_d5ab099d51_2.mp4,cn,0002_001188,sad,AV_pair,L:L|R:E,L_vs_E@cn,buttons,7,right,R1,,,,1449,0,0,0,,
P04,cn,1,pair_ml,58,0,0,0,v6_pair_ml_afa28cd8ae_1.mp4,jp,jp_hap_short_sentence,hap,AV_pair,L:E|R:L,L_vs_E@jp,buttons,7,right,R1,,,,1097,0,0,0,,
P04,cn,1,pair_ml,59,0,0,0,v6_pair_ml_7e3e5bb20d_2.mp4,cn,0002_000488,ang,AV_pair,L:L|R:E,L_vs_E@cn,buttons,7,right,R1,,,,1148,0,0,0,,
P04,cn,1,pair_ml,60,0,0,0,v6_pair_ml_506942a631_2.mp4,en,en_sad_short_sentence,sad,AV_pair,L:L|R:Lrev,L_vs_Lrev@en,buttons,7,left,L1,,,,1109,0,0,0,,
P04,cn,1,pair_ml,61,0,0,0,v6_pair_ml_9b2f256f7d_1.mp4,cn,0002_000838,hap,AV_pair,L:E|R:L,L_vs_E@cn,buttons,7,right,R1,,,,1063,0,0,0,,
P04,cn,1,pair_ml,62,0,0,0,v6_pair_ml_d921b78eb4_2.mp4,jp,jp_ang_short_sentence,ang,AV_pair,L:L|R:E,L_vs_E@jp,buttons,7,left,L1,,,,959,0,0,0,,
P04,cn,1,pair_mute,63,0,0,0,v6_pair_mute_555cc59e4b_2.mp4,en,rav10,fear,AV_pair,L:H|R:E,mute:H_vs_E@strong,buttons,7,left,L1,,,,820,1,0,0,,
P04,cn,1,pair_mute,64,0,0,0,v6_pair_mute_30ad4160ab_2.mp4,en,rav18,dis,AV_pair,L:H|R:E,mute:H_vs_E@strong,buttons,7,left,L1,,,,887,0,0,0,,
P04,cn,1,pair_mute,65,0,0,0,v6_pair_mute_250e7890e4_1.mp4,en,rav20,fear,AV_pair,L:E|R:H,mute:H_vs_E@strong,buttons,7,right,R1,,,,1116,0,0,0,,
P04,cn,1,pair_mute,66,0,0,0,v6_pair_mute_3b6fa3b207_1.mp4,en,rav16,hap,AV_pair,L:E|R:H,mute:H_vs_E@strong,buttons,7,right,R1,,,,1009,0,0,0,,
P04,cn,1,pair_mute,67,0,0,0,v6_pair_mute_005d45f10b_1.mp4,en,rav06,ang,AV_pair,L:E|R:H,mute:H_vs_E@strong,buttons,7,right,R1,,,,686,0,0,0,,
P04,cn,1,pair_mute,68,0,0,0,v6_pair_mute_39140f1f71_2.mp4,en,rav04,hap,AV_pair,L:H|R:E,mute:H_vs_E@strong,buttons,7,left,L1,,,,774,0,0,0,,
P04,cn,1,voice_only,69,0,0,0,v6_voice_7642129e05_1.mp4,en,rav12,fear,voice_only,voice:normal,voice_check,buttons,7,,sad,2,,,7546,0,0,0,0,
P04,cn,1,voice_only,70,0,0,0,v6_voice_5daeb1533f_1.mp4,en,rav04,hap,voice_only,voice:strong,voice_check,buttons,7,,hap,2,,,846,0,0,0,1,
P04,cn,1,voice_only,71,0,0,0,v6_voice_a66c973128_1.mp4,en,rav06,ang,voice_only,voice:normal,voice_check,buttons,7,,ang,1,,,3000,0,0,0,1,
P04,cn,1,voice_only,72,0,0,0,v6_voice_aaea5d0aab_1.mp4,en,rav12,fear,voice_only,voice:strong,voice_check,buttons,7,,fear,3,,,666,0,0,0,1,
P04,cn,1,voice_only,73,0,0,0,v6_voice_cd8f85d3b2_1.mp4,en,rav04,hap,voice_only,voice:normal,voice_check,buttons,7,,neu,,,,6512,0,0,0,0,
P04,cn,1,voice_only,74,0,0,0,v6_voice_08aabec890_1.mp4,en,rav06,ang,voice_only,voice:strong,voice_check,buttons,7,,ang,4,,,1589,0,0,0,1,
P04,cn,1,voice_only,75,0,0,0,v6_voice_214566cf57_1.mp4,en,rav14,hap,voice_only,voice:normal,voice_check,buttons,7,,hap,2,,,5615,0,0,0,1,
P04,cn,1,voice_only,76,0,0,0,v6_voice_70e2096718_1.mp4,en,rav20,fear,voice_only,voice:strong,voice_check,buttons,7,,fear,1,,,2801,0,0,0,1,
P04,cn,1,voice_only,77,0,0,0,v6_voice_50a83a8476_1.mp4,en,rav18,dis,voice_only,voice:normal,voice_check,buttons,7,,dis,1,,,1589,0,0,0,1,
P04,cn,1,voice_only,78,0,0,0,v6_voice_17e973c755_1.mp4,en,rav14,hap,voice_only,voice:strong,voice_check,buttons,7,,sad,2,,,1524,0,0,0,0,
P04,cn,1,voice_only,79,0,0,0,v6_voice_fb11565c01_1.mp4,en,rav20,fear,voice_only,voice:normal,voice_check,buttons,7,,sad,1,,,5360,0,0,0,0,
P04,cn,1,voice_only,80,0,0,0,v6_voice_b0cfac7f4c_1.mp4,en,rav18,dis,voice_only,voice:strong,voice_check,buttons,7,,dis,1,,,1041,0,0,0,1,
P05,cn,1,single,0,0,0,0,v6_single_739783e84d_1.mp4,en,rav10,fear,AV,,,buttons,7,,fear,6,4,,4221,1,0,0,1,
P05,cn,1,single,0,0,0,1,v6_single_739783e84d_1.mp4,en,rav10,fear,AV,,,buttons,7,,fear,5,4,,1323,0,0,0,1,
P05,cn,1,single,1,0,0,0,v6_single_24bf624e7d_2.mp4,en,rav16,hap,AV,,,buttons,7,,hap,5,4,,11364,0,0,0,1,
P05,cn,1,single,2,0,0,0,v6_single_a721e1869f_3.mp4,en,rav18,dis,AV,,,buttons,7,,ang,5,3,,2942,1,0,0,0,
P05,cn,1,single,3,0,0,0,v6_single_802ffa53c5_1.mp4,en,rav20,fear,AV,,,buttons,7,,fear,6,5,,4622,0,0,0,1,
P05,cn,1,single,4,0,0,0,v6_single_7b8afe562a_3.mp4,en,rav06,ang,AV,,,buttons,7,,ang,6,4,,3775,0,0,0,1,
P05,cn,1,single,5,0,0,0,v6_single_76ee15a092_2.mp4,en,rav04,hap,AV,,,buttons,7,,hap,6,5,,939,0,0,0,1,
P05,cn,1,practice,6,1,0,0,v6_practice_cd0abf6ffd_2.mp4,en,rav22,ang,AV_pair,L:H|R:E,practice:H_vs_E@strong,buttons,7,right,R1,,,,2279,3,0,0,,
P05,cn,1,practice,7,1,0,0,v6_practice_85af89ed95_1.mp4,en,rav10,hap,AV_pair,L:E|R:H,practice:H_vs_E@strong,buttons,7,right,R1,,,,2038,1,0,0,,
P05,cn,1,pair,8,0,0,0,v6_pair_66fc12fdc8_1.mp4,en,rav14,hap,AV_pair,L:E|R:H,H_vs_E@normal,buttons,7,same,S0,,,,1595,0,0,0,,
P05,cn,1,pair,9,0,0,0,v6_pair_d3f0adc106_2.mp4,en,rav10,fear,AV_pair,L:H|R:R,H_vs_R@strong,buttons,7,left,L2,,,,626,0,0,0,,
P05,cn,1,pair,10,0,0,0,v6_pair_93629a9394_2.mp4,en,rav06,ang,AV_pair,L:H|R:R,H_vs_R@strong,buttons,7,left,L1,,,,507,1,0,0,,
P05,cn,1,pair,11,0,0,0,v6_pair_3b7f4443aa_2.mp4,en,rav12,fear,AV_pair,L:H|R:E,H_vs_E@normal,buttons,7,right,R1,,,,883,0,0,0,,
P05,cn,1,pair,12,0,0,0,v6_pair_d81bffa4be_2.mp4,en,rav02,ang,AV_pair,L:H|R:E,H_vs_E@strong,buttons,7,left,L1,,,,512,1,0,0,,
P05,cn,1,pair,13,0,0,0,v6_pair_a97dec2f4e_2.mp4,en,rav14,hap,AV_pair,L:H|R:R,H_vs_R@strong,buttons,7,left,L2,,,,1536,0,0,0,,
P05,cn,1,pair,14,0,0,0,v6_pair_0c7d060d5f_1.mp4,en,rav24,dis,AV_pair,L:E|R:H,H_vs_E@strong,buttons,7,right,R1,,,,895,1,0,0,,
P05,cn,1,pair,15,0,0,0,v6_pair_58bfd0c96b_2.mp4,en,rav24,dis,AV_pair,L:H|R:R,H_vs_R@strong,buttons,7,right,R1,,,,1068,0,0,0,,
P05,cn,1,pair,16,0,0,0,v6_pair_c12bac8692_2.mp4,en,rav08,ang,AV_pair,L:H|R:E,H_vs_E@strong,buttons,7,left,L2,,,,668,0,0,0,,
P05,cn,1,pair,17,0,0,0,v6_pair_97e6c7f1ce_1.mp4,en,rav18,dis,AV_pair,L:E|R:H,H_vs_E@normal,buttons,7,left,L1,,,,679,0,0,0,,
P05,cn,1,pair,18,0,0,0,v6_pair_69a37819e2_1.mp4,en,rav10,fear,AV_pair,L:E|R:H,H_vs_E@strong,buttons,7,right,R1,,,,849,0,0,0,,
P05,cn,1,pair,19,0,0,0,v6_pair_53e6c4770b_1.mp4,en,rav14,hap,AV_pair,L:E|R:H,H_vs_E@strong,buttons,7,right,R1,,,,1317,0,0,0,,
P05,cn,1,pair_catch,20,0,1,0,v6_catch_6f7a8a44b1_2.mp4,en,rav10,hap,AV_pair,L:still|R:H,correct:right,buttons,2,right,right,,,,2285,0,0,0,1,1
P05,cn,1,pair,21,0,0,0,v6_pair_0a26430948_2.mp4,en,rav04,hap,AV_pair,L:H|R:E,H_vs_E@normal,buttons,7,left,L1,,,,905,1,0,0,,
P05,cn,1,pair,22,0,0,0,v6_pair_23d7c570a2_2.mp4,en,rav04,hap,AV_pair,L:H|R:E,H_vs_E@strong,buttons,7,left,L1,,,,587,0,0,0,,
P05,cn,1,pair,23,0,0,0,v6_pair_1fc4717f31_2.mp4,en,rav16,hap,AV_pair,L:H|R:E,H_vs_E@normal,buttons,7,right,R1,,,,992,1,0,0,,
P05,cn,1,pair,24,0,0,0,v6_pair_c38e9eb491_1.mp4,en,rav18,dis,AV_pair,L:E|R:H,H_vs_E@strong,buttons,7,left,L3,,,,874,0,0,0,,
P05,cn,1,pair,25,0,0,0,v6_pair_dc983160dd_1.mp4,en,rav02,ang,AV_pair,L:R|R:H,H_vs_R@strong,buttons,7,left,L2,,,,502,0,0,0,,
P05,cn,1,pair,26,0,0,0,v6_pair_5adfe6a4bd_2.mp4,en,rav20,fear,AV_pair,L:H|R:E,H_vs_E@normal,buttons,7,same,S0,,,,627,0,0,0,,
P05,cn,1,pair,27,0,0,0,v6_pair_7ef69736a7_2.mp4,en,rav18,dis,AV_pair,L:H|R:R,H_vs_R@strong,buttons,7,same,S0,,,,3049,0,0,0,,
P05,cn,1,pair,28,0,0,0,v6_pair_5caed2de25_1.mp4,en,rav06,ang,AV_pair,L:E|R:H,H_vs_E@normal,buttons,7,same,S0,,,,551,0,0,0,,
P05,cn,1,pair,29,0,0,0,v6_pair_6f570415b8_1.mp4,en,rav12,fear,AV_pair,L:R|R:H,H_vs_R@strong,buttons,7,right,R2,,,,524,0,0,0,,
P05,cn,1,pair,30,0,0,0,v6_pair_f5403c44bd_1.mp4,en,rav16,hap,AV_pair,L:R|R:H,H_vs_R@strong,buttons,7,same,S0,,,,1687,0,0,0,,
P05,cn,1,pair,31,0,0,0,v6_pair_33e30e2c1d_1.mp4,en,rav02,dis,AV_pair,L:E|R:H,H_vs_E@normal,buttons,7,same,S0,,,,2579,0,0,0,,
P05,cn,1,pair,32,0,0,0,v6_pair_3961b3142e_2.mp4,en,rav20,fear,AV_pair,L:H|R:E,H_vs_E@strong,buttons,7,left,L2,,,,1415,0,0,0,,
P05,cn,1,pair,33,0,0,0,v6_pair_0c8482b715_2.mp4,en,rav02,ang,AV_pair,L:H|R:E,H_vs_E@normal,buttons,7,right,R1,,,,698,1,0,0,,
P05,cn,1,pair,34,0,0,0,v6_pair_87b373e751_2.mp4,en,rav16,hap,AV_pair,L:H|R:E,H_vs_E@strong,buttons,7,right,R1,,,,670,0,0,0,,
P05,cn,1,pair,35,0,0,0,v6_pair_417168a67a_1.mp4,en,rav20,fear,AV_pair,L:R|R:H,H_vs_R@strong,buttons,7,left,L2,,,,585,0,0,0,,
P05,cn,1,pair,36,0,0,0,v6_pair_13ae59e46d_1.mp4,en,rav02,dis,AV_pair,L:E|R:H,H_vs_E@strong,buttons,7,left,L1,,,,1837,0,0,0,,
P05,cn,1,pair,37,0,0,0,v6_pair_db8f08e27f_1.mp4,en,rav10,fear,AV_pair,L:E|R:H,H_vs_E@normal,buttons,7,right,R1,,,,1100,1,0,0,,
P05,cn,1,pair,38,0,0,0,v6_pair_e5c0cf4a07_1.mp4,en,rav04,hap,AV_pair,L:R|R:H,H_vs_R@strong,buttons,7,same,S0,,,,939,2,0,0,,
P05,cn,1,pair,39,0,0,0,v6_pair_fb8e3dd060_2.mp4,en,rav08,ang,AV_pair,L:H|R:E,H_vs_E@normal,buttons,7,left,L1,,,,1038,1,0,0,,
P05,cn,1,pair,40,0,0,0,v6_pair_7697f115bc_2.mp4,en,rav12,fear,AV_pair,L:H|R:E,H_vs_E@strong,buttons,7,left,L2,,,,693,0,0,0,,
P05,cn,1,pair,41,0,0,0,v6_pair_e86b22f765_1.mp4,en,rav24,dis,AV_pair,L:E|R:H,H_vs_E@normal,buttons,7,left,L2,,,,720,0,0,0,,
P05,cn,1,pair,42,0,0,0,v6_pair_faec1498b7_1.mp4,en,rav08,ang,AV_pair,L:R|R:H,H_vs_R@strong,buttons,7,right,R2,,,,1619,0,0,0,,
P05,cn,1,pair,43,0,0,0,v6_pair_4a472014db_1.mp4,en,rav06,ang,AV_pair,L:E|R:H,H_vs_E@strong,buttons,7,right,R2,,,,481,0,0,0,,
P05,cn,1,pair,44,0,0,0,v6_pair_8073668068_2.mp4,en,rav02,dis,AV_pair,L:H|R:R,H_vs_R@strong,buttons,7,right,R3,,,,1579,1,0,0,,
P05,cn,1,pair_ml,45,0,0,0,v6_pair_ml_e5fa8f451a_2.mp4,en,en_ang_short_sentence,ang,AV_pair,L:L|R:Lrev,L_vs_Lrev@en,buttons,7,left,L2,,,,915,1,0,0,,
P05,cn,1,pair_ml,46,0,0,0,v6_pair_ml_afa28cd8ae_1.mp4,jp,jp_hap_short_sentence,hap,AV_pair,L:E|R:L,L_vs_E@jp,buttons,7,left,L2,,,,969,1,0,0,,
P05,cn,1,pair_ml,47,0,0,0,v6_pair_ml_98df03baec_1.mp4,en,en_sad_short_sentence,sad,AV_pair,L:E|R:L,L_vs_E@en,buttons,7,left,L3,,,,1450,1,0,0,,
P05,cn,1,pair_ml,48,0,0,0,v6_pair_ml_0bc71a1be9_1.mp4,jp,jp_ang_short_sentence,ang,AV_pair,L:Lrev|R:L,L_vs_Lrev@jp,buttons,7,right,R2,,,,1097,2,0,0,,
P05,cn,1,pair_ml,49,0,0,0,v6_pair_ml_506942a631_2.mp4,en,en_sad_short_sentence,sad,AV_pair,L:L|R:Lrev,L_vs_Lrev@en,buttons,7,left,L3,,,,1023,2,0,0,,
P05,cn,1,pair_ml,50,0,0,0,v6_pair_ml_c4711cd80a_1.mp4,cn,0002_000488,ang,AV_pair,L:Lrev|R:L,L_vs_Lrev@cn,buttons,7,right,R3,,,,707,1,0,0,,
P05,cn,1,pair_ml,51,0,0,0,v6_pair_ml_c3519312c6_2.mp4,jp,jp_hap_short_sentence,hap,AV_pair,L:L|R:Lrev,L_vs_Lrev@jp,buttons,7,left,L2,,,,1238,0,0,0,,
P05,cn,1,pair_ml,52,0,0,0,v6_pair_ml_d5ab099d51_2.mp4,cn,0002_001188,sad,AV_pair,L:L|R:E,L_vs_E@cn,buttons,7,right,R2,,,,799,1,0,0,,
P05,cn,1,pair_ml,53,0,0,0,v6_pair_ml_d921b78eb4_2.mp4,jp,jp_ang_short_sentence,ang,AV_pair,L:L|R:E,L_vs_E@jp,buttons,7,left,L3,,,,771,1,0,0,,
P05,cn,1,pair_ml,54,0,0,0,v6_pair_ml_a717ea56f4_2.mp4,cn,0002_000838,hap,AV_pair,L:L|R:Lrev,L_vs_Lrev@cn,buttons,7,left,L3,,,,389,1,0,0,,
P05,cn,1,pair_ml,55,0,0,0,v6_pair_ml_1780ae57a3_1.mp4,jp,jp_sad_short_sentence,sad,AV_pair,L:Lrev|R:L,L_vs_Lrev@jp,buttons,7,right,R3,,,,1033,2,0,0,,
P05,cn,1,pair_ml,56,0,0,0,v6_pair_ml_7e3e5bb20d_2.mp4,cn,0002_000488,ang,AV_pair,L:L|R:E,L_vs_E@cn,buttons,7,right,R3,,,,501,1,0,0,,
P05,cn,1,pair_ml,57,0,0,0,v6_pair_ml_f26827db2f_2.mp4,en,en_hap_short_sentence,hap,AV_pair,L:L|R:E,L_vs_E@en,buttons,7,right,R3,,,,552,0,0,0,,
P05,cn,1,pair_ml,58,0,0,0,v6_pair_ml_4fc1e0e0d1_2.mp4,jp,jp_sad_short_sentence,sad,AV_pair,L:L|R:E,L_vs_E@jp,buttons,7,right,R1,,,,461,0,0,0,,
P05,cn,1,pair_ml,59,0,0,0,v6_pair_ml_97c8810aa2_1.mp4,en,en_hap_short_sentence,hap,AV_pair,L:Lrev|R:L,L_vs_Lrev@en,buttons,7,left,L2,,,,805,0,0,0,,
P05,cn,1,pair_ml,60,0,0,0,v6_pair_ml_d6dd46665d_1.mp4,cn,0002_001188,sad,AV_pair,L:Lrev|R:L,L_vs_Lrev@cn,buttons,7,right,R2,,,,1024,0,0,0,,
P05,cn,1,pair_ml,61,0,0,0,v6_pair_ml_44c920798b_1.mp4,en,en_ang_short_sentence,ang,AV_pair,L:E|R:L,L_vs_E@en,buttons,7,right,R2,,,,993,0,0,0,,
P05,cn,1,pair_ml,62,0,0,0,v6_pair_ml_9b2f256f7d_1.mp4,cn,0002_000838,hap,AV_pair,L:E|R:L,L_vs_E@cn,buttons,7,left,L2,,,,530,3,0,0,,
P05,cn,1,pair_mute,63,0,0,0,v6_pair_mute_005d45f10b_1.mp4,en,rav06,ang,AV_pair,L:E|R:H,mute:H_vs_E@strong,buttons,7,right,R2,,,,866,2,0,0,,
P05,cn,1,pair_mute,64,0,0,0,v6_pair_mute_30ad4160ab_2.mp4,en,rav18,dis,AV_pair,L:H|R:E,mute:H_vs_E@strong,buttons,7,same,S0,,,,827,1,0,0,,
P05,cn,1,pair_mute,65,0,0,0,v6_pair_mute_250e7890e4_1.mp4,en,rav20,fear,AV_pair,L:E|R:H,mute:H_vs_E@strong,buttons,7,right,R1,,,,892,2,0,0,,
P05,cn,1,pair_mute,66,0,0,0,v6_pair_mute_555cc59e4b_2.mp4,en,rav10,fear,AV_pair,L:H|R:E,mute:H_vs_E@strong,buttons,7,left,L1,,,,899,1,0,0,,
P05,cn,1,pair_mute,67,0,0,0,v6_pair_mute_39140f1f71_2.mp4,en,rav04,hap,AV_pair,L:H|R:E,mute:H_vs_E@strong,buttons,7,left,L2,,,,873,0,0,0,,
P05,cn,1,pair_mute,68,0,0,0,v6_pair_mute_3b6fa3b207_1.mp4,en,rav16,hap,AV_pair,L:E|R:H,mute:H_vs_E@strong,buttons,7,right,R2,,,,629,1,0,0,,
P05,cn,1,voice_only,69,0,0,0,v6_voice_70e2096718_1.mp4,en,rav20,fear,voice_only,voice:strong,voice_check,buttons,7,,ang,5,,,3159,0,0,0,0,
P05,cn,1,voice_only,70,0,0,0,v6_voice_214566cf57_1.mp4,en,rav14,hap,voice_only,voice:normal,voice_check,buttons,7,,fear,4,,,1682,2,0,0,0,
P05,cn,1,voice_only,71,0,0,0,v6_voice_aaea5d0aab_1.mp4,en,rav12,fear,voice_only,voice:strong,voice_check,buttons,7,,fear,7,,,1151,0,0,0,1,
P05,cn,1,voice_only,72,0,0,0,v6_voice_50a83a8476_1.mp4,en,rav18,dis,voice_only,voice:normal,voice_check,buttons,7,,dis,6,,,2399,0,0,0,1,
P05,cn,1,voice_only,73,0,0,0,v6_voice_5daeb1533f_1.mp4,en,rav04,hap,voice_only,voice:strong,voice_check,buttons,7,,sur,4,,,3233,1,0,0,0,
P05,cn,1,voice_only,74,0,0,0,v6_voice_7642129e05_1.mp4,en,rav12,fear,voice_only,voice:normal,voice_check,buttons,7,,dis,4,,,2071,0,0,0,0,
P05,cn,1,voice_only,75,0,0,0,v6_voice_17e973c755_1.mp4,en,rav14,hap,voice_only,voice:strong,voice_check,buttons,7,,fear,6,,,605,0,0,0,0,
P05,cn,1,voice_only,76,0,0,0,v6_voice_a66c973128_1.mp4,en,rav06,ang,voice_only,voice:normal,voice_check,buttons,7,,neu,,,,1711,0,0,0,0,
P05,cn,1,voice_only,77,0,0,0,v6_voice_b0cfac7f4c_1.mp4,en,rav18,dis,voice_only,voice:strong,voice_check,buttons,7,,ang,5,,,882,0,0,0,0,
P05,cn,1,voice_only,78,0,0,0,v6_voice_fb11565c01_1.mp4,en,rav20,fear,voice_only,voice:normal,voice_check,buttons,7,,sad,5,,,671,2,0,0,0,
P05,cn,1,voice_only,79,0,0,0,v6_voice_08aabec890_1.mp4,en,rav06,ang,voice_only,voice:strong,voice_check,buttons,7,,ang,7,,,1120,0,0,0,1,
P05,cn,1,voice_only,80,0,0,0,v6_voice_cd8f85d3b2_1.mp4,en,rav04,hap,voice_only,voice:normal,voice_check,buttons,7,,hap,2,,,1283,0,0,0,1,
P06,cn,1,single,0,0,0,0,v6_single_7b8afe562a_2.mp4,en,rav06,ang,AV,,,buttons,7,,ang,1,1,,4107,0,0,0,1,
P06,cn,1,single,1,0,0,0,v6_single_739783e84d_3.mp4,en,rav10,fear,AV,,,buttons,7,,fear,2,2,,3162,0,0,0,1,
P06,cn,1,single,2,0,0,0,v6_single_24bf624e7d_1.mp4,en,rav16,hap,AV,,,buttons,7,,hap,3,3,,807,0,0,0,1,
P06,cn,1,single,3,0,0,0,v6_single_802ffa53c5_3.mp4,en,rav20,fear,AV,,,buttons,7,,sad,3,3,,1356,0,0,0,0,
P06,cn,1,single,4,0,0,0,v6_single_a721e1869f_2.mp4,en,rav18,dis,AV,,,buttons,7,,dis,4,4,,8734,0,0,0,1,
P06,cn,1,single,5,0,0,0,v6_single_76ee15a092_1.mp4,en,rav04,hap,AV,,,buttons,7,,hap,5,5,,943,0,0,0,1,
P06,cn,1,practice,6,1,0,0,v6_practice_cd0abf6ffd_1.mp4,en,rav22,ang,AV_pair,L:E|R:H,practice:H_vs_E@strong,buttons,7,right,R2,,,,3257,2,0,0,,
P06,cn,1,practice,7,1,0,0,v6_practice_85af89ed95_2.mp4,en,rav10,hap,AV_pair,L:H|R:E,practice:H_vs_E@strong,buttons,7,left,L1,,,,1039,2,0,0,,
P06,cn,1,pair,8,0,0,0,v6_pair_f5403c44bd_2.mp4,en,rav16,hap,AV_pair,L:H|R:R,H_vs_R@strong,buttons,7,right,R1,,,,1361,0,0,0,,
P06,cn,1,pair,9,0,0,0,v6_pair_c12bac8692_1.mp4,en,rav08,ang,AV_pair,L:E|R:H,H_vs_E@strong,buttons,7,right,R2,,,,1464,0,0,0,,
P06,cn,1,pair,10,0,0,0,v6_pair_8073668068_1.mp4,en,rav02,dis,AV_pair,L:R|R:H,H_vs_R@strong,buttons,7,left,L1,,,,1435,1,0,0,,
P06,cn,1,pair,11,0,0,0,v6_pair_0a26430948_1.mp4,en,rav04,hap,AV_pair,L:E|R:H,H_vs_E@normal,buttons,7,left,L1,,,,1298,1,0,0,,
P06,cn,1,pair,12,0,0,0,v6_pair_faec1498b7_2.mp4,en,rav08,ang,AV_pair,L:H|R:R,H_vs_R@strong,buttons,7,left,L1,,,,1019,2,0,0,,
P06,cn,1,pair,13,0,0,0,v6_pair_e86b22f765_2.mp4,en,rav24,dis,AV_pair,L:H|R:E,H_vs_E@normal,buttons,7,right,R1,,,,996,0,0,0,,
P06,cn,1,pair,14,0,0,0,v6_pair_7ef69736a7_1.mp4,en,rav18,dis,AV_pair,L:R|R:H,H_vs_R@strong,buttons,7,right,R1,,,,2960,2,0,0,,
P06,cn,1,pair,15,0,0,0,v6_pair_1fc4717f31_1.mp4,en,rav16,hap,AV_pair,L:E|R:H,H_vs_E@normal,buttons,7,right,R1,,,,1056,2,0,0,,
P06,cn,1,pair_catch,16,0,1,0,v6_catch_6f7a8a44b1_1.mp4,en,rav10,hap,AV_pair,L:H|R:still,correct:left,buttons,2,left,left,,,,694,1,0,0,1,1
P06,cn,1,pair,17,0,0,0,v6_pair_33e30e2c1d_2.mp4,en,rav02,dis,AV_pair,L:H|R:E,H_vs_E@normal,buttons,7,left,L1,,,,2451,2,0,0,,
P06,cn,1,pair,18,0,0,0,v6_pair_53e6c4770b_2.mp4,en,rav14,hap,AV_pair,L:H|R:E,H_vs_E@strong,buttons,7,left,L1,,,,1241,0,0,0,,
P06,cn,1,pair,19,0,0,0,v6_pair_c38e9eb491_2.mp4,en,rav18,dis,AV_pair,L:H|R:E,H_vs_E@strong,buttons,7,right,R1,,,,929,1,0,0,,
P06,cn,1,pair,20,0,0,0,v6_pair_97e6c7f1ce_2.mp4,en,rav18,dis,AV_pair,L:H|R:E,H_vs_E@normal,buttons,7,left,L1,,,,1193,0,0,0,,
P06,cn,1,pair,21,0,0,0,v6_pair_58bfd0c96b_1.mp4,en,rav24,dis,AV_pair,L:R|R:H,H_vs_R@strong,buttons,7,left,L1,,,,900,1,0,0,,
P06,cn,1,pair,22,0,0,0,v6_pair_3b7f4443aa_1.mp4,en,rav12,fear,AV_pair,L:E|R:H,H_vs_E@normal,buttons,7,left,L1,,,,1380,1,0,0,,
P06,cn,1,pair,23,0,0,0,v6_pair_4a472014db_2.mp4,en,rav06,ang,AV_pair,L:H|R:E,H_vs_E@strong,buttons,7,left,L2,,,,649,1,0,0,,
P06,cn,1,pair,24,0,0,0,v6_pair_6f570415b8_2.mp4,en,rav12,fear,AV_pair,L:H|R:R,H_vs_R@strong,buttons,7,right,R1,,,,1507,2,0,0,,
P06,cn,1,pair,25,0,0,0,v6_pair_e5c0cf4a07_2.mp4,en,rav04,hap,AV_pair,L:H|R:R,H_vs_R@strong,buttons,7,left,L1,,,,626,1,0,0,,
P06,cn,1,pair,26,0,0,0,v6_pair_3961b3142e_1.mp4,en,rav20,fear,AV_pair,L:E|R:H,H_vs_E@strong,buttons,7,right,R1,,,,1057,0,0,0,,
P06,cn,1,pair,27,0,0,0,v6_pair_66fc12fdc8_2.mp4,en,rav14,hap,AV_pair,L:H|R:E,H_vs_E@normal,buttons,7,same,S0,,,,1361,1,0,0,,
P06,cn,1,pair,28,0,0,0,v6_pair_87b373e751_1.mp4,en,rav16,hap,AV_pair,L:E|R:H,H_vs_E@strong,buttons,7,right,R1,,,,1021,3,0,0,,
P06,cn,1,pair,29,0,0,0,v6_pair_d3f0adc106_1.mp4,en,rav10,fear,AV_pair,L:R|R:H,H_vs_R@strong,buttons,7,right,R3,,,,954,2,0,0,,
P06,cn,1,pair,30,0,0,0,v6_pair_0c7d060d5f_2.mp4,en,rav24,dis,AV_pair,L:H|R:E,H_vs_E@strong,buttons,7,right,R1,,,,1420,0,0,0,,
P06,cn,1,pair,31,0,0,0,v6_pair_a97dec2f4e_1.mp4,en,rav14,hap,AV_pair,L:R|R:H,H_vs_R@strong,buttons,7,right,R1,,,,1134,3,0,0,,
P06,cn,1,pair,32,0,0,0,v6_pair_13ae59e46d_2.mp4,en,rav02,dis,AV_pair,L:H|R:E,H_vs_E@strong,buttons,7,same,S0,,,,692,4,0,0,,
P06,cn,1,pair,33,0,0,0,v6_pair_fb8e3dd060_1.mp4,en,rav08,ang,AV_pair,L:E|R:H,H_vs_E@normal,buttons,7,same,S0,,,,584,2,0,0,,
P06,cn,1,pair,34,0,0,0,v6_pair_93629a9394_1.mp4,en,rav06,ang,AV_pair,L:R|R:H,H_vs_R@strong,buttons,7,right,R2,,,,1120,1,0,0,,
P06,cn,1,pair,35,0,0,0,v6_pair_db8f08e27f_2.mp4,en,rav10,fear,AV_pair,L:H|R:E,H_vs_E@normal,buttons,7,same,S0,,,,1059,1,0,0,,
P06,cn,1,pair,36,0,0,0,v6_pair_5caed2de25_2.mp4,en,rav06,ang,AV_pair,L:H|R:E,H_vs_E@normal,buttons,7,right,R1,,,,860,3,0,0,,
P06,cn,1,pair,37,0,0,0,v6_pair_23d7c570a2_1.mp4,en,rav04,hap,AV_pair,L:E|R:H,H_vs_E@strong,buttons,7,left,L1,,,,1249,3,0,0,,
P06,cn,1,pair,38,0,0,0,v6_pair_dc983160dd_2.mp4,en,rav02,ang,AV_pair,L:H|R:R,H_vs_R@strong,buttons,7,same,S0,,,,819,3,0,0,,
P06,cn,1,pair,39,0,0,0,v6_pair_69a37819e2_2.mp4,en,rav10,fear,AV_pair,L:H|R:E,H_vs_E@strong,buttons,7,left,L1,,,,1705,1,0,0,,
P06,cn,1,pair,40,0,0,0,v6_pair_7697f115bc_1.mp4,en,rav12,fear,AV_pair,L:E|R:H,H_vs_E@strong,buttons,7,right,R1,,,,866,1,0,0,,
P06,cn,1,pair,41,0,0,0,v6_pair_5adfe6a4bd_1.mp4,en,rav20,fear,AV_pair,L:E|R:H,H_vs_E@normal,buttons,7,same,S0,,,,1010,2,0,0,,
P06,cn,1,pair,42,0,0,0,v6_pair_d81bffa4be_1.mp4,en,rav02,ang,AV_pair,L:E|R:H,H_vs_E@strong,buttons,7,right,R1,,,,1641,5,0,0,,
P06,cn,1,pair,43,0,0,0,v6_pair_417168a67a_2.mp4,en,rav20,fear,AV_pair,L:H|R:R,H_vs_R@strong,buttons,7,right,R1,,,,1272,0,0,0,,
P06,cn,1,pair,44,0,0,0,v6_pair_0c8482b715_1.mp4,en,rav02,ang,AV_pair,L:E|R:H,H_vs_E@normal,buttons,7,left,L1,,,,677,3,0,0,,
P06,cn,1,pair_ml,45,0,0,0,v6_pair_ml_c3519312c6_1.mp4,jp,jp_hap_short_sentence,hap,AV_pair,L:Lrev|R:L,L_vs_Lrev@jp,buttons,7,right,R1,,,,1184,2,0,0,,
P06,cn,1,pair_ml,46,0,0,0,v6_pair_ml_98df03baec_2.mp4,en,en_sad_short_sentence,sad,AV_pair,L:L|R:E,L_vs_E@en,buttons,7,same,S0,,,,926,3,0,0,,
P06,cn,1,pair_ml,47,0,0,0,v6_pair_ml_c4711cd80a_2.mp4,cn,0002_000488,ang,AV_pair,L:L|R:Lrev,L_vs_Lrev@cn,buttons,7,right,R1,,,,988,2,0,0,,
P06,cn,1,pair_ml,48,0,0,0,v6_pair_ml_506942a631_1.mp4,en,en_sad_short_sentence,sad,AV_pair,L:Lrev|R:L,L_vs_Lrev@en,buttons,7,same,S0,,,,689,3,0,0,,
P06,cn,1,pair_ml,49,0,0,0,v6_pair_ml_d921b78eb4_1.mp4,jp,jp_ang_short_sentence,ang,AV_pair,L:E|R:L,L_vs_E@jp,buttons,7,right,R1,,,,1229,5,0,0,,
P06,cn,1,pair_ml,50,0,0,0,v6_pair_ml_d5ab099d51_1.mp4,cn,0002_001188,sad,AV_pair,L:E|R:L,L_vs_E@cn,buttons,7,right,R1,,,,852,2,0,0,,
P06,cn,1,pair_ml,51,0,0,0,v6_pair_ml_afa28cd8ae_2.mp4,jp,jp_hap_short_sentence,hap,AV_pair,L:L|R:E,L_vs_E@jp,buttons,7,right,R1,,,,931,2,0,0,,
P06,cn,1,pair_ml,52,0,0,0,v6_pair_ml_44c920798b_2.mp4,en,en_ang_short_sentence,ang,AV_pair,L:L|R:E,L_vs_E@en,buttons,7,left,L1,,,,1079,4,0,0,,
P06,cn,1,pair_ml,53,0,0,0,v6_pair_ml_9b2f256f7d_2.mp4,cn,0002_000838,hap,AV_pair,L:L|R:E,L_vs_E@cn,buttons,7,same,S0,,,,2446,2,0,0,,
P06,cn,1,pair_ml,54,0,0,0,v6_pair_ml_e5fa8f451a_1.mp4,en,en_ang_short_sentence,ang,AV_pair,L:Lrev|R:L,L_vs_Lrev@en,buttons,7,right,R1,,,,1160,3,0,0,,
P06,cn,1,pair_ml,55,0,0,0,v6_pair_ml_a717ea56f4_1.mp4,cn,0002_000838,hap,AV_pair,L:Lrev|R:L,L_vs_Lrev@cn,buttons,7,right,R1,,,,727,2,0,0,,
P06,cn,1,pair_ml,56,0,0,0,v6_pair_ml_0bc71a1be9_2.mp4,jp,jp_ang_short_sentence,ang,AV_pair,L:L|R:Lrev,L_vs_Lrev@jp,buttons,7,same,S0,,,,719,5,0,0,,
P06,cn,1,pair_ml,57,0,0,0,v6_pair_ml_97c8810aa2_2.mp4,en,en_hap_short_sentence,hap,AV_pair,L:L|R:Lrev,L_vs_Lrev@en,buttons,7,same,S0,,,,1003,3,0,0,,
P06,cn,1,pair_ml,58,0,0,0,v6_pair_ml_d6dd46665d_2.mp4,cn,0002_001188,sad,AV_pair,L:L|R:Lrev,L_vs_Lrev@cn,buttons,7,right,R1,,,,1055,1,0,0,,
P06,cn,1,pair_ml,59,0,0,0,v6_pair_ml_f26827db2f_1.mp4,en,en_hap_short_sentence,hap,AV_pair,L:E|R:L,L_vs_E@en,buttons,7,right,R1,,,,765,2,0,0,,
P06,cn,1,pair_ml,60,0,0,0,v6_pair_ml_4fc1e0e0d1_1.mp4,jp,jp_sad_short_sentence,sad,AV_pair,L:E|R:L,L_vs_E@jp,buttons,7,left,L1,,,,900,2,0,0,,
P06,cn,1,pair_ml,61,0,0,0,v6_pair_ml_7e3e5bb20d_1.mp4,cn,0002_000488,ang,AV_pair,L:E|R:L,L_vs_E@cn,buttons,7,left,L1,,,,768,2,0,0,,
P06,cn,1,pair_ml,62,0,0,0,v6_pair_ml_1780ae57a3_2.mp4,jp,jp_sad_short_sentence,sad,AV_pair,L:L|R:Lrev,L_vs_Lrev@jp,buttons,7,same,S0,,,,766,3,0,0,,
P06,cn,1,pair_mute,63,0,0,0,v6_pair_mute_555cc59e4b_1.mp4,en,rav10,fear,AV_pair,L:E|R:H,mute:H_vs_E@strong,buttons,7,right,R1,,,,729,2,0,0,,
P06,cn,1,pair_mute,64,0,0,0,v6_pair_mute_30ad4160ab_1.mp4,en,rav18,dis,AV_pair,L:E|R:H,mute:H_vs_E@strong,buttons,7,right,R1,,,,603,1,0,0,,
P06,cn,1,pair_mute,65,0,0,0,v6_pair_mute_005d45f10b_2.mp4,en,rav06,ang,AV_pair,L:H|R:E,mute:H_vs_E@strong,buttons,7,same,S0,,,,2939,1,0,0,,
P06,cn,1,pair_mute,66,0,0,0,v6_pair_mute_39140f1f71_1.mp4,en,rav04,hap,AV_pair,L:E|R:H,mute:H_vs_E@strong,buttons,7,right,R1,,,,1093,0,0,0,,
P06,cn,1,pair_mute,67,0,0,0,v6_pair_mute_3b6fa3b207_2.mp4,en,rav16,hap,AV_pair,L:H|R:E,mute:H_vs_E@strong,buttons,7,same,S0,,,,716,3,0,0,,
P06,cn,1,pair_mute,68,0,0,0,v6_pair_mute_250e7890e4_2.mp4,en,rav20,fear,AV_pair,L:H|R:E,mute:H_vs_E@strong,buttons,7,same,S0,,,,1323,0,0,0,,
P06,cn,1,voice_only,69,0,0,0,v6_voice_50a83a8476_1.mp4,en,rav18,dis,voice_only,voice:normal,voice_check,buttons,7,,fear,1,,,4517,1,0,0,0,
P06,cn,1,voice_only,70,0,0,0,v6_voice_70e2096718_1.mp4,en,rav20,fear,voice_only,voice:strong,voice_check,buttons,7,,fear,6,,,2139,0,0,0,1,
P06,cn,1,voice_only,71,0,0,0,v6_voice_214566cf57_1.mp4,en,rav14,hap,voice_only,voice:normal,voice_check,buttons,7,,hap,3,,,678,0,0,0,1,
P06,cn,1,voice_only,72,0,0,0,v6_voice_08aabec890_1.mp4,en,rav06,ang,voice_only,voice:strong,voice_check,buttons,7,,ang,7,,,2379,0,0,0,1,
P06,cn,1,voice_only,73,0,0,0,v6_voice_fb11565c01_1.mp4,en,rav20,fear,voice_only,voice:normal,voice_check,buttons,7,,fear,5,,,4053,0,0,0,1,
P06,cn,1,voice_only,74,0,0,0,v6_voice_17e973c755_1.mp4,en,rav14,hap,voice_only,voice:strong,voice_check,buttons,7,,sad,5,,,883,0,0,0,0,
P06,cn,1,voice_only,75,0,0,0,v6_voice_a66c973128_1.mp4,en,rav06,ang,voice_only,voice:normal,voice_check,buttons,7,,dis,1,,,2829,0,0,0,0,
P06,cn,1,voice_only,76,0,0,0,v6_voice_5daeb1533f_1.mp4,en,rav04,hap,voice_only,voice:strong,voice_check,buttons,7,,sur,1,,,5019,0,0,0,0,
P06,cn,1,voice_only,77,0,0,0,v6_voice_7642129e05_1.mp4,en,rav12,fear,voice_only,voice:normal,voice_check,buttons,7,,neu,,,,583,2,0,0,0,
P06,cn,1,voice_only,78,0,0,0,v6_voice_b0cfac7f4c_1.mp4,en,rav18,dis,voice_only,voice:strong,voice_check,buttons,7,,neu,,,,11200,0,0,0,0,
P06,cn,1,voice_only,79,0,0,0,v6_voice_cd8f85d3b2_1.mp4,en,rav04,hap,voice_only,voice:normal,voice_check,buttons,7,,hap,1,,,3508,0,0,0,1,
P06,cn,1,voice_only,80,0,0,0,v6_voice_aaea5d0aab_1.mp4,en,rav12,fear,voice_only,voice:strong,voice_check,buttons,7,,fear,3,,,1042,2,0,0,1,
P07,cn,1,single,0,0,0,0,v6_single_802ffa53c5_1.mp4,en,rav20,fear,AV,,,buttons,7,,sad,4,3,,2071,0,0,0,0,
P07,cn,1,single,1,0,0,0,v6_single_24bf624e7d_2.mp4,en,rav16,hap,AV,,,buttons,7,,hap,5,4,,14439,0,0,0,1,
P07,cn,1,single,2,0,0,0,v6_single_a721e1869f_3.mp4,en,rav18,dis,AV,,,buttons,7,,dis,4,3,,9386,0,0,0,1,
P07,cn,1,single,3,0,0,0,v6_single_739783e84d_1.mp4,en,rav10,fear,AV,,,buttons,7,,fear,4,5,,1290,0,0,0,1,
P07,cn,1,single,4,0,0,0,v6_single_76ee15a092_2.mp4,en,rav04,hap,AV,,,buttons,7,,hap,4,5,,1598,0,0,0,1,
P07,cn,1,single,5,0,0,0,v6_single_7b8afe562a_3.mp4,en,rav06,ang,AV,,,buttons,7,,ang,5,5,,2594,0,0,0,1,
P07,cn,1,practice,6,1,0,0,v6_practice_cd0abf6ffd_1.mp4,en,rav22,ang,AV_pair,L:E|R:H,practice:H_vs_E@strong,buttons,7,same,S0,,,,1080,1,0,0,,
P07,cn,1,practice,7,1,0,0,v6_practice_85af89ed95_2.mp4,en,rav10,hap,AV_pair,L:H|R:E,practice:H_vs_E@strong,buttons,7,right,R1,,,,3302,1,0,0,,
P07,cn,1,pair,8,0,0,0,v6_pair_97e6c7f1ce_2.mp4,en,rav18,dis,AV_pair,L:H|R:E,H_vs_E@normal,buttons,7,right,R1,,,,1142,1,0,0,,
P07,cn,1,pair,9,0,0,0,v6_pair_8073668068_1.mp4,en,rav02,dis,AV_pair,L:R|R:H,H_vs_R@strong,buttons,7,right,R1,,,,1195,1,0,0,,
P07,cn,1,pair,10,0,0,0,v6_pair_7697f115bc_1.mp4,en,rav12,fear,AV_pair,L:E|R:H,H_vs_E@strong,buttons,7,left,L1,,,,860,1,0,0,,
P07,cn,1,pair,11,0,0,0,v6_pair_7ef69736a7_1.mp4,en,rav18,dis,AV_pair,L:R|R:H,H_vs_R@strong,buttons,7,same,S0,,,,619,0,0,0,,
P07,cn,1,pair,12,0,0,0,v6_pair_0c8482b715_1.mp4,en,rav02,ang,AV_pair,L:E|R:H,H_vs_E@normal,buttons,7,same,S0,,,,532,0,0,0,,
P07,cn,1,pair,13,0,0,0,v6_pair_a97dec2f4e_1.mp4,en,rav14,hap,AV_pair,L:R|R:H,H_vs_R@strong,buttons,7,right,R1,,,,593,2,0,0,,
P07,cn,1,pair,14,0,0,0,v6_pair_13ae59e46d_2.mp4,en,rav02,dis,AV_pair,L:H|R:E,H_vs_E@strong,buttons,7,right,R1,,,,1046,1,0,0,,
P07,cn,1,pair,15,0,0,0,v6_pair_417168a67a_2.mp4,en,rav20,fear,AV_pair,L:H|R:R,H_vs_R@strong,buttons,7,right,R1,,,,5500,0,0,0,,
P07,cn,1,pair,16,0,0,0,v6_pair_0c7d060d5f_2.mp4,en,rav24,dis,AV_pair,L:H|R:E,H_vs_E@strong,buttons,7,left,L1,,,,1716,0,0,0,,
P07,cn,1,pair,17,0,0,0,v6_pair_e86b22f765_2.mp4,en,rav24,dis,AV_pair,L:H|R:E,H_vs_E@normal,buttons,7,same,S0,,,,2412,0,0,0,,
P07,cn,1,pair,18,0,0,0,v6_pair_3961b3142e_1.mp4,en,rav20,fear,AV_pair,L:E|R:H,H_vs_E@strong,buttons,7,right,R1,,,,780,0,0,0,,
P07,cn,1,pair,19,0,0,0,v6_pair_1fc4717f31_1.mp4,en,rav16,hap,AV_pair,L:E|R:H,H_vs_E@normal,buttons,7,right,R1,,,,774,0,0,0,,
P07,cn,1,pair,20,0,0,0,v6_pair_0a26430948_1.mp4,en,rav04,hap,AV_pair,L:E|R:H,H_vs_E@normal,buttons,7,right,R1,,,,5075,0,0,0,,
P07,cn,1,pair,21,0,0,0,v6_pair_c38e9eb491_2.mp4,en,rav18,dis,AV_pair,L:H|R:E,H_vs_E@strong,buttons,7,left,L1,,,,1963,0,0,0,,
P07,cn,1,pair,22,0,0,0,v6_pair_d3f0adc106_1.mp4,en,rav10,fear,AV_pair,L:R|R:H,H_vs_R@strong,buttons,7,left,L1,,,,619,0,0,0,,
P07,cn,1,pair,23,0,0,0,v6_pair_87b373e751_1.mp4,en,rav16,hap,AV_pair,L:E|R:H,H_vs_E@strong,buttons,7,right,R1,,,,622,0,0,0,,
P07,cn,1,pair,24,0,0,0,v6_pair_93629a9394_1.mp4,en,rav06,ang,AV_pair,L:R|R:H,H_vs_R@strong,buttons,7,left,L1,,,,524,1,0,0,,
P07,cn,1,pair,25,0,0,0,v6_pair_69a37819e2_2.mp4,en,rav10,fear,AV_pair,L:H|R:E,H_vs_E@strong,buttons,7,left,L1,,,,561,0,0,0,,
P07,cn,1,pair,26,0,0,0,v6_pair_23d7c570a2_1.mp4,en,rav04,hap,AV_pair,L:E|R:H,H_vs_E@strong,buttons,7,right,R1,,,,727,0,0,0,,
P07,cn,1,pair,27,0,0,0,v6_pair_5caed2de25_2.mp4,en,rav06,ang,AV_pair,L:H|R:E,H_vs_E@normal,buttons,7,right,R1,,,,1093,1,0,0,,
P07,cn,1,pair,28,0,0,0,v6_pair_dc983160dd_2.mp4,en,rav02,ang,AV_pair,L:H|R:R,H_vs_R@strong,buttons,7,right,R1,,,,516,1,0,0,,
P07,cn,1,pair,29,0,0,0,v6_pair_db8f08e27f_2.mp4,en,rav10,fear,AV_pair,L:H|R:E,H_vs_E@normal,buttons,7,right,R1,,,,976,1,0,0,,
P07,cn,1,pair,30,0,0,0,v6_pair_e5c0cf4a07_2.mp4,en,rav04,hap,AV_pair,L:H|R:R,H_vs_R@strong,buttons,7,left,L1,,,,754,0,0,0,,
P07,cn,1,pair,31,0,0,0,v6_pair_d81bffa4be_1.mp4,en,rav02,ang,AV_pair,L:E|R:H,H_vs_E@strong,buttons,7,right,R1,,,,1188,0,0,0,,
P07,cn,1,pair,32,0,0,0,v6_pair_6f570415b8_2.mp4,en,rav12,fear,AV_pair,L:H|R:R,H_vs_R@strong,buttons,7,right,R1,,,,706,0,0,0,,
P07,cn,1,pair_catch,33,0,1,0,v6_catch_6f7a8a44b1_1.mp4,en,rav10,hap,AV_pair,L:H|R:still,correct:left,buttons,2,left,left,,,,4388,0,0,0,1,1
P07,cn,1,pair,34,0,0,0,v6_pair_faec1498b7_2.mp4,en,rav08,ang,AV_pair,L:H|R:R,H_vs_R@strong,buttons,7,left,L1,,,,1108,3,0,0,,
P07,cn,1,pair,35,0,0,0,v6_pair_58bfd0c96b_1.mp4,en,rav24,dis,AV_pair,L:R|R:H,H_vs_R@strong,buttons,7,same,S0,,,,795,1,0,0,,
P07,cn,1,pair,36,0,0,0,v6_pair_c12bac8692_1.mp4,en,rav08,ang,AV_pair,L:E|R:H,H_vs_E@strong,buttons,7,left,L1,,,,1069,0,0,0,,
P07,cn,1,pair,37,0,0,0,v6_pair_fb8e3dd060_1.mp4,en,rav08,ang,AV_pair,L:E|R:H,H_vs_E@normal,buttons,7,left,L1,,,,1015,0,0,0,,
P07,cn,1,pair,38,0,0,0,v6_pair_3b7f4443aa_1.mp4,en,rav12,fear,AV_pair,L:E|R:H,H_vs_E@normal,buttons,7,right,R1,,,,1270,0,0,0,,
P07,cn,1,pair,39,0,0,0,v6_pair_33e30e2c1d_2.mp4,en,rav02,dis,AV_pair,L:H|R:E,H_vs_E@normal,buttons,7,right,R1,,,,801,0,0,0,,
P07,cn,1,pair,40,0,0,0,v6_pair_f5403c44bd_2.mp4,en,rav16,hap,AV_pair,L:H|R:R,H_vs_R@strong,buttons,7,same,S0,,,,639,0,0,0,,
P07,cn,1,pair,41,0,0,0,v6_pair_5adfe6a4bd_1.mp4,en,rav20,fear,AV_pair,L:E|R:H,H_vs_E@normal,buttons,7,same,S0,,,,756,0,0,0,,
P07,cn,1,pair,42,0,0,0,v6_pair_53e6c4770b_2.mp4,en,rav14,hap,AV_pair,L:H|R:E,H_vs_E@strong,buttons,7,same,S0,,,,742,0,0,0,,
P07,cn,1,pair,43,0,0,0,v6_pair_4a472014db_2.mp4,en,rav06,ang,AV_pair,L:H|R:E,H_vs_E@strong,buttons,7,left,L1,,,,503,0,0,0,,
P07,cn,1,pair,44,0,0,0,v6_pair_66fc12fdc8_2.mp4,en,rav14,hap,AV_pair,L:H|R:E,H_vs_E@normal,buttons,7,same,S0,,,,994,0,0,0,,
P07,cn,1,pair_ml,45,0,0,0,v6_pair_ml_97c8810aa2_2.mp4,en,en_hap_short_sentence,hap,AV_pair,L:L|R:Lrev,L_vs_Lrev@en,buttons,7,same,S0,,,,1587,0,0,0,,
P07,cn,1,pair_ml,46,0,0,0,v6_pair_ml_0bc71a1be9_2.mp4,jp,jp_ang_short_sentence,ang,AV_pair,L:L|R:Lrev,L_vs_Lrev@jp,buttons,7,same,S0,,,,937,0,0,0,,
P07,cn,1,pair_ml,47,0,0,0,v6_pair_ml_98df03baec_2.mp4,en,en_sad_short_sentence,sad,AV_pair,L:L|R:E,L_vs_E@en,buttons,7,right,R1,,,,841,2,0,0,,
P07,cn,1,pair_ml,48,0,0,0,v6_pair_ml_7e3e5bb20d_1.mp4,cn,0002_000488,ang,AV_pair,L:E|R:L,L_vs_E@cn,buttons,7,same,S0,,,,990,0,0,0,,
P07,cn,1,pair_ml,49,0,0,0,v6_pair_ml_506942a631_1.mp4,en,en_sad_short_sentence,sad,AV_pair,L:Lrev|R:L,L_vs_Lrev@en,buttons,7,left,L1,,,,1379,2,0,0,,
P07,cn,1,pair_ml,50,0,0,0,v6_pair_ml_afa28cd8ae_2.mp4,jp,jp_hap_short_sentence,hap,AV_pair,L:L|R:E,L_vs_E@jp,buttons,7,same,S0,,,,982,0,0,0,,
P07,cn,1,pair_ml,51,0,0,0,v6_pair_ml_e5fa8f451a_1.mp4,en,en_ang_short_sentence,ang,AV_pair,L:Lrev|R:L,L_vs_Lrev@en,buttons,7,same,S0,,,,839,0,0,0,,
P07,cn,1,pair_ml,52,0,0,0,v6_pair_ml_a717ea56f4_1.mp4,cn,0002_000838,hap,AV_pair,L:Lrev|R:L,L_vs_Lrev@cn,buttons,7,same,S0,,,,569,1,0,0,,
P07,cn,1,pair_ml,53,0,0,0,v6_pair_ml_44c920798b_2.mp4,en,en_ang_short_sentence,ang,AV_pair,L:L|R:E,L_vs_E@en,buttons,7,same,S0,,,,852,0,0,0,,
P07,cn,1,pair_ml,54,0,0,0,v6_pair_ml_d6dd46665d_2.mp4,cn,0002_001188,sad,AV_pair,L:L|R:Lrev,L_vs_Lrev@cn,buttons,7,right,R1,,,,665,0,0,0,,
P07,cn,1,pair_ml,55,0,0,0,v6_pair_ml_f26827db2f_1.mp4,en,en_hap_short_sentence,hap,AV_pair,L:E|R:L,L_vs_E@en,buttons,7,same,S0,,,,600,0,0,0,,
P07,cn,1,pair_ml,56,0,0,0,v6_pair_ml_d921b78eb4_1.mp4,jp,jp_ang_short_sentence,ang,AV_pair,L:E|R:L,L_vs_E@jp,buttons,7,same,S0,,,,1096,0,0,0,,
P07,cn,1,pair_ml,57,0,0,0,v6_pair_ml_d5ab099d51_1.mp4,cn,0002_001188,sad,AV_pair,L:E|R:L,L_vs_E@cn,buttons,7,same,S0,,,,766,0,0,0,,
P07,cn,1,pair_ml,58,0,0,0,v6_pair_ml_c3519312c6_1.mp4,jp,jp_hap_short_sentence,hap,AV_pair,L:Lrev|R:L,L_vs_Lrev@jp,buttons,7,same,S0,,,,872,1,0,0,,
P07,cn,1,pair_ml,59,0,0,0,v6_pair_ml_c4711cd80a_2.mp4,cn,0002_000488,ang,AV_pair,L:L|R:Lrev,L_vs_Lrev@cn,buttons,7,left,L1,,,,591,0,0,0,,
P07,cn,1,pair_ml,60,0,0,0,v6_pair_ml_4fc1e0e0d1_1.mp4,jp,jp_sad_short_sentence,sad,AV_pair,L:E|R:L,L_vs_E@jp,buttons,7,same,S0,,,,953,0,0,0,,
P07,cn,1,pair_ml,61,0,0,0,v6_pair_ml_9b2f256f7d_2.mp4,cn,0002_000838,hap,AV_pair,L:L|R:E,L_vs_E@cn,buttons,7,right,R1,,,,950,0,0,0,,
P07,cn,1,pair_ml,62,0,0,0,v6_pair_ml_1780ae57a3_2.mp4,jp,jp_sad_short_sentence,sad,AV_pair,L:L|R:Lrev,L_vs_Lrev@jp,buttons,7,left,L1,,,,848,0,0,0,,
P07,cn,1,pair_mute,63,0,0,0,v6_pair_mute_3b6fa3b207_2.mp4,en,rav16,hap,AV_pair,L:H|R:E,mute:H_vs_E@strong,buttons,7,same,S0,,,,781,0,0,0,,
P07,cn,1,pair_mute,64,0,0,0,v6_pair_mute_005d45f10b_2.mp4,en,rav06,ang,AV_pair,L:H|R:E,mute:H_vs_E@strong,buttons,7,left,L1,,,,547,0,0,0,,
P07,cn,1,pair_mute,65,0,0,0,v6_pair_mute_250e7890e4_2.mp4,en,rav20,fear,AV_pair,L:H|R:E,mute:H_vs_E@strong,buttons,7,left,L1,,,,957,0,0,0,,
P07,cn,1,pair_mute,66,0,0,0,v6_pair_mute_30ad4160ab_1.mp4,en,rav18,dis,AV_pair,L:E|R:H,mute:H_vs_E@strong,buttons,7,right,R1,,,,651,0,0,0,,
P07,cn,1,pair_mute,67,0,0,0,v6_pair_mute_39140f1f71_1.mp4,en,rav04,hap,AV_pair,L:E|R:H,mute:H_vs_E@strong,buttons,7,right,R1,,,,755,0,0,0,,
P07,cn,1,pair_mute,68,0,0,0,v6_pair_mute_555cc59e4b_1.mp4,en,rav10,fear,AV_pair,L:E|R:H,mute:H_vs_E@strong,buttons,7,right,R1,,,,760,0,0,0,,
P07,cn,1,voice_only,69,0,0,0,v6_voice_08aabec890_1.mp4,en,rav06,ang,voice_only,voice:strong,voice_check,buttons,7,,ang,5,,,3926,0,0,0,1,
P07,cn,1,voice_only,70,0,0,0,v6_voice_cd8f85d3b2_1.mp4,en,rav04,hap,voice_only,voice:normal,voice_check,buttons,7,,neu,,,,5843,0,0,0,0,
P07,cn,1,voice_only,71,0,0,0,v6_voice_b0cfac7f4c_1.mp4,en,rav18,dis,voice_only,voice:strong,voice_check,buttons,7,,dis,4,,,3591,0,0,0,1,
P07,cn,1,voice_only,72,0,0,0,v6_voice_a66c973128_1.mp4,en,rav06,ang,voice_only,voice:normal,voice_check,buttons,7,,neu,,,,1752,0,0,0,0,
P07,cn,1,voice_only,73,0,0,0,v6_voice_70e2096718_1.mp4,en,rav20,fear,voice_only,voice:strong,voice_check,buttons,7,,fear,5,,,1813,0,0,0,1,
P07,cn,1,voice_only,74,0,0,0,v6_voice_214566cf57_1.mp4,en,rav14,hap,voice_only,voice:normal,voice_check,buttons,7,,hap,5,,,1084,0,0,0,1,
P07,cn,1,voice_only,75,0,0,0,v6_voice_aaea5d0aab_1.mp4,en,rav12,fear,voice_only,voice:strong,voice_check,buttons,7,,fear,5,,,1899,0,0,0,1,
P07,cn,1,voice_only,76,0,0,0,v6_voice_50a83a8476_1.mp4,en,rav18,dis,voice_only,voice:normal,voice_check,buttons,7,,dis,4,,,6039,0,0,0,1,
P07,cn,1,voice_only,77,0,0,0,v6_voice_5daeb1533f_1.mp4,en,rav04,hap,voice_only,voice:strong,voice_check,buttons,7,,hap,4,,,800,0,0,0,1,
P07,cn,1,voice_only,78,0,0,0,v6_voice_7642129e05_1.mp4,en,rav12,fear,voice_only,voice:normal,voice_check,buttons,7,,fear,4,,,1088,0,0,0,1,
P07,cn,1,voice_only,79,0,0,0,v6_voice_17e973c755_1.mp4,en,rav14,hap,voice_only,voice:strong,voice_check,buttons,7,,sad,4,,,2243,0,0,0,0,
P07,cn,1,voice_only,80,0,0,0,v6_voice_fb11565c01_1.mp4,en,rav20,fear,voice_only,voice:normal,voice_check,buttons,7,,sad,5,,,1107,0,0,0,0,
P08,cn,1,single,0,0,0,0,v6_single_802ffa53c5_2.mp4,en,rav20,fear,AV,,,buttons,7,,fear,2,5,,3774,0,2,0,1,
P08,cn,1,single,1,0,0,0,v6_single_7b8afe562a_1.mp4,en,rav06,ang,AV,,,buttons,7,,ang,2,5,,2052,0,0,0,1,
P08,cn,1,single,2,0,0,0,v6_single_24bf624e7d_3.mp4,en,rav16,hap,AV,,,buttons,7,,hap,5,5,,2406,0,0,0,1,
P08,cn,1,single,3,0,0,0,v6_single_739783e84d_2.mp4,en,rav10,fear,AV,,,buttons,7,,sad,2,5,,2819,0,0,0,0,
P08,cn,1,single,4,0,0,0,v6_single_a721e1869f_1.mp4,en,rav18,dis,AV,,,buttons,7,,neu,,2,,3842,0,0,0,0,
P08,cn,1,single,5,0,0,0,v6_single_76ee15a092_3.mp4,en,rav04,hap,AV,,,buttons,7,,hap,3,6,,2051,0,0,0,1,
P08,cn,1,practice,6,1,0,0,v6_practice_cd0abf6ffd_1.mp4,en,rav22,ang,AV_pair,L:E|R:H,practice:H_vs_E@strong,buttons,7,same,S0,,,,2802,0,0,0,,
P08,cn,1,practice,7,1,0,0,v6_practice_85af89ed95_2.mp4,en,rav10,hap,AV_pair,L:H|R:E,practice:H_vs_E@strong,buttons,7,left,L1,,,,2281,0,0,0,,
P08,cn,1,pair,8,0,0,0,v6_pair_58bfd0c96b_1.mp4,en,rav24,dis,AV_pair,L:R|R:H,H_vs_R@strong,buttons,7,right,R1,,,,819,0,0,0,,
P08,cn,1,pair,9,0,0,0,v6_pair_fb8e3dd060_1.mp4,en,rav08,ang,AV_pair,L:E|R:H,H_vs_E@normal,buttons,7,same,S0,,,,462,0,0,0,,
P08,cn,1,pair,10,0,0,0,v6_pair_7697f115bc_1.mp4,en,rav12,fear,AV_pair,L:E|R:H,H_vs_E@strong,buttons,7,right,R1,,,,903,0,0,0,,
P08,cn,1,pair,11,0,0,0,v6_pair_1fc4717f31_1.mp4,en,rav16,hap,AV_pair,L:E|R:H,H_vs_E@normal,buttons,7,same,S0,,,,638,0,0,0,,
P08,cn,1,pair,12,0,0,0,v6_pair_93629a9394_1.mp4,en,rav06,ang,AV_pair,L:R|R:H,H_vs_R@strong,buttons,7,left,L1,,,,694,0,0,0,,
P08,cn,1,pair,13,0,0,0,v6_pair_13ae59e46d_2.mp4,en,rav02,dis,AV_pair,L:H|R:E,H_vs_E@strong,buttons,7,same,S0,,,,810,0,0,0,,
P08,cn,1,pair,14,0,0,0,v6_pair_7ef69736a7_1.mp4,en,rav18,dis,AV_pair,L:R|R:H,H_vs_R@strong,buttons,7,left,L1,,,,777,0,0,0,,
P08,cn,1,pair,15,0,0,0,v6_pair_c38e9eb491_2.mp4,en,rav18,dis,AV_pair,L:H|R:E,H_vs_E@strong,buttons,7,left,L1,,,,431,0,0,0,,
P08,cn,1,pair,16,0,0,0,v6_pair_d81bffa4be_1.mp4,en,rav02,ang,AV_pair,L:E|R:H,H_vs_E@strong,buttons,7,same,S0,,,,499,0,0,0,,
P08,cn,1,pair,17,0,0,0,v6_pair_dc983160dd_2.mp4,en,rav02,ang,AV_pair,L:H|R:R,H_vs_R@strong,buttons,7,same,S0,,,,1072,0,0,0,,
P08,cn,1,pair,18,0,0,0,v6_pair_c12bac8692_1.mp4,en,rav08,ang,AV_pair,L:E|R:H,H_vs_E@strong,buttons,7,left,L2,,,,1632,0,0,0,,
P08,cn,1,pair,19,0,0,0,v6_pair_a97dec2f4e_1.mp4,en,rav14,hap,AV_pair,L:R|R:H,H_vs_R@strong,buttons,7,right,R1,,,,763,0,0,0,,
P08,cn,1,pair,20,0,0,0,v6_pair_0a26430948_1.mp4,en,rav04,hap,AV_pair,L:E|R:H,H_vs_E@normal,buttons,7,same,S0,,,,1301,0,0,0,,
P08,cn,1,pair,21,0,0,0,v6_pair_3961b3142e_1.mp4,en,rav20,fear,AV_pair,L:E|R:H,H_vs_E@strong,buttons,7,left,L1,,,,1357,0,0,0,,
P08,cn,1,pair,22,0,0,0,v6_pair_d3f0adc106_1.mp4,en,rav10,fear,AV_pair,L:R|R:H,H_vs_R@strong,buttons,7,right,R1,,,,1333,0,0,0,,
P08,cn,1,pair,23,0,0,0,v6_pair_23d7c570a2_1.mp4,en,rav04,hap,AV_pair,L:E|R:H,H_vs_E@strong,buttons,7,same,S0,,,,1631,0,0,0,,
P08,cn,1,pair,24,0,0,0,v6_pair_5caed2de25_2.mp4,en,rav06,ang,AV_pair,L:H|R:E,H_vs_E@normal,buttons,7,same,S0,,,,613,0,0,0,,
P08,cn,1,pair,25,0,0,0,v6_pair_69a37819e2_2.mp4,en,rav10,fear,AV_pair,L:H|R:E,H_vs_E@strong,buttons,7,left,L1,,,,843,0,0,0,,
P08,cn,1,pair,26,0,0,0,v6_pair_e5c0cf4a07_2.mp4,en,rav04,hap,AV_pair,L:H|R:R,H_vs_R@strong,buttons,7,right,R1,,,,1691,0,0,0,,
P08,cn,1,pair,27,0,0,0,v6_pair_0c8482b715_1.mp4,en,rav02,ang,AV_pair,L:E|R:H,H_vs_E@normal,buttons,7,same,S0,,,,512,0,0,0,,
P08,cn,1,pair,28,0,0,0,v6_pair_e86b22f765_2.mp4,en,rav24,dis,AV_pair,L:H|R:E,H_vs_E@normal,buttons,7,right,R1,,,,579,0,1,0,,
P08,cn,1,pair,29,0,0,0,v6_pair_0c7d060d5f_2.mp4,en,rav24,dis,AV_pair,L:H|R:E,H_vs_E@strong,buttons,7,left,L1,,,,630,0,0,0,,
P08,cn,1,pair,30,0,0,0,v6_pair_417168a67a_2.mp4,en,rav20,fear,AV_pair,L:H|R:R,H_vs_R@strong,buttons,7,left,L1,,,,790,0,0,0,,
P08,cn,1,pair_catch,31,0,1,0,v6_catch_6f7a8a44b1_1.mp4,en,rav10,hap,AV_pair,L:H|R:still,correct:left,buttons,2,left,left,,,,4305,0,0,0,1,1
P08,cn,1,pair,32,0,0,0,v6_pair_66fc12fdc8_2.mp4,en,rav14,hap,AV_pair,L:H|R:E,H_vs_E@normal,buttons,7,left,L1,,,,854,0,0,0,,
P08,cn,1,pair,33,0,0,0,v6_pair_faec1498b7_2.mp4,en,rav08,ang,AV_pair,L:H|R:R,H_vs_R@strong,buttons,7,left,L1,,,,1070,0,0,0,,
P08,cn,1,pair,34,0,0,0,v6_pair_6f570415b8_2.mp4,en,rav12,fear,AV_pair,L:H|R:R,H_vs_R@strong,buttons,7,same,S0,,,,647,0,0,0,,
P08,cn,1,pair,35,0,0,0,v6_pair_3b7f4443aa_1.mp4,en,rav12,fear,AV_pair,L:E|R:H,H_vs_E@normal,buttons,7,right,R1,,,,713,0,0,0,,
P08,cn,1,pair,36,0,0,0,v6_pair_87b373e751_1.mp4,en,rav16,hap,AV_pair,L:E|R:H,H_vs_E@strong,buttons,7,right,R1,,,,778,0,0,0,,
P08,cn,1,pair,37,0,0,0,v6_pair_db8f08e27f_2.mp4,en,rav10,fear,AV_pair,L:H|R:E,H_vs_E@normal,buttons,7,right,R1,,,,668,0,0,0,,
P08,cn,1,pair,38,0,0,0,v6_pair_53e6c4770b_2.mp4,en,rav14,hap,AV_pair,L:H|R:E,H_vs_E@strong,buttons,7,right,R1,,,,413,0,0,0,,
P08,cn,1,pair,39,0,0,0,v6_pair_4a472014db_2.mp4,en,rav06,ang,AV_pair,L:H|R:E,H_vs_E@strong,buttons,7,left,L2,,,,440,0,0,0,,
P08,cn,1,pair,40,0,0,0,v6_pair_8073668068_1.mp4,en,rav02,dis,AV_pair,L:R|R:H,H_vs_R@strong,buttons,7,same,S0,,,,707,0,0,0,,
P08,cn,1,pair,41,0,0,0,v6_pair_97e6c7f1ce_2.mp4,en,rav18,dis,AV_pair,L:H|R:E,H_vs_E@normal,buttons,7,right,R1,,,,459,0,0,0,,
P08,cn,1,pair,42,0,0,0,v6_pair_33e30e2c1d_2.mp4,en,rav02,dis,AV_pair,L:H|R:E,H_vs_E@normal,buttons,7,right,R1,,,,621,0,0,0,,
P08,cn,1,pair,43,0,0,0,v6_pair_f5403c44bd_2.mp4,en,rav16,hap,AV_pair,L:H|R:R,H_vs_R@strong,buttons,7,right,R1,,,,559,0,0,0,,
P08,cn,1,pair,44,0,0,0,v6_pair_5adfe6a4bd_1.mp4,en,rav20,fear,AV_pair,L:E|R:H,H_vs_E@normal,buttons,7,right,R2,,,,435,0,0,0,,
P08,cn,1,pair_ml,45,0,0,0,v6_pair_ml_0bc71a1be9_2.mp4,jp,jp_ang_short_sentence,ang,AV_pair,L:L|R:Lrev,L_vs_Lrev@jp,buttons,7,same,S0,,,,1519,0,0,0,,
P08,cn,1,pair_ml,46,0,0,0,v6_pair_ml_f26827db2f_1.mp4,en,en_hap_short_sentence,hap,AV_pair,L:E|R:L,L_vs_E@en,buttons,7,same,S0,,,,871,0,0,0,,
P08,cn,1,pair_ml,47,0,0,0,v6_pair_ml_4fc1e0e0d1_1.mp4,jp,jp_sad_short_sentence,sad,AV_pair,L:E|R:L,L_vs_E@jp,buttons,7,left,L1,,,,1023,0,0,0,,
P08,cn,1,pair_ml,48,0,0,0,v6_pair_ml_c4711cd80a_2.mp4,cn,0002_000488,ang,AV_pair,L:L|R:Lrev,L_vs_Lrev@cn,buttons,7,left,L1,,,,553,0,0,0,,
P08,cn,1,pair_ml,49,0,0,0,v6_pair_ml_afa28cd8ae_2.mp4,jp,jp_hap_short_sentence,hap,AV_pair,L:L|R:E,L_vs_E@jp,buttons,7,left,L1,,,,1080,0,0,0,,
P08,cn,1,pair_ml,50,0,0,0,v6_pair_ml_d6dd46665d_2.mp4,cn,0002_001188,sad,AV_pair,L:L|R:Lrev,L_vs_Lrev@cn,buttons,7,right,R1,,,,846,0,0,0,,
P08,cn,1,pair_ml,51,0,0,0,v6_pair_ml_d921b78eb4_1.mp4,jp,jp_ang_short_sentence,ang,AV_pair,L:E|R:L,L_vs_E@jp,buttons,7,right,R1,,,,686,0,0,0,,
P08,cn,1,pair_ml,52,0,0,0,v6_pair_ml_98df03baec_2.mp4,en,en_sad_short_sentence,sad,AV_pair,L:L|R:E,L_vs_E@en,buttons,7,right,R1,,,,965,0,0,0,,
P08,cn,1,pair_ml,53,0,0,0,v6_pair_ml_a717ea56f4_1.mp4,cn,0002_000838,hap,AV_pair,L:Lrev|R:L,L_vs_Lrev@cn,buttons,7,right,R1,,,,1203,0,0,0,,
P08,cn,1,pair_ml,54,0,0,0,v6_pair_ml_e5fa8f451a_1.mp4,en,en_ang_short_sentence,ang,AV_pair,L:Lrev|R:L,L_vs_Lrev@en,buttons,7,same,S0,,,,738,0,0,0,,
P08,cn,1,pair_ml,55,0,0,0,v6_pair_ml_c3519312c6_1.mp4,jp,jp_hap_short_sentence,hap,AV_pair,L:Lrev|R:L,L_vs_Lrev@jp,buttons,7,right,R1,,,,683,0,0,0,,
P08,cn,1,pair_ml,56,0,0,0,v6_pair_ml_44c920798b_2.mp4,en,en_ang_short_sentence,ang,AV_pair,L:L|R:E,L_vs_E@en,buttons,7,left,L1,,,,733,0,0,0,,
P08,cn,1,pair_ml,57,0,0,0,v6_pair_ml_d5ab099d51_1.mp4,cn,0002_001188,sad,AV_pair,L:E|R:L,L_vs_E@cn,buttons,7,left,L1,,,,861,0,0,0,,
P08,cn,1,pair_ml,58,0,0,0,v6_pair_ml_97c8810aa2_2.mp4,en,en_hap_short_sentence,hap,AV_pair,L:L|R:Lrev,L_vs_Lrev@en,buttons,7,same,S0,,,,930,0,0,0,,
P08,cn,1,pair_ml,59,0,0,0,v6_pair_ml_7e3e5bb20d_1.mp4,cn,0002_000488,ang,AV_pair,L:E|R:L,L_vs_E@cn,buttons,7,right,R1,,,,601,0,0,0,,
P08,cn,1,pair_ml,60,0,0,0,v6_pair_ml_1780ae57a3_2.mp4,jp,jp_sad_short_sentence,sad,AV_pair,L:L|R:Lrev,L_vs_Lrev@jp,buttons,7,left,L1,,,,905,0,0,0,,
P08,cn,1,pair_ml,61,0,0,0,v6_pair_ml_9b2f256f7d_2.mp4,cn,0002_000838,hap,AV_pair,L:L|R:E,L_vs_E@cn,buttons,7,right,R1,,,,518,0,0,0,,
P08,cn,1,pair_ml,62,0,0,0,v6_pair_ml_506942a631_1.mp4,en,en_sad_short_sentence,sad,AV_pair,L:Lrev|R:L,L_vs_Lrev@en,buttons,7,right,R1,,,,564,0,0,0,,
P08,cn,1,pair_mute,63,0,0,0,v6_pair_mute_39140f1f71_1.mp4,en,rav04,hap,AV_pair,L:E|R:H,mute:H_vs_E@strong,buttons,7,right,R1,,,,2421,0,0,0,,
P08,cn,1,pair_mute,64,0,0,0,v6_pair_mute_005d45f10b_2.mp4,en,rav06,ang,AV_pair,L:H|R:E,mute:H_vs_E@strong,buttons,7,left,L1,,,,504,0,0,0,,
P08,cn,1,pair_mute,65,0,0,0,v6_pair_mute_555cc59e4b_1.mp4,en,rav10,fear,AV_pair,L:E|R:H,mute:H_vs_E@strong,buttons,7,right,R1,,,,500,0,0,0,,
P08,cn,1,pair_mute,66,0,0,0,v6_pair_mute_30ad4160ab_1.mp4,en,rav18,dis,AV_pair,L:E|R:H,mute:H_vs_E@strong,buttons,7,left,L1,,,,578,0,0,0,,
P08,cn,1,pair_mute,67,0,0,0,v6_pair_mute_250e7890e4_2.mp4,en,rav20,fear,AV_pair,L:H|R:E,mute:H_vs_E@strong,buttons,7,right,R1,,,,625,0,0,0,,
P08,cn,1,pair_mute,68,0,0,0,v6_pair_mute_3b6fa3b207_2.mp4,en,rav16,hap,AV_pair,L:H|R:E,mute:H_vs_E@strong,buttons,7,left,L1,,,,803,0,0,0,,
P08,cn,1,voice_only,69,0,0,0,v6_voice_cd8f85d3b2_1.mp4,en,rav04,hap,voice_only,voice:normal,voice_check,buttons,7,,hap,5,,,2185,0,0,0,1,
P08,cn,1,voice_only,70,0,0,0,v6_voice_aaea5d0aab_1.mp4,en,rav12,fear,voice_only,voice:strong,voice_check,buttons,7,,fear,5,,,1685,0,0,0,1,
P08,cn,1,voice_only,71,0,0,0,v6_voice_50a83a8476_1.mp4,en,rav18,dis,voice_only,voice:normal,voice_check,buttons,7,,dis,2,,,4015,0,0,0,1,
P08,cn,1,voice_only,72,0,0,0,v6_voice_17e973c755_1.mp4,en,rav14,hap,voice_only,voice:strong,voice_check,buttons,7,,sad,5,,,851,0,0,0,0,
P08,cn,1,voice_only,73,0,0,0,v6_voice_fb11565c01_1.mp4,en,rav20,fear,voice_only,voice:normal,voice_check,buttons,7,,sad,5,,,677,0,0,0,0,
P08,cn,1,voice_only,74,0,0,0,v6_voice_08aabec890_1.mp4,en,rav06,ang,voice_only,voice:strong,voice_check,buttons,7,,ang,6,,,429,0,0,0,1,
P08,cn,1,voice_only,75,0,0,0,v6_voice_7642129e05_1.mp4,en,rav12,fear,voice_only,voice:normal,voice_check,buttons,7,,neu,,,,435,0,0,0,0,
P08,cn,1,voice_only,76,0,0,0,v6_voice_b0cfac7f4c_1.mp4,en,rav18,dis,voice_only,voice:strong,voice_check,buttons,7,,ang,3,,,1637,0,0,0,0,
P08,cn,1,voice_only,77,0,0,0,v6_voice_214566cf57_1.mp4,en,rav14,hap,voice_only,voice:normal,voice_check,buttons,7,,hap,4,,,637,0,0,0,1,
P08,cn,1,voice_only,78,0,0,0,v6_voice_70e2096718_1.mp4,en,rav20,fear,voice_only,voice:strong,voice_check,buttons,7,,sad,6,,,1299,0,0,0,0,
P08,cn,1,voice_only,79,0,0,0,v6_voice_a66c973128_1.mp4,en,rav06,ang,voice_only,voice:normal,voice_check,buttons,7,,neu,,,,395,0,0,0,0,
P08,cn,1,voice_only,80,0,0,0,v6_voice_5daeb1533f_1.mp4,en,rav04,hap,voice_only,voice:strong,voice_check,buttons,7,,hap,4,,,849,0,0,0,1,
P09,cn,1,single,0,0,0,0,v6_single_802ffa53c5_1.mp4,en,rav20,fear,AV,,,buttons,7,,fear,5,4,,7655,0,0,0,1,
P09,cn,1,single,1,0,0,0,v6_single_76ee15a092_2.mp4,en,rav04,hap,AV,,,buttons,7,,hap,6,3,,3344,0,0,0,1,
P09,cn,1,single,2,0,0,0,v6_single_739783e84d_1.mp4,en,rav10,fear,AV,,,buttons,7,,sad,3,3,,6015,0,0,0,0,
P09,cn,1,single,3,0,0,0,v6_single_7b8afe562a_3.mp4,en,rav06,ang,AV,,,buttons,7,,ang,7,4,,2254,0,0,0,1,
P09,cn,1,single,4,0,0,0,v6_single_24bf624e7d_2.mp4,en,rav16,hap,AV,,,buttons,7,,neu,,5,,2101,0,0,0,0,
P09,cn,1,single,5,0,0,0,v6_single_a721e1869f_3.mp4,en,rav18,dis,AV,,,buttons,7,,dis,3,2,,1682,1,2,1,1,
P09,cn,1,practice,6,1,0,0,v6_practice_85af89ed95_1.mp4,en,rav10,hap,AV_pair,L:E|R:H,practice:H_vs_E@strong,buttons,7,right,R1,,,,3415,2,0,0,,
P09,cn,1,practice,7,1,0,0,v6_practice_cd0abf6ffd_2.mp4,en,rav22,ang,AV_pair,L:H|R:E,practice:H_vs_E@strong,buttons,7,right,R1,,,,1225,0,0,0,,
P09,cn,1,pair,8,0,0,0,v6_pair_1fc4717f31_2.mp4,en,rav16,hap,AV_pair,L:H|R:E,H_vs_E@normal,buttons,7,left,L2,,,,837,0,0,0,,
P09,cn,1,pair,9,0,0,0,v6_pair_c38e9eb491_1.mp4,en,rav18,dis,AV_pair,L:E|R:H,H_vs_E@strong,buttons,7,same,S0,,,,672,1,0,0,,
P09,cn,1,pair,10,0,0,0,v6_pair_8073668068_2.mp4,en,rav02,dis,AV_pair,L:H|R:R,H_vs_R@strong,buttons,7,left,L1,,,,1201,2,0,0,,
P09,cn,1,pair,11,0,0,0,v6_pair_0a26430948_2.mp4,en,rav04,hap,AV_pair,L:H|R:E,H_vs_E@normal,buttons,7,right,R2,,,,847,1,0,0,,
P09,cn,1,pair,12,0,0,0,v6_pair_a97dec2f4e_2.mp4,en,rav14,hap,AV_pair,L:H|R:R,H_vs_R@strong,buttons,7,same,S0,,,,537,3,4,2,,
P09,cn,1,pair,13,0,0,0,v6_pair_87b373e751_2.mp4,en,rav16,hap,AV_pair,L:H|R:E,H_vs_E@strong,buttons,7,left,L1,,,,777,0,0,0,,
P09,cn,1,pair,14,0,0,0,v6_pair_5caed2de25_1.mp4,en,rav06,ang,AV_pair,L:E|R:H,H_vs_E@normal,buttons,7,left,L3,,,,1071,0,0,0,,
P09,cn,1,pair,15,0,0,0,v6_pair_93629a9394_2.mp4,en,rav06,ang,AV_pair,L:H|R:R,H_vs_R@strong,buttons,7,left,L1,,,,866,0,0,0,,
P09,cn,1,pair,16,0,0,0,v6_pair_0c7d060d5f_1.mp4,en,rav24,dis,AV_pair,L:E|R:H,H_vs_E@strong,buttons,7,left,L1,,,,596,0,0,0,,
P09,cn,1,pair,17,0,0,0,v6_pair_d81bffa4be_2.mp4,en,rav02,ang,AV_pair,L:H|R:E,H_vs_E@strong,buttons,7,left,L2,,,,589,1,0,0,,
P09,cn,1,pair,18,0,0,0,v6_pair_58bfd0c96b_2.mp4,en,rav24,dis,AV_pair,L:H|R:R,H_vs_R@strong,buttons,7,left,L1,,,,610,0,0,0,,
P09,cn,1,pair,19,0,0,0,v6_pair_33e30e2c1d_1.mp4,en,rav02,dis,AV_pair,L:E|R:H,H_vs_E@normal,buttons,7,left,L2,,,,610,1,2,0,,
P09,cn,1,pair,20,0,0,0,v6_pair_7ef69736a7_2.mp4,en,rav18,dis,AV_pair,L:H|R:R,H_vs_R@strong,buttons,7,same,S0,,,,1501,0,0,0,,
P09,cn,1,pair,21,0,0,0,v6_pair_3b7f4443aa_2.mp4,en,rav12,fear,AV_pair,L:H|R:E,H_vs_E@normal,buttons,7,left,L1,,,,2750,0,0,0,,
P09,cn,1,pair,22,0,0,0,v6_pair_f5403c44bd_1.mp4,en,rav16,hap,AV_pair,L:R|R:H,H_vs_R@strong,buttons,7,left,L1,,,,509,3,0,0,,
P09,cn,1,pair,23,0,0,0,v6_pair_69a37819e2_1.mp4,en,rav10,fear,AV_pair,L:E|R:H,H_vs_E@strong,buttons,7,right,R3,,,,811,0,0,0,,
P09,cn,1,pair,24,0,0,0,v6_pair_23d7c570a2_2.mp4,en,rav04,hap,AV_pair,L:H|R:E,H_vs_E@strong,buttons,7,same,S0,,,,699,1,0,0,,
P09,cn,1,pair,25,0,0,0,v6_pair_e5c0cf4a07_1.mp4,en,rav04,hap,AV_pair,L:R|R:H,H_vs_R@strong,buttons,7,right,R1,,,,361,2,0,0,,
P09,cn,1,pair,26,0,0,0,v6_pair_faec1498b7_1.mp4,en,rav08,ang,AV_pair,L:R|R:H,H_vs_R@strong,buttons,7,right,R1,,,,1455,2,0,0,,
P09,cn,1,pair,27,0,0,0,v6_pair_fb8e3dd060_2.mp4,en,rav08,ang,AV_pair,L:H|R:E,H_vs_E@normal,buttons,7,right,R3,,,,658,1,0,0,,
P09,cn,1,pair,28,0,0,0,v6_pair_3961b3142e_2.mp4,en,rav20,fear,AV_pair,L:H|R:E,H_vs_E@strong,buttons,7,left,L1,,,,813,1,0,0,,
P09,cn,1,pair,29,0,0,0,v6_pair_0c8482b715_2.mp4,en,rav02,ang,AV_pair,L:H|R:E,H_vs_E@normal,buttons,7,right,R2,,,,923,1,0,0,,
P09,cn,1,pair,30,0,0,0,v6_pair_53e6c4770b_1.mp4,en,rav14,hap,AV_pair,L:E|R:H,H_vs_E@strong,buttons,7,right,R2,,,,656,2,0,0,,
P09,cn,1,pair,31,0,0,0,v6_pair_417168a67a_1.mp4,en,rav20,fear,AV_pair,L:R|R:H,H_vs_R@strong,buttons,7,same,S0,,,,1411,0,0,0,,
P09,cn,1,pair,32,0,0,0,v6_pair_db8f08e27f_1.mp4,en,rav10,fear,AV_pair,L:E|R:H,H_vs_E@normal,buttons,7,left,L3,,,,724,0,0,0,,
P09,cn,1,pair,33,0,0,0,v6_pair_97e6c7f1ce_1.mp4,en,rav18,dis,AV_pair,L:E|R:H,H_vs_E@normal,buttons,7,left,L2,,,,428,0,0,0,,
P09,cn,1,pair,34,0,0,0,v6_pair_7697f115bc_2.mp4,en,rav12,fear,AV_pair,L:H|R:E,H_vs_E@strong,buttons,7,same,S0,,,,420,0,0,0,,
P09,cn,1,pair_catch,35,0,1,0,v6_catch_6f7a8a44b1_2.mp4,en,rav10,hap,AV_pair,L:still|R:H,correct:right,buttons,2,right,right,,,,4837,0,0,0,1,1
P09,cn,1,pair,36,0,0,0,v6_pair_6f570415b8_1.mp4,en,rav12,fear,AV_pair,L:R|R:H,H_vs_R@strong,buttons,7,left,L1,,,,869,0,0,0,,
P09,cn,1,pair,37,0,0,0,v6_pair_66fc12fdc8_1.mp4,en,rav14,hap,AV_pair,L:E|R:H,H_vs_E@normal,buttons,7,same,S0,,,,1799,0,0,0,,
P09,cn,1,pair,38,0,0,0,v6_pair_5adfe6a4bd_2.mp4,en,rav20,fear,AV_pair,L:H|R:E,H_vs_E@normal,buttons,7,left,L3,,,,369,2,0,0,,
P09,cn,1,pair,39,0,0,0,v6_pair_c12bac8692_2.mp4,en,rav08,ang,AV_pair,L:H|R:E,H_vs_E@strong,buttons,7,right,R3,,,,657,1,0,0,,
P09,cn,1,pair,40,0,0,0,v6_pair_d3f0adc106_2.mp4,en,rav10,fear,AV_pair,L:H|R:R,H_vs_R@strong,buttons,7,left,L3,,,,610,1,0,0,,
P09,cn,1,pair,41,0,0,0,v6_pair_13ae59e46d_1.mp4,en,rav02,dis,AV_pair,L:E|R:H,H_vs_E@strong,buttons,7,right,R3,,,,564,0,0,0,,
P09,cn,1,pair,42,0,0,0,v6_pair_4a472014db_1.mp4,en,rav06,ang,AV_pair,L:E|R:H,H_vs_E@strong,buttons,7,right,R1,,,,921,0,0,0,,
P09,cn,1,pair,43,0,0,0,v6_pair_e86b22f765_1.mp4,en,rav24,dis,AV_pair,L:E|R:H,H_vs_E@normal,buttons,7,left,L1,,,,414,0,0,0,,
P09,cn,1,pair,44,0,0,0,v6_pair_dc983160dd_1.mp4,en,rav02,ang,AV_pair,L:R|R:H,H_vs_R@strong,buttons,7,right,R1,,,,1509,1,0,0,,
P09,cn,1,pair_ml,45,0,0,0,v6_pair_ml_1780ae57a3_1.mp4,jp,jp_sad_short_sentence,sad,AV_pair,L:Lrev|R:L,L_vs_Lrev@jp,buttons,7,right,R1,,,,1050,3,0,0,,
P09,cn,1,pair_ml,46,0,0,0,v6_pair_ml_a717ea56f4_2.mp4,cn,0002_000838,hap,AV_pair,L:L|R:Lrev,L_vs_Lrev@cn,buttons,7,left,L2,,,,598,2,0,0,,
P09,cn,1,pair_ml,47,0,0,0,v6_pair_ml_4fc1e0e0d1_2.mp4,jp,jp_sad_short_sentence,sad,AV_pair,L:L|R:E,L_vs_E@jp,buttons,7,right,R1,,,,930,0,0,0,,
P09,cn,1,pair_ml,48,0,0,0,v6_pair_ml_c4711cd80a_1.mp4,cn,0002_000488,ang,AV_pair,L:Lrev|R:L,L_vs_Lrev@cn,buttons,7,right,R1,,,,717,0,0,0,,
P09,cn,1,pair_ml,49,0,0,0,v6_pair_ml_c3519312c6_2.mp4,jp,jp_hap_short_sentence,hap,AV_pair,L:L|R:Lrev,L_vs_Lrev@jp,buttons,7,left,L2,,,,936,1,0,0,,
P09,cn,1,pair_ml,50,0,0,0,v6_pair_ml_98df03baec_1.mp4,en,en_sad_short_sentence,sad,AV_pair,L:E|R:L,L_vs_E@en,buttons,7,left,L1,,,,661,1,0,0,,
P09,cn,1,pair_ml,51,0,0,0,v6_pair_ml_0bc71a1be9_1.mp4,jp,jp_ang_short_sentence,ang,AV_pair,L:Lrev|R:L,L_vs_Lrev@jp,buttons,7,left,L1,,,,1256,0,0,0,,
P09,cn,1,pair_ml,52,0,0,0,v6_pair_ml_506942a631_2.mp4,en,en_sad_short_sentence,sad,AV_pair,L:L|R:Lrev,L_vs_Lrev@en,buttons,7,same,S0,,,,1702,0,0,0,,
P09,cn,1,pair_ml,53,0,0,0,v6_pair_ml_d921b78eb4_2.mp4,jp,jp_ang_short_sentence,ang,AV_pair,L:L|R:E,L_vs_E@jp,buttons,7,left,L2,,,,390,1,0,0,,
P09,cn,1,pair_ml,54,0,0,0,v6_pair_ml_d6dd46665d_1.mp4,cn,0002_001188,sad,AV_pair,L:Lrev|R:L,L_vs_Lrev@cn,buttons,7,left,L2,,,,657,1,0,0,,
P09,cn,1,pair_ml,55,0,0,0,v6_pair_ml_afa28cd8ae_1.mp4,jp,jp_hap_short_sentence,hap,AV_pair,L:E|R:L,L_vs_E@jp,buttons,7,right,R2,,,,819,0,0,0,,
P09,cn,1,pair_ml,56,0,0,0,v6_pair_ml_e5fa8f451a_2.mp4,en,en_ang_short_sentence,ang,AV_pair,L:L|R:Lrev,L_vs_Lrev@en,buttons,7,left,L2,,,,476,2,0,0,,
P09,cn,1,pair_ml,57,0,0,0,v6_pair_ml_9b2f256f7d_1.mp4,cn,0002_000838,hap,AV_pair,L:E|R:L,L_vs_E@cn,buttons,7,left,L1,,,,891,2,0,0,,
P09,cn,1,pair_ml,58,0,0,0,v6_pair_ml_44c920798b_1.mp4,en,en_ang_short_sentence,ang,AV_pair,L:E|R:L,L_vs_E@en,buttons,7,left,L2,,,,723,1,0,0,,
P09,cn,1,pair_ml,59,0,0,0,v6_pair_ml_d5ab099d51_2.mp4,cn,0002_001188,sad,AV_pair,L:L|R:E,L_vs_E@cn,buttons,7,right,R3,,,,402,1,0,0,,
P09,cn,1,pair_ml,60,0,0,0,v6_pair_ml_97c8810aa2_1.mp4,en,en_hap_short_sentence,hap,AV_pair,L:Lrev|R:L,L_vs_Lrev@en,buttons,7,right,R3,,,,448,3,0,0,,
P09,cn,1,pair_ml,61,0,0,0,v6_pair_ml_7e3e5bb20d_2.mp4,cn,0002_000488,ang,AV_pair,L:L|R:E,L_vs_E@cn,buttons,7,left,L1,,,,635,2,0,0,,
P09,cn,1,pair_ml,62,0,0,0,v6_pair_ml_f26827db2f_2.mp4,en,en_hap_short_sentence,hap,AV_pair,L:L|R:E,L_vs_E@en,buttons,7,right,R3,,,,406,1,0,0,,
P09,cn,1,pair_mute,63,0,0,0,v6_pair_mute_005d45f10b_1.mp4,en,rav06,ang,AV_pair,L:E|R:H,mute:H_vs_E@strong,buttons,7,right,R2,,,,980,1,0,0,,
P09,cn,1,pair_mute,64,0,0,0,v6_pair_mute_250e7890e4_1.mp4,en,rav20,fear,AV_pair,L:E|R:H,mute:H_vs_E@strong,buttons,7,left,L3,,,,1088,0,0,0,,
P09,cn,1,pair_mute,65,0,0,0,v6_pair_mute_30ad4160ab_2.mp4,en,rav18,dis,AV_pair,L:H|R:E,mute:H_vs_E@strong,buttons,7,right,R1,,,,554,1,0,0,,
P09,cn,1,pair_mute,66,0,0,0,v6_pair_mute_39140f1f71_2.mp4,en,rav04,hap,AV_pair,L:H|R:E,mute:H_vs_E@strong,buttons,7,right,R1,,,,442,2,0,0,,
P09,cn,1,pair_mute,67,0,0,0,v6_pair_mute_555cc59e4b_2.mp4,en,rav10,fear,AV_pair,L:H|R:E,mute:H_vs_E@strong,buttons,7,left,L3,,,,508,1,2,1,,
P09,cn,1,pair_mute,68,0,0,0,v6_pair_mute_3b6fa3b207_1.mp4,en,rav16,hap,AV_pair,L:E|R:H,mute:H_vs_E@strong,buttons,7,same,S0,,,,754,1,0,0,,
P09,cn,1,voice_only,69,0,0,0,v6_voice_a66c973128_1.mp4,en,rav06,ang,voice_only,voice:normal,voice_check,buttons,7,,neu,,,,4428,0,0,0,0,
P09,cn,1,voice_only,70,0,0,0,v6_voice_5daeb1533f_1.mp4,en,rav04,hap,voice_only,voice:strong,voice_check,buttons,7,,hap,4,,,1923,0,0,0,1,
P09,cn,1,voice_only,71,0,0,0,v6_voice_fb11565c01_1.mp4,en,rav20,fear,voice_only,voice:normal,voice_check,buttons,7,,sad,5,,,2150,0,0,0,0,
P09,cn,1,voice_only,72,0,0,0,v6_voice_17e973c755_1.mp4,en,rav14,hap,voice_only,voice:strong,voice_check,buttons,7,,sad,2,,,1212,1,0,0,0,
P09,cn,1,voice_only,73,0,0,0,v6_voice_7642129e05_1.mp4,en,rav12,fear,voice_only,voice:normal,voice_check,buttons,7,,neu,,,,3157,0,0,0,0,
P09,cn,1,voice_only,74,0,0,0,v6_voice_b0cfac7f4c_1.mp4,en,rav18,dis,voice_only,voice:strong,voice_check,buttons,7,,dis,5,,,861,0,0,0,1,
P09,cn,1,voice_only,75,0,0,0,v6_voice_cd8f85d3b2_1.mp4,en,rav04,hap,voice_only,voice:normal,voice_check,buttons,7,,neu,,,,792,0,0,0,0,
P09,cn,1,voice_only,76,0,0,0,v6_voice_08aabec890_1.mp4,en,rav06,ang,voice_only,voice:strong,voice_check,buttons,7,,ang,7,,,1104,0,0,0,1,
P09,cn,1,voice_only,77,0,0,0,v6_voice_214566cf57_1.mp4,en,rav14,hap,voice_only,voice:normal,voice_check,buttons,7,,hap,3,,,1596,0,0,0,1,
P09,cn,1,voice_only,78,0,0,0,v6_voice_70e2096718_1.mp4,en,rav20,fear,voice_only,voice:strong,voice_check,buttons,7,,sad,5,,,3786,1,0,0,0,
P09,cn,1,voice_only,79,0,0,0,v6_voice_50a83a8476_1.mp4,en,rav18,dis,voice_only,voice:normal,voice_check,buttons,7,,sur,5,,,924,0,0,0,0,
P09,cn,1,voice_only,80,0,0,0,v6_voice_aaea5d0aab_1.mp4,en,rav12,fear,voice_only,voice:strong,voice_check,buttons,7,,fear,5,,,1308,0,0,0,1,
P10,en,1,single,0,0,0,0,v6_single_76ee15a092_1.mp4,en,rav04,hap,AV,,,buttons,7,,hap,6,2,,24459,1,0,0,1,
P10,en,1,single,1,0,0,0,v6_single_802ffa53c5_3.mp4,en,rav20,fear,AV,,,buttons,7,,fear,5,2,,3126,0,0,0,1,
P10,en,1,single,2,0,0,0,v6_single_7b8afe562a_2.mp4,en,rav06,ang,AV,,,buttons,7,,ang,4,2,,4994,0,0,0,1,
P10,en,1,single,3,0,0,0,v6_single_739783e84d_3.mp4,en,rav10,fear,AV,,,buttons,7,,fear,4,2,,3051,0,0,0,1,
P10,en,1,single,0,0,0,1,v6_single_76ee15a092_1.mp4,en,rav04,hap,AV,,,buttons,7,,sur,5,2,,4864,0,0,0,0,
P10,en,1,single,1,0,0,1,v6_single_802ffa53c5_3.mp4,en,rav20,fear,AV,,,buttons,7,,fear,4,1,,635,1,0,0,1,
P10,en,1,single,2,0,0,1,v6_single_7b8afe562a_2.mp4,en,rav06,ang,AV,,,buttons,7,,ang,6,1,,783,0,0,0,1,
P10,en,1,single,3,0,0,1,v6_single_739783e84d_3.mp4,en,rav10,fear,AV,,,buttons,7,,fear,4,2,,2029,0,0,0,1,
P10,en,1,single,4,0,0,0,v6_single_24bf624e7d_1.mp4,en,rav16,hap,AV,,,buttons,7,,hap,4,2,,1419,0,0,0,1,
P10,en,1,single,5,0,0,0,v6_single_a721e1869f_2.mp4,en,rav18,dis,AV,,,buttons,7,,dis,5,2,,1730,0,0,0,1,
P10,en,1,practice,6,1,0,0,v6_practice_cd0abf6ffd_1.mp4,en,rav22,ang,AV_pair,L:E|R:H,practice:H_vs_E@strong,buttons,7,right,R1,,,,3453,1,0,0,,
P10,en,1,practice,7,1,0,0,v6_practice_85af89ed95_2.mp4,en,rav10,hap,AV_pair,L:H|R:E,practice:H_vs_E@strong,buttons,7,right,R1,,,,1094,0,0,0,,
P10,en,1,pair,8,0,0,0,v6_pair_58bfd0c96b_1.mp4,en,rav24,dis,AV_pair,L:R|R:H,H_vs_R@strong,buttons,7,right,R1,,,,864,0,0,0,,
P10,en,1,pair,9,0,0,0,v6_pair_13ae59e46d_2.mp4,en,rav02,dis,AV_pair,L:H|R:E,H_vs_E@strong,buttons,7,right,R1,,,,1030,0,0,0,,
P10,en,1,pair,10,0,0,0,v6_pair_33e30e2c1d_2.mp4,en,rav02,dis,AV_pair,L:H|R:E,H_vs_E@normal,buttons,7,right,R1,,,,742,0,0,0,,
P10,en,1,pair,11,0,0,0,v6_pair_7ef69736a7_1.mp4,en,rav18,dis,AV_pair,L:R|R:H,H_vs_R@strong,buttons,7,same,S0,,,,722,0,0,0,,
P10,en,1,pair,12,0,0,0,v6_pair_66fc12fdc8_2.mp4,en,rav14,hap,AV_pair,L:H|R:E,H_vs_E@normal,buttons,7,right,R1,,,,1502,0,0,0,,
P10,en,1,pair,13,0,0,0,v6_pair_c38e9eb491_2.mp4,en,rav18,dis,AV_pair,L:H|R:E,H_vs_E@strong,buttons,7,left,L1,,,,826,0,0,0,,
P10,en,1,pair,14,0,0,0,v6_pair_c12bac8692_1.mp4,en,rav08,ang,AV_pair,L:E|R:H,H_vs_E@strong,buttons,7,left,L1,,,,2356,0,0,0,,
P10,en,1,pair,15,0,0,0,v6_pair_6f570415b8_2.mp4,en,rav12,fear,AV_pair,L:H|R:R,H_vs_R@strong,buttons,7,same,S0,,,,791,2,0,0,,
P10,en,1,pair,16,0,0,0,v6_pair_3b7f4443aa_1.mp4,en,rav12,fear,AV_pair,L:E|R:H,H_vs_E@normal,buttons,7,right,R1,,,,628,1,0,0,,
P10,en,1,pair,17,0,0,0,v6_pair_1fc4717f31_1.mp4,en,rav16,hap,AV_pair,L:E|R:H,H_vs_E@normal,buttons,7,right,R1,,,,602,0,0,0,,
P10,en,1,pair,18,0,0,0,v6_pair_f5403c44bd_2.mp4,en,rav16,hap,AV_pair,L:H|R:R,H_vs_R@strong,buttons,7,same,S0,,,,2894,1,0,0,,
P10,en,1,pair,19,0,0,0,v6_pair_69a37819e2_2.mp4,en,rav10,fear,AV_pair,L:H|R:E,H_vs_E@strong,buttons,7,left,L1,,,,1714,0,0,0,,
P10,en,1,pair,20,0,0,0,v6_pair_5caed2de25_2.mp4,en,rav06,ang,AV_pair,L:H|R:E,H_vs_E@normal,buttons,7,same,S0,,,,682,1,0,0,,
P10,en,1,pair,21,0,0,0,v6_pair_93629a9394_1.mp4,en,rav06,ang,AV_pair,L:R|R:H,H_vs_R@strong,buttons,7,same,S0,,,,695,0,0,0,,
P10,en,1,pair,22,0,0,0,v6_pair_db8f08e27f_2.mp4,en,rav10,fear,AV_pair,L:H|R:E,H_vs_E@normal,buttons,7,right,R1,,,,620,0,0,0,,
P10,en,1,pair,23,0,0,0,v6_pair_53e6c4770b_2.mp4,en,rav14,hap,AV_pair,L:H|R:E,H_vs_E@strong,buttons,7,same,S0,,,,619,0,0,0,,
P10,en,1,pair,24,0,0,0,v6_pair_0a26430948_1.mp4,en,rav04,hap,AV_pair,L:E|R:H,H_vs_E@normal,buttons,7,right,R1,,,,1085,0,0,0,,
P10,en,1,pair,25,0,0,0,v6_pair_d3f0adc106_1.mp4,en,rav10,fear,AV_pair,L:R|R:H,H_vs_R@strong,buttons,7,same,S0,,,,790,0,0,0,,
P10,en,1,pair,26,0,0,0,v6_pair_23d7c570a2_1.mp4,en,rav04,hap,AV_pair,L:E|R:H,H_vs_E@strong,buttons,7,right,R1,,,,605,0,0,0,,
P10,en,1,pair,27,0,0,0,v6_pair_87b373e751_1.mp4,en,rav16,hap,AV_pair,L:E|R:H,H_vs_E@strong,buttons,7,left,L1,,,,935,1,0,0,,
P10,en,1,pair,28,0,0,0,v6_pair_e5c0cf4a07_2.mp4,en,rav04,hap,AV_pair,L:H|R:R,H_vs_R@strong,buttons,7,left,L1,,,,609,0,0,0,,
P10,en,1,pair,29,0,0,0,v6_pair_5adfe6a4bd_1.mp4,en,rav20,fear,AV_pair,L:E|R:H,H_vs_E@normal,buttons,7,same,S0,,,,930,0,0,0,,
P10,en,1,pair,30,0,0,0,v6_pair_8073668068_1.mp4,en,rav02,dis,AV_pair,L:R|R:H,H_vs_R@strong,buttons,7,same,S0,,,,1259,0,0,0,,
P10,en,1,pair,31,0,0,0,v6_pair_e86b22f765_2.mp4,en,rav24,dis,AV_pair,L:H|R:E,H_vs_E@normal,buttons,7,left,L1,,,,513,0,0,0,,
P10,en,1,pair,32,0,0,0,v6_pair_4a472014db_2.mp4,en,rav06,ang,AV_pair,L:H|R:E,H_vs_E@strong,buttons,7,same,S0,,,,559,0,0,0,,
P10,en,1,pair,33,0,0,0,v6_pair_faec1498b7_2.mp4,en,rav08,ang,AV_pair,L:H|R:R,H_vs_R@strong,buttons,7,same,S0,,,,1998,0,0,0,,
P10,en,1,pair,34,0,0,0,v6_pair_fb8e3dd060_1.mp4,en,rav08,ang,AV_pair,L:E|R:H,H_vs_E@normal,buttons,7,right,R1,,,,629,0,0,0,,
P10,en,1,pair,35,0,0,0,v6_pair_3961b3142e_1.mp4,en,rav20,fear,AV_pair,L:E|R:H,H_vs_E@strong,buttons,7,right,R1,,,,809,0,0,0,,
P10,en,1,pair,36,0,0,0,v6_pair_417168a67a_2.mp4,en,rav20,fear,AV_pair,L:H|R:R,H_vs_R@strong,buttons,7,same,S0,,,,758,0,0,0,,
P10,en,1,pair,37,0,0,0,v6_pair_7697f115bc_1.mp4,en,rav12,fear,AV_pair,L:E|R:H,H_vs_E@strong,buttons,7,left,L1,,,,519,0,0,0,,
P10,en,1,pair_catch,38,0,1,0,v6_catch_6f7a8a44b1_1.mp4,en,rav10,hap,AV_pair,L:H|R:still,correct:left,buttons,2,left,left,,,,8604,0,0,0,1,1
P10,en,1,pair,39,0,0,0,v6_pair_dc983160dd_2.mp4,en,rav02,ang,AV_pair,L:H|R:R,H_vs_R@strong,buttons,7,left,L1,,,,642,0,0,0,,
P10,en,1,pair,40,0,0,0,v6_pair_0c7d060d5f_2.mp4,en,rav24,dis,AV_pair,L:H|R:E,H_vs_E@strong,buttons,7,right,R1,,,,490,0,0,0,,
P10,en,1,pair,41,0,0,0,v6_pair_0c8482b715_1.mp4,en,rav02,ang,AV_pair,L:E|R:H,H_vs_E@normal,buttons,7,left,L1,,,,639,0,0,0,,
P10,en,1,pair,42,0,0,0,v6_pair_d81bffa4be_1.mp4,en,rav02,ang,AV_pair,L:E|R:H,H_vs_E@strong,buttons,7,right,R1,,,,1976,0,0,0,,
P10,en,1,pair,43,0,0,0,v6_pair_a97dec2f4e_1.mp4,en,rav14,hap,AV_pair,L:R|R:H,H_vs_R@strong,buttons,7,same,S0,,,,536,0,0,0,,
P10,en,1,pair,44,0,0,0,v6_pair_97e6c7f1ce_2.mp4,en,rav18,dis,AV_pair,L:H|R:E,H_vs_E@normal,buttons,7,same,S0,,,,743,0,0,0,,
P10,en,1,pair_ml,45,0,0,0,v6_pair_ml_97c8810aa2_2.mp4,en,en_hap_short_sentence,hap,AV_pair,L:L|R:Lrev,L_vs_Lrev@en,buttons,7,right,R1,,,,1877,1,0,0,,
P10,en,1,pair_ml,46,0,0,0,v6_pair_ml_d5ab099d51_1.mp4,cn,0002_001188,sad,AV_pair,L:E|R:L,L_vs_E@cn,buttons,7,same,S0,,,,867,0,0,0,,
P10,en,1,pair_ml,47,0,0,0,v6_pair_ml_afa28cd8ae_2.mp4,jp,jp_hap_short_sentence,hap,AV_pair,L:L|R:E,L_vs_E@jp,buttons,7,left,L1,,,,1198,0,0,0,,
P10,en,1,pair_ml,48,0,0,0,v6_pair_ml_c4711cd80a_2.mp4,cn,0002_000488,ang,AV_pair,L:L|R:Lrev,L_vs_Lrev@cn,buttons,7,right,R1,,,,612,2,0,0,,
P10,en,1,pair_ml,49,0,0,0,v6_pair_ml_4fc1e0e0d1_1.mp4,jp,jp_sad_short_sentence,sad,AV_pair,L:E|R:L,L_vs_E@jp,buttons,7,same,S0,,,,1323,0,0,0,,
P10,en,1,pair_ml,50,0,0,0,v6_pair_ml_e5fa8f451a_1.mp4,en,en_ang_short_sentence,ang,AV_pair,L:Lrev|R:L,L_vs_Lrev@en,buttons,7,right,R1,,,,1235,0,0,0,,
P10,en,1,pair_ml,51,0,0,0,v6_pair_ml_c3519312c6_1.mp4,jp,jp_hap_short_sentence,hap,AV_pair,L:Lrev|R:L,L_vs_Lrev@jp,buttons,7,same,S0,,,,909,0,0,0,,
P10,en,1,pair_ml,52,0,0,0,v6_pair_ml_98df03baec_2.mp4,en,en_sad_short_sentence,sad,AV_pair,L:L|R:E,L_vs_E@en,buttons,7,left,L1,,,,1709,0,0,0,,
P10,en,1,pair_ml,53,0,0,0,v6_pair_ml_d921b78eb4_1.mp4,jp,jp_ang_short_sentence,ang,AV_pair,L:E|R:L,L_vs_E@jp,buttons,7,same,S0,,,,2348,0,0,0,,
P10,en,1,pair_ml,54,0,0,0,v6_pair_ml_a717ea56f4_1.mp4,cn,0002_000838,hap,AV_pair,L:Lrev|R:L,L_vs_Lrev@cn,buttons,7,right,R1,,,,22301,0,0,0,,
P10,en,1,pair_ml,55,0,0,0,v6_pair_ml_1780ae57a3_2.mp4,jp,jp_sad_short_sentence,sad,AV_pair,L:L|R:Lrev,L_vs_Lrev@jp,buttons,7,same,S0,,,,634,0,0,0,,
P10,en,1,pair_ml,56,0,0,0,v6_pair_ml_f26827db2f_1.mp4,en,en_hap_short_sentence,hap,AV_pair,L:E|R:L,L_vs_E@en,buttons,7,right,R1,,,,919,0,0,0,,
P10,en,1,pair_ml,57,0,0,0,v6_pair_ml_0bc71a1be9_2.mp4,jp,jp_ang_short_sentence,ang,AV_pair,L:L|R:Lrev,L_vs_Lrev@jp,buttons,7,right,R1,,,,736,0,0,0,,
P10,en,1,pair_ml,58,0,0,0,v6_pair_ml_d6dd46665d_2.mp4,cn,0002_001188,sad,AV_pair,L:L|R:Lrev,L_vs_Lrev@cn,buttons,7,right,R1,,,,16088,0,0,0,,
P10,en,1,pair_ml,59,0,0,0,v6_pair_ml_44c920798b_2.mp4,en,en_ang_short_sentence,ang,AV_pair,L:L|R:E,L_vs_E@en,buttons,7,left,L1,,,,1494,0,0,0,,
P10,en,1,pair_ml,60,0,0,0,v6_pair_ml_9b2f256f7d_2.mp4,cn,0002_000838,hap,AV_pair,L:L|R:E,L_vs_E@cn,buttons,7,same,S0,,,,507,0,0,0,,
P10,en,1,pair_ml,61,0,0,0,v6_pair_ml_506942a631_1.mp4,en,en_sad_short_sentence,sad,AV_pair,L:Lrev|R:L,L_vs_Lrev@en,buttons,7,left,L1,,,,2013,0,0,0,,
P10,en,1,pair_ml,62,0,0,0,v6_pair_ml_7e3e5bb20d_1.mp4,cn,0002_000488,ang,AV_pair,L:E|R:L,L_vs_E@cn,buttons,7,left,L1,,,,603,0,0,0,,
P10,en,1,pair_mute,63,0,0,0,v6_pair_mute_005d45f10b_2.mp4,en,rav06,ang,AV_pair,L:H|R:E,mute:H_vs_E@strong,buttons,7,same,S0,,,,2221,0,0,0,,
P10,en,1,pair_mute,64,0,0,0,v6_pair_mute_30ad4160ab_1.mp4,en,rav18,dis,AV_pair,L:E|R:H,mute:H_vs_E@strong,buttons,7,right,R1,,,,4654,0,0,0,,
P10,en,1,pair_mute,65,0,0,0,v6_pair_mute_3b6fa3b207_2.mp4,en,rav16,hap,AV_pair,L:H|R:E,mute:H_vs_E@strong,buttons,7,left,L2,,,,1536,0,0,0,,
P10,en,1,pair_mute,66,0,0,0,v6_pair_mute_39140f1f71_1.mp4,en,rav04,hap,AV_pair,L:E|R:H,mute:H_vs_E@strong,buttons,7,right,R2,,,,792,0,0,0,,
P10,en,1,pair_mute,67,0,0,0,v6_pair_mute_250e7890e4_2.mp4,en,rav20,fear,AV_pair,L:H|R:E,mute:H_vs_E@strong,buttons,7,left,L2,,,,1583,0,0,0,,
P10,en,1,pair_mute,68,0,0,0,v6_pair_mute_555cc59e4b_1.mp4,en,rav10,fear,AV_pair,L:E|R:H,mute:H_vs_E@strong,buttons,7,right,R2,,,,1347,0,0,0,,
P10,en,1,voice_only,69,0,0,0,v6_voice_cd8f85d3b2_1.mp4,en,rav04,hap,voice_only,voice:normal,voice_check,buttons,7,,neu,,,,5961,1,0,0,0,
P10,en,1,voice_only,70,0,0,0,v6_voice_aaea5d0aab_1.mp4,en,rav12,fear,voice_only,voice:strong,voice_check,buttons,7,,fear,5,,,795,0,0,0,1,
P10,en,1,voice_only,71,0,0,0,v6_voice_a66c973128_1.mp4,en,rav06,ang,voice_only,voice:normal,voice_check,buttons,7,,ang,5,,,522,0,0,0,1,
P10,en,1,voice_only,72,0,0,0,v6_voice_5daeb1533f_1.mp4,en,rav04,hap,voice_only,voice:strong,voice_check,buttons,7,,sur,4,,,1005,0,0,0,0,
P10,en,1,voice_only,73,0,0,0,v6_voice_50a83a8476_1.mp4,en,rav18,dis,voice_only,voice:normal,voice_check,buttons,7,,dis,3,,,846,0,0,0,1,
P10,en,1,voice_only,74,0,0,0,v6_voice_08aabec890_1.mp4,en,rav06,ang,voice_only,voice:strong,voice_check,buttons,7,,ang,7,,,962,0,0,0,1,
P10,en,1,voice_only,75,0,0,0,v6_voice_fb11565c01_1.mp4,en,rav20,fear,voice_only,voice:normal,voice_check,buttons,7,,fear,3,,,2695,0,0,0,1,
P10,en,1,voice_only,76,0,0,0,v6_voice_17e973c755_1.mp4,en,rav14,hap,voice_only,voice:strong,voice_check,buttons,7,,sad,4,,,654,1,0,0,0,
P10,en,1,voice_only,77,0,0,0,v6_voice_7642129e05_1.mp4,en,rav12,fear,voice_only,voice:normal,voice_check,buttons,7,,sad,2,,,8166,0,0,0,0,
P10,en,1,voice_only,78,0,0,0,v6_voice_b0cfac7f4c_1.mp4,en,rav18,dis,voice_only,voice:strong,voice_check,buttons,7,,dis,3,,,1278,0,0,0,1,
P10,en,1,voice_only,79,0,0,0,v6_voice_214566cf57_1.mp4,en,rav14,hap,voice_only,voice:normal,voice_check,buttons,7,,hap,5,,,1357,0,0,0,1,
P10,en,1,voice_only,80,0,0,0,v6_voice_70e2096718_1.mp4,en,rav20,fear,voice_only,voice:strong,voice_check,buttons,7,,fear,5,,,740,0,0,0,1,
P11,en,1,single,0,0,0,0,v6_single_a721e1869f_1.mp4,en,rav18,dis,AV,,,buttons,7,,sad,4,4,,3785,0,0,0,0,
P11,en,1,single,1,0,0,0,v6_single_76ee15a092_3.mp4,en,rav04,hap,AV,,,buttons,7,,hap,5,4,,1187,0,0,0,1,
P11,en,1,single,1,0,0,1,v6_single_76ee15a092_3.mp4,en,rav04,hap,AV,,,buttons,7,,neu,,4,,3828,0,0,0,0,
P11,en,1,single,2,0,0,0,v6_single_802ffa53c5_2.mp4,en,rav20,fear,AV,,,buttons,7,,dis,5,4,,5887,0,0,0,0,
P11,en,1,single,3,0,0,0,v6_single_24bf624e7d_3.mp4,en,rav16,hap,AV,,,buttons,7,,hap,5,5,,1063,0,0,0,1,
P11,en,1,single,4,0,0,0,v6_single_7b8afe562a_1.mp4,en,rav06,ang,AV,,,buttons,7,,ang,5,5,,3158,0,0,0,1,
P11,en,1,single,5,0,0,0,v6_single_739783e84d_2.mp4,en,rav10,fear,AV,,,buttons,7,,fear,5,5,,1565,0,0,0,1,
P11,en,1,practice,6,1,0,0,v6_practice_85af89ed95_2.mp4,en,rav10,hap,AV_pair,L:H|R:E,practice:H_vs_E@strong,buttons,7,same,S0,,,,2488,0,0,0,,
P11,en,1,practice,7,1,0,0,v6_practice_cd0abf6ffd_1.mp4,en,rav22,ang,AV_pair,L:E|R:H,practice:H_vs_E@strong,buttons,7,right,R1,,,,7903,0,0,0,,
P11,en,1,pair,8,0,0,0,v6_pair_87b373e751_1.mp4,en,rav16,hap,AV_pair,L:E|R:H,H_vs_E@strong,buttons,7,right,R1,,,,621,0,0,0,,
P11,en,1,pair,9,0,0,0,v6_pair_1fc4717f31_1.mp4,en,rav16,hap,AV_pair,L:E|R:H,H_vs_E@normal,buttons,7,same,S0,,,,603,0,0,0,,
P11,en,1,pair,10,0,0,0,v6_pair_c12bac8692_1.mp4,en,rav08,ang,AV_pair,L:E|R:H,H_vs_E@strong,buttons,7,right,R1,,,,961,0,0,0,,
P11,en,1,pair,11,0,0,0,v6_pair_23d7c570a2_1.mp4,en,rav04,hap,AV_pair,L:E|R:H,H_vs_E@strong,buttons,7,right,R1,,,,691,0,0,0,,
P11,en,1,pair,12,0,0,0,v6_pair_e86b22f765_2.mp4,en,rav24,dis,AV_pair,L:H|R:E,H_vs_E@normal,buttons,7,left,L1,,,,581,0,0,0,,
P11,en,1,pair,13,0,0,0,v6_pair_d3f0adc106_1.mp4,en,rav10,fear,AV_pair,L:R|R:H,H_vs_R@strong,buttons,7,same,S0,,,,590,0,0,0,,
P11,en,1,pair,14,0,0,0,v6_pair_a97dec2f4e_1.mp4,en,rav14,hap,AV_pair,L:R|R:H,H_vs_R@strong,buttons,7,same,S0,,,,1834,0,0,0,,
P11,en,1,pair,15,0,0,0,v6_pair_5adfe6a4bd_1.mp4,en,rav20,fear,AV_pair,L:E|R:H,H_vs_E@normal,buttons,7,same,S0,,,,1032,0,0,0,,
P11,en,1,pair,16,0,0,0,v6_pair_8073668068_1.mp4,en,rav02,dis,AV_pair,L:R|R:H,H_vs_R@strong,buttons,7,right,R1,,,,652,0,0,0,,
P11,en,1,pair,17,0,0,0,v6_pair_4a472014db_2.mp4,en,rav06,ang,AV_pair,L:H|R:E,H_vs_E@strong,buttons,7,left,L1,,,,435,0,0,0,,
P11,en,1,pair,18,0,0,0,v6_pair_0c8482b715_1.mp4,en,rav02,ang,AV_pair,L:E|R:H,H_vs_E@normal,buttons,7,right,R1,,,,898,0,0,0,,
P11,en,1,pair,19,0,0,0,v6_pair_dc983160dd_2.mp4,en,rav02,ang,AV_pair,L:H|R:R,H_vs_R@strong,buttons,7,left,L1,,,,1004,0,0,0,,
P11,en,1,pair,20,0,0,0,v6_pair_7697f115bc_1.mp4,en,rav12,fear,AV_pair,L:E|R:H,H_vs_E@strong,buttons,7,same,S0,,,,681,0,0,0,,
P11,en,1,pair,21,0,0,0,v6_pair_3b7f4443aa_1.mp4,en,rav12,fear,AV_pair,L:E|R:H,H_vs_E@normal,buttons,7,right,R1,,,,723,0,0,0,,
P11,en,1,pair,22,0,0,0,v6_pair_417168a67a_2.mp4,en,rav20,fear,AV_pair,L:H|R:R,H_vs_R@strong,buttons,7,same,S0,,,,423,0,0,0,,
P11,en,1,pair,23,0,0,0,v6_pair_0a26430948_1.mp4,en,rav04,hap,AV_pair,L:E|R:H,H_vs_E@normal,buttons,7,right,R2,,,,605,0,0,0,,
P11,en,1,pair,24,0,0,0,v6_pair_69a37819e2_2.mp4,en,rav10,fear,AV_pair,L:H|R:E,H_vs_E@strong,buttons,7,left,L1,,,,651,0,0,0,,
P11,en,1,pair,25,0,0,0,v6_pair_faec1498b7_2.mp4,en,rav08,ang,AV_pair,L:H|R:R,H_vs_R@strong,buttons,7,left,L1,,,,739,0,0,0,,
P11,en,1,pair,26,0,0,0,v6_pair_66fc12fdc8_2.mp4,en,rav14,hap,AV_pair,L:H|R:E,H_vs_E@normal,buttons,7,left,L1,,,,552,0,0,0,,
P11,en,1,pair,27,0,0,0,v6_pair_db8f08e27f_2.mp4,en,rav10,fear,AV_pair,L:H|R:E,H_vs_E@normal,buttons,7,left,L1,,,,556,0,0,0,,
P11,en,1,pair,28,0,0,0,v6_pair_6f570415b8_2.mp4,en,rav12,fear,AV_pair,L:H|R:R,H_vs_R@strong,buttons,7,same,S0,,,,453,0,0,0,,
P11,en,1,pair,29,0,0,0,v6_pair_3961b3142e_1.mp4,en,rav20,fear,AV_pair,L:E|R:H,H_vs_E@strong,buttons,7,same,S0,,,,439,0,0,0,,
P11,en,1,pair,30,0,0,0,v6_pair_93629a9394_1.mp4,en,rav06,ang,AV_pair,L:R|R:H,H_vs_R@strong,buttons,7,right,R1,,,,483,0,0,0,,
P11,en,1,pair,31,0,0,0,v6_pair_53e6c4770b_2.mp4,en,rav14,hap,AV_pair,L:H|R:E,H_vs_E@strong,buttons,7,left,L1,,,,1207,0,0,0,,
P11,en,1,pair,32,0,0,0,v6_pair_fb8e3dd060_1.mp4,en,rav08,ang,AV_pair,L:E|R:H,H_vs_E@normal,buttons,7,left,L2,,,,472,0,0,0,,
P11,en,1,pair_catch,33,0,1,0,v6_catch_6f7a8a44b1_1.mp4,en,rav10,hap,AV_pair,L:H|R:still,correct:left,buttons,2,left,left,,,,2060,0,0,0,1,1
P11,en,1,pair,34,0,0,0,v6_pair_97e6c7f1ce_2.mp4,en,rav18,dis,AV_pair,L:H|R:E,H_vs_E@normal,buttons,7,right,R1,,,,1254,0,0,0,,
P11,en,1,pair,35,0,0,0,v6_pair_7ef69736a7_1.mp4,en,rav18,dis,AV_pair,L:R|R:H,H_vs_R@strong,buttons,7,same,S0,,,,654,0,0,0,,
P11,en,1,pair,36,0,0,0,v6_pair_58bfd0c96b_1.mp4,en,rav24,dis,AV_pair,L:R|R:H,H_vs_R@strong,buttons,7,right,R1,,,,646,0,0,0,,
P11,en,1,pair,37,0,0,0,v6_pair_13ae59e46d_2.mp4,en,rav02,dis,AV_pair,L:H|R:E,H_vs_E@strong,buttons,7,left,L1,,,,1071,0,0,0,,
P11,en,1,pair,38,0,0,0,v6_pair_5caed2de25_2.mp4,en,rav06,ang,AV_pair,L:H|R:E,H_vs_E@normal,buttons,7,same,S0,,,,665,0,0,0,,
P11,en,1,pair,39,0,0,0,v6_pair_f5403c44bd_2.mp4,en,rav16,hap,AV_pair,L:H|R:R,H_vs_R@strong,buttons,7,left,L1,,,,755,0,0,0,,
P11,en,1,pair,40,0,0,0,v6_pair_d81bffa4be_1.mp4,en,rav02,ang,AV_pair,L:E|R:H,H_vs_E@strong,buttons,7,same,S0,,,,411,0,0,0,,
P11,en,1,pair,41,0,0,0,v6_pair_0c7d060d5f_2.mp4,en,rav24,dis,AV_pair,L:H|R:E,H_vs_E@strong,buttons,7,same,S0,,,,409,0,0,0,,
P11,en,1,pair,42,0,0,0,v6_pair_e5c0cf4a07_2.mp4,en,rav04,hap,AV_pair,L:H|R:R,H_vs_R@strong,buttons,7,left,L1,,,,834,0,0,0,,
P11,en,1,pair,43,0,0,0,v6_pair_33e30e2c1d_2.mp4,en,rav02,dis,AV_pair,L:H|R:E,H_vs_E@normal,buttons,7,right,R2,,,,3143,0,0,0,,
P11,en,1,pair,44,0,0,0,v6_pair_c38e9eb491_2.mp4,en,rav18,dis,AV_pair,L:H|R:E,H_vs_E@strong,buttons,7,left,L1,,,,684,0,0,0,,
P11,en,1,pair_ml,45,0,0,0,v6_pair_ml_e5fa8f451a_1.mp4,en,en_ang_short_sentence,ang,AV_pair,L:Lrev|R:L,L_vs_Lrev@en,buttons,7,same,S0,,,,1969,0,0,0,,
P11,en,1,pair_ml,46,0,0,0,v6_pair_ml_c3519312c6_1.mp4,jp,jp_hap_short_sentence,hap,AV_pair,L:Lrev|R:L,L_vs_Lrev@jp,buttons,7,left,L1,,,,1613,0,0,0,,
P11,en,1,pair_ml,47,0,0,0,v6_pair_ml_44c920798b_2.mp4,en,en_ang_short_sentence,ang,AV_pair,L:L|R:E,L_vs_E@en,buttons,7,left,L1,,,,780,0,0,0,,
P11,en,1,pair_ml,48,0,0,0,v6_pair_ml_4fc1e0e0d1_1.mp4,jp,jp_sad_short_sentence,sad,AV_pair,L:E|R:L,L_vs_E@jp,buttons,7,same,S0,,,,853,0,0,0,,
P11,en,1,pair_ml,49,0,0,0,v6_pair_ml_97c8810aa2_2.mp4,en,en_hap_short_sentence,hap,AV_pair,L:L|R:Lrev,L_vs_Lrev@en,buttons,7,left,L1,,,,545,0,0,0,,
P11,en,1,pair_ml,50,0,0,0,v6_pair_ml_d6dd46665d_2.mp4,cn,0002_001188,sad,AV_pair,L:L|R:Lrev,L_vs_Lrev@cn,buttons,7,left,L1,,,,598,0,0,0,,
P11,en,1,pair_ml,51,0,0,0,v6_pair_ml_afa28cd8ae_2.mp4,jp,jp_hap_short_sentence,hap,AV_pair,L:L|R:E,L_vs_E@jp,buttons,7,same,S0,,,,744,0,0,0,,
P11,en,1,pair_ml,52,0,0,0,v6_pair_ml_c4711cd80a_2.mp4,cn,0002_000488,ang,AV_pair,L:L|R:Lrev,L_vs_Lrev@cn,buttons,7,left,L1,,,,984,0,0,0,,
P11,en,1,pair_ml,53,0,0,0,v6_pair_ml_f26827db2f_1.mp4,en,en_hap_short_sentence,hap,AV_pair,L:E|R:L,L_vs_E@en,buttons,7,right,R1,,,,716,0,0,0,,
P11,en,1,pair_ml,54,0,0,0,v6_pair_ml_7e3e5bb20d_1.mp4,cn,0002_000488,ang,AV_pair,L:E|R:L,L_vs_E@cn,buttons,7,same,S0,,,,907,0,0,0,,
P11,en,1,pair_ml,55,0,0,0,v6_pair_ml_506942a631_1.mp4,en,en_sad_short_sentence,sad,AV_pair,L:Lrev|R:L,L_vs_Lrev@en,buttons,7,same,S0,,,,685,0,0,0,,
P11,en,1,pair_ml,56,0,0,0,v6_pair_ml_9b2f256f7d_2.mp4,cn,0002_000838,hap,AV_pair,L:L|R:E,L_vs_E@cn,buttons,7,same,S0,,,,771,0,0,0,,
P11,en,1,pair_ml,57,0,0,0,v6_pair_ml_0bc71a1be9_2.mp4,jp,jp_ang_short_sentence,ang,AV_pair,L:L|R:Lrev,L_vs_Lrev@jp,buttons,7,right,R1,,,,656,0,0,0,,
P11,en,1,pair_ml,58,0,0,0,v6_pair_ml_d5ab099d51_1.mp4,cn,0002_001188,sad,AV_pair,L:E|R:L,L_vs_E@cn,buttons,7,right,R1,,,,1374,0,0,0,,
P11,en,1,pair_ml,59,0,0,0,v6_pair_ml_d921b78eb4_1.mp4,jp,jp_ang_short_sentence,ang,AV_pair,L:E|R:L,L_vs_E@jp,buttons,7,same,S0,,,,1074,0,0,0,,
P11,en,1,pair_ml,60,0,0,0,v6_pair_ml_98df03baec_2.mp4,en,en_sad_short_sentence,sad,AV_pair,L:L|R:E,L_vs_E@en,buttons,7,same,S0,,,,879,0,0,0,,
P11,en,1,pair_ml,61,0,0,0,v6_pair_ml_a717ea56f4_1.mp4,cn,0002_000838,hap,AV_pair,L:Lrev|R:L,L_vs_Lrev@cn,buttons,7,same,S0,,,,585,0,0,0,,
P11,en,1,pair_ml,62,0,0,0,v6_pair_ml_1780ae57a3_2.mp4,jp,jp_sad_short_sentence,sad,AV_pair,L:L|R:Lrev,L_vs_Lrev@jp,buttons,7,left,L2,,,,860,0,0,0,,
P11,en,1,pair_mute,63,0,0,0,v6_pair_mute_250e7890e4_2.mp4,en,rav20,fear,AV_pair,L:H|R:E,mute:H_vs_E@strong,buttons,7,same,S0,,,,4456,0,0,0,,
P11,en,1,pair_mute,64,0,0,0,v6_pair_mute_005d45f10b_2.mp4,en,rav06,ang,AV_pair,L:H|R:E,mute:H_vs_E@strong,buttons,7,left,L1,,,,585,0,0,0,,
P11,en,1,pair_mute,65,0,0,0,v6_pair_mute_30ad4160ab_1.mp4,en,rav18,dis,AV_pair,L:E|R:H,mute:H_vs_E@strong,buttons,7,right,R2,,,,611,0,0,0,,
P11,en,1,pair_mute,66,0,0,0,v6_pair_mute_555cc59e4b_1.mp4,en,rav10,fear,AV_pair,L:E|R:H,mute:H_vs_E@strong,buttons,7,right,R2,,,,890,0,0,0,,
P11,en,1,pair_mute,67,0,0,0,v6_pair_mute_39140f1f71_1.mp4,en,rav04,hap,AV_pair,L:E|R:H,mute:H_vs_E@strong,buttons,7,right,R3,,,,665,0,0,0,,
P11,en,1,pair_mute,68,0,0,0,v6_pair_mute_3b6fa3b207_2.mp4,en,rav16,hap,AV_pair,L:H|R:E,mute:H_vs_E@strong,buttons,7,left,L3,,,,709,0,0,0,,
P11,en,1,voice_only,69,0,0,0,v6_voice_b0cfac7f4c_1.mp4,en,rav18,dis,voice_only,voice:strong,voice_check,buttons,7,,sur,5,,,4279,0,0,0,0,
P11,en,1,voice_only,70,0,0,0,v6_voice_a66c973128_1.mp4,en,rav06,ang,voice_only,voice:normal,voice_check,buttons,7,,neu,,,,995,0,0,0,0,
P11,en,1,voice_only,71,0,0,0,v6_voice_aaea5d0aab_1.mp4,en,rav12,fear,voice_only,voice:strong,voice_check,buttons,7,,fear,6,,,1595,0,0,0,1,
P11,en,1,voice_only,72,0,0,0,v6_voice_50a83a8476_1.mp4,en,rav18,dis,voice_only,voice:normal,voice_check,buttons,7,,sur,3,,,2029,0,0,0,0,
P11,en,1,voice_only,73,0,0,0,v6_voice_5daeb1533f_1.mp4,en,rav04,hap,voice_only,voice:strong,voice_check,buttons,7,,hap,5,,,942,0,0,0,1,
P11,en,1,voice_only,74,0,0,0,v6_voice_7642129e05_1.mp4,en,rav12,fear,voice_only,voice:normal,voice_check,buttons,7,,neu,,,,680,0,0,0,0,
P11,en,1,voice_only,75,0,0,0,v6_voice_17e973c755_1.mp4,en,rav14,hap,voice_only,voice:strong,voice_check,buttons,7,,fear,4,,,954,0,0,0,0,
P11,en,1,voice_only,76,0,0,0,v6_voice_fb11565c01_1.mp4,en,rav20,fear,voice_only,voice:normal,voice_check,buttons,7,,fear,3,,,2270,0,0,0,1,
P11,en,1,voice_only,77,0,0,0,v6_voice_08aabec890_1.mp4,en,rav06,ang,voice_only,voice:strong,voice_check,buttons,7,,fear,7,,,12100,0,0,0,0,
P11,en,1,voice_only,78,0,0,0,v6_voice_cd8f85d3b2_1.mp4,en,rav04,hap,voice_only,voice:normal,voice_check,buttons,7,,neu,,,,3916,0,0,0,0,
P11,en,1,voice_only,79,0,0,0,v6_voice_70e2096718_1.mp4,en,rav20,fear,voice_only,voice:strong,voice_check,buttons,7,,fear,5,,,2444,0,0,0,1,
P11,en,1,voice_only,80,0,0,0,v6_voice_214566cf57_1.mp4,en,rav14,hap,voice_only,voice:normal,voice_check,buttons,7,,fear,4,,,7315,0,0,0,0,
P12,en,1,single,0,0,0,0,v6_single_76ee15a092_3.mp4,en,rav04,hap,AV,,,buttons,7,,hap,5,5,,2357,0,0,0,1,
P12,en,1,single,1,0,0,0,v6_single_739783e84d_2.mp4,en,rav10,fear,AV,,,buttons,7,,fear,5,3,,1272,0,0,0,1,
P12,en,1,single,2,0,0,0,v6_single_a721e1869f_1.mp4,en,rav18,dis,AV,,,buttons,7,,ang,2,2,,3733,0,0,0,0,
P12,en,1,single,3,0,0,0,v6_single_24bf624e7d_3.mp4,en,rav16,hap,AV,,,buttons,7,,hap,5,5,,1228,0,0,0,1,
P12,en,1,single,4,0,0,0,v6_single_802ffa53c5_2.mp4,en,rav20,fear,AV,,,buttons,7,,fear,6,6,,3432,0,0,0,1,
P12,en,1,single,5,0,0,0,v6_single_7b8afe562a_1.mp4,en,rav06,ang,AV,,,buttons,7,,fear,5,3,,964,0,0,0,0,
P12,en,1,practice,6,1,0,0,v6_practice_cd0abf6ffd_2.mp4,en,rav22,ang,AV_pair,L:H|R:E,practice:H_vs_E@strong,buttons,7,same,S0,,,,8648,0,0,0,,
P12,en,1,practice,7,1,0,0,v6_practice_85af89ed95_1.mp4,en,rav10,hap,AV_pair,L:E|R:H,practice:H_vs_E@strong,buttons,7,same,S0,,,,1003,0,0,0,,
P12,en,1,pair,8,0,0,0,v6_pair_e5c0cf4a07_1.mp4,en,rav04,hap,AV_pair,L:R|R:H,H_vs_R@strong,buttons,7,right,R1,,,,838,0,0,0,,
P12,en,1,pair,9,0,0,0,v6_pair_3961b3142e_2.mp4,en,rav20,fear,AV_pair,L:H|R:E,H_vs_E@strong,buttons,7,left,L1,,,,570,0,0,0,,
P12,en,1,pair,10,0,0,0,v6_pair_93629a9394_2.mp4,en,rav06,ang,AV_pair,L:H|R:R,H_vs_R@strong,buttons,7,right,R2,,,,901,0,0,0,,
P12,en,1,pair,11,0,0,0,v6_pair_417168a67a_1.mp4,en,rav20,fear,AV_pair,L:R|R:H,H_vs_R@strong,buttons,7,right,R1,,,,1821,0,0,0,,
P12,en,1,pair,12,0,0,0,v6_pair_fb8e3dd060_2.mp4,en,rav08,ang,AV_pair,L:H|R:E,H_vs_E@normal,buttons,7,right,R1,,,,1259,0,0,0,,
P12,en,1,pair,13,0,0,0,v6_pair_a97dec2f4e_2.mp4,en,rav14,hap,AV_pair,L:H|R:R,H_vs_R@strong,buttons,7,right,R1,,,,1084,0,0,0,,
P12,en,1,pair,14,0,0,0,v6_pair_faec1498b7_1.mp4,en,rav08,ang,AV_pair,L:R|R:H,H_vs_R@strong,buttons,7,left,L1,,,,846,0,0,0,,
P12,en,1,pair,15,0,0,0,v6_pair_13ae59e46d_1.mp4,en,rav02,dis,AV_pair,L:E|R:H,H_vs_E@strong,buttons,7,left,L1,,,,2741,0,0,0,,
P12,en,1,pair,16,0,0,0,v6_pair_db8f08e27f_1.mp4,en,rav10,fear,AV_pair,L:E|R:H,H_vs_E@normal,buttons,7,left,L1,,,,6294,0,0,0,,
P12,en,1,pair,17,0,0,0,v6_pair_97e6c7f1ce_1.mp4,en,rav18,dis,AV_pair,L:E|R:H,H_vs_E@normal,buttons,7,right,R1,,,,896,0,0,0,,
P12,en,1,pair,18,0,0,0,v6_pair_23d7c570a2_2.mp4,en,rav04,hap,AV_pair,L:H|R:E,H_vs_E@strong,buttons,7,left,L1,,,,1020,0,0,0,,
P12,en,1,pair,19,0,0,0,v6_pair_58bfd0c96b_2.mp4,en,rav24,dis,AV_pair,L:H|R:R,H_vs_R@strong,buttons,7,left,L1,,,,3933,0,0,0,,
P12,en,1,pair,20,0,0,0,v6_pair_7ef69736a7_2.mp4,en,rav18,dis,AV_pair,L:H|R:R,H_vs_R@strong,buttons,7,right,R2,,,,849,0,0,0,,
P12,en,1,pair,21,0,0,0,v6_pair_69a37819e2_1.mp4,en,rav10,fear,AV_pair,L:E|R:H,H_vs_E@strong,buttons,7,same,S0,,,,2974,0,0,0,,
P12,en,1,pair,22,0,0,0,v6_pair_f5403c44bd_1.mp4,en,rav16,hap,AV_pair,L:R|R:H,H_vs_R@strong,buttons,7,right,R1,,,,552,0,0,0,,
P12,en,1,pair,23,0,0,0,v6_pair_5adfe6a4bd_2.mp4,en,rav20,fear,AV_pair,L:H|R:E,H_vs_E@normal,buttons,7,same,S0,,,,564,0,0,0,,
P12,en,1,pair,24,0,0,0,v6_pair_87b373e751_2.mp4,en,rav16,hap,AV_pair,L:H|R:E,H_vs_E@strong,buttons,7,left,L1,,,,468,0,0,0,,
P12,en,1,pair,25,0,0,0,v6_pair_1fc4717f31_2.mp4,en,rav16,hap,AV_pair,L:H|R:E,H_vs_E@normal,buttons,7,same,S0,,,,280,0,0,0,,
P12,en,1,pair,26,0,0,0,v6_pair_c12bac8692_2.mp4,en,rav08,ang,AV_pair,L:H|R:E,H_vs_E@strong,buttons,7,left,L1,,,,582,0,0,0,,
P12,en,1,pair,27,0,0,0,v6_pair_e86b22f765_1.mp4,en,rav24,dis,AV_pair,L:E|R:H,H_vs_E@normal,buttons,7,left,L1,,,,1363,0,0,0,,
P12,en,1,pair,28,0,0,0,v6_pair_0c7d060d5f_1.mp4,en,rav24,dis,AV_pair,L:E|R:H,H_vs_E@strong,buttons,7,right,R1,,,,956,0,0,0,,
P12,en,1,pair,29,0,0,0,v6_pair_8073668068_2.mp4,en,rav02,dis,AV_pair,L:H|R:R,H_vs_R@strong,buttons,7,right,R1,,,,1479,0,0,0,,
P12,en,1,pair,30,0,0,0,v6_pair_7697f115bc_2.mp4,en,rav12,fear,AV_pair,L:H|R:E,H_vs_E@strong,buttons,7,right,R1,,,,1695,0,0,0,,
P12,en,1,pair,31,0,0,0,v6_pair_0a26430948_2.mp4,en,rav04,hap,AV_pair,L:H|R:E,H_vs_E@normal,buttons,7,left,L1,,,,3095,0,0,0,,
P12,en,1,pair,32,0,0,0,v6_pair_53e6c4770b_1.mp4,en,rav14,hap,AV_pair,L:E|R:H,H_vs_E@strong,buttons,7,same,S0,,,,762,0,0,0,,
P12,en,1,pair,33,0,0,0,v6_pair_33e30e2c1d_1.mp4,en,rav02,dis,AV_pair,L:E|R:H,H_vs_E@normal,buttons,7,right,R1,,,,675,0,0,0,,
P12,en,1,pair,34,0,0,0,v6_pair_5caed2de25_1.mp4,en,rav06,ang,AV_pair,L:E|R:H,H_vs_E@normal,buttons,7,right,R1,,,,1184,0,0,0,,
P12,en,1,pair,35,0,0,0,v6_pair_c38e9eb491_1.mp4,en,rav18,dis,AV_pair,L:E|R:H,H_vs_E@strong,buttons,7,right,R1,,,,6423,0,0,0,,
P12,en,1,pair,36,0,0,0,v6_pair_dc983160dd_1.mp4,en,rav02,ang,AV_pair,L:R|R:H,H_vs_R@strong,buttons,7,left,L1,,,,854,0,0,0,,
P12,en,1,pair,37,0,0,0,v6_pair_3b7f4443aa_2.mp4,en,rav12,fear,AV_pair,L:H|R:E,H_vs_E@normal,buttons,7,left,L2,,,,655,0,0,0,,
P12,en,1,pair,38,0,0,0,v6_pair_d3f0adc106_2.mp4,en,rav10,fear,AV_pair,L:H|R:R,H_vs_R@strong,buttons,7,right,R1,,,,1041,0,0,0,,
P12,en,1,pair,39,0,0,0,v6_pair_d81bffa4be_2.mp4,en,rav02,ang,AV_pair,L:H|R:E,H_vs_E@strong,buttons,7,right,R2,,,,682,0,0,0,,
P12,en,1,pair,40,0,0,0,v6_pair_66fc12fdc8_1.mp4,en,rav14,hap,AV_pair,L:E|R:H,H_vs_E@normal,buttons,7,left,L2,,,,735,0,0,0,,
P12,en,1,pair,41,0,0,0,v6_pair_4a472014db_1.mp4,en,rav06,ang,AV_pair,L:E|R:H,H_vs_E@strong,buttons,7,right,R2,,,,661,0,0,0,,
P12,en,1,pair_catch,42,0,1,0,v6_catch_6f7a8a44b1_2.mp4,en,rav10,hap,AV_pair,L:still|R:H,correct:right,buttons,2,right,right,,,,1717,0,0,0,1,1
P12,en,1,pair,43,0,0,0,v6_pair_6f570415b8_1.mp4,en,rav12,fear,AV_pair,L:R|R:H,H_vs_R@strong,buttons,7,right,R1,,,,470,0,0,0,,
P12,en,1,pair,44,0,0,0,v6_pair_0c8482b715_2.mp4,en,rav02,ang,AV_pair,L:H|R:E,H_vs_E@normal,buttons,7,left,L2,,,,734,0,0,0,,
P12,en,1,pair_ml,45,0,0,0,v6_pair_ml_d921b78eb4_2.mp4,jp,jp_ang_short_sentence,ang,AV_pair,L:L|R:E,L_vs_E@jp,buttons,7,right,R1,,,,747,0,0,0,,
P12,en,1,pair_ml,46,0,0,0,v6_pair_ml_a717ea56f4_2.mp4,cn,0002_000838,hap,AV_pair,L:L|R:Lrev,L_vs_Lrev@cn,buttons,7,right,R2,,,,4516,0,0,0,,
P12,en,1,pair_ml,47,0,0,0,v6_pair_ml_98df03baec_1.mp4,en,en_sad_short_sentence,sad,AV_pair,L:E|R:L,L_vs_E@en,buttons,7,left,L1,,,,699,0,0,0,,
P12,en,1,pair_ml,48,0,0,0,v6_pair_ml_7e3e5bb20d_2.mp4,cn,0002_000488,ang,AV_pair,L:L|R:E,L_vs_E@cn,buttons,7,same,S0,,,,1203,0,0,0,,
P12,en,1,pair_ml,49,0,0,0,v6_pair_ml_f26827db2f_2.mp4,en,en_hap_short_sentence,hap,AV_pair,L:L|R:E,L_vs_E@en,buttons,7,left,L1,,,,645,0,0,0,,
P12,en,1,pair_ml,50,0,0,0,v6_pair_ml_c4711cd80a_1.mp4,cn,0002_000488,ang,AV_pair,L:Lrev|R:L,L_vs_Lrev@cn,buttons,7,same,S0,,,,644,0,0,0,,
P12,en,1,pair_ml,51,0,0,0,v6_pair_ml_1780ae57a3_1.mp4,jp,jp_sad_short_sentence,sad,AV_pair,L:Lrev|R:L,L_vs_Lrev@jp,buttons,7,right,R1,,,,563,0,0,0,,
P12,en,1,pair_ml,52,0,0,0,v6_pair_ml_44c920798b_1.mp4,en,en_ang_short_sentence,ang,AV_pair,L:E|R:L,L_vs_E@en,buttons,7,right,R1,,,,637,0,0,0,,
P12,en,1,pair_ml,53,0,0,0,v6_pair_ml_4fc1e0e0d1_2.mp4,jp,jp_sad_short_sentence,sad,AV_pair,L:L|R:E,L_vs_E@jp,buttons,7,right,R1,,,,377,0,0,0,,
P12,en,1,pair_ml,54,0,0,0,v6_pair_ml_97c8810aa2_1.mp4,en,en_hap_short_sentence,hap,AV_pair,L:Lrev|R:L,L_vs_Lrev@en,buttons,7,right,R1,,,,315,0,0,0,,
P12,en,1,pair_ml,55,0,0,0,v6_pair_ml_0bc71a1be9_1.mp4,jp,jp_ang_short_sentence,ang,AV_pair,L:Lrev|R:L,L_vs_Lrev@jp,buttons,7,left,L1,,,,636,0,0,0,,
P12,en,1,pair_ml,56,0,0,0,v6_pair_ml_9b2f256f7d_1.mp4,cn,0002_000838,hap,AV_pair,L:E|R:L,L_vs_E@cn,buttons,7,right,R1,,,,424,0,0,0,,
P12,en,1,pair_ml,57,0,0,0,v6_pair_ml_506942a631_2.mp4,en,en_sad_short_sentence,sad,AV_pair,L:L|R:Lrev,L_vs_Lrev@en,buttons,7,same,S0,,,,491,0,0,0,,
P12,en,1,pair_ml,58,0,0,0,v6_pair_ml_afa28cd8ae_1.mp4,jp,jp_hap_short_sentence,hap,AV_pair,L:E|R:L,L_vs_E@jp,buttons,7,left,L1,,,,642,0,0,0,,
P12,en,1,pair_ml,59,0,0,0,v6_pair_ml_d5ab099d51_2.mp4,cn,0002_001188,sad,AV_pair,L:L|R:E,L_vs_E@cn,buttons,7,right,R1,,,,798,0,0,0,,
P12,en,1,pair_ml,60,0,0,0,v6_pair_ml_c3519312c6_2.mp4,jp,jp_hap_short_sentence,hap,AV_pair,L:L|R:Lrev,L_vs_Lrev@jp,buttons,7,right,R1,,,,807,0,0,0,,
P12,en,1,pair_ml,61,0,0,0,v6_pair_ml_d6dd46665d_1.mp4,cn,0002_001188,sad,AV_pair,L:Lrev|R:L,L_vs_Lrev@cn,buttons,7,right,R1,,,,673,0,0,0,,
P12,en,1,pair_ml,62,0,0,0,v6_pair_ml_e5fa8f451a_2.mp4,en,en_ang_short_sentence,ang,AV_pair,L:L|R:Lrev,L_vs_Lrev@en,buttons,7,right,R1,,,,923,0,0,0,,
P12,en,1,pair_mute,63,0,0,0,v6_pair_mute_250e7890e4_1.mp4,en,rav20,fear,AV_pair,L:E|R:H,mute:H_vs_E@strong,buttons,7,left,L1,,,,825,0,0,0,,
P12,en,1,pair_mute,64,0,0,0,v6_pair_mute_555cc59e4b_2.mp4,en,rav10,fear,AV_pair,L:H|R:E,mute:H_vs_E@strong,buttons,7,right,R1,,,,1144,0,0,0,,
P12,en,1,pair_mute,65,0,0,0,v6_pair_mute_39140f1f71_2.mp4,en,rav04,hap,AV_pair,L:H|R:E,mute:H_vs_E@strong,buttons,7,right,R1,,,,4321,0,0,0,,
P12,en,1,pair_mute,66,0,0,0,v6_pair_mute_005d45f10b_1.mp4,en,rav06,ang,AV_pair,L:E|R:H,mute:H_vs_E@strong,buttons,7,right,R1,,,,605,0,0,0,,
P12,en,1,pair_mute,67,0,0,0,v6_pair_mute_30ad4160ab_2.mp4,en,rav18,dis,AV_pair,L:H|R:E,mute:H_vs_E@strong,buttons,7,right,R1,,,,3005,0,0,0,,
P12,en,1,pair_mute,68,0,0,0,v6_pair_mute_3b6fa3b207_1.mp4,en,rav16,hap,AV_pair,L:E|R:H,mute:H_vs_E@strong,buttons,7,right,R1,,,,886,0,0,0,,
P12,en,1,voice_only,69,0,0,0,v6_voice_17e973c755_1.mp4,en,rav14,hap,voice_only,voice:strong,voice_check,buttons,7,,hap,5,,,1673,0,0,0,1,
P12,en,1,voice_only,70,0,0,0,v6_voice_fb11565c01_1.mp4,en,rav20,fear,voice_only,voice:normal,voice_check,buttons,7,,sad,3,,,764,0,0,0,0,
P12,en,1,voice_only,71,0,0,0,v6_voice_b0cfac7f4c_1.mp4,en,rav18,dis,voice_only,voice:strong,voice_check,buttons,7,,dis,4,,,736,0,0,0,1,
P12,en,1,voice_only,72,0,0,0,v6_voice_7642129e05_1.mp4,en,rav12,fear,voice_only,voice:normal,voice_check,buttons,7,,sad,4,,,791,0,0,0,0,
P12,en,1,voice_only,73,0,0,0,v6_voice_5daeb1533f_1.mp4,en,rav04,hap,voice_only,voice:strong,voice_check,buttons,7,,hap,4,,,757,0,0,0,1,
P12,en,1,voice_only,74,0,0,0,v6_voice_50a83a8476_1.mp4,en,rav18,dis,voice_only,voice:normal,voice_check,buttons,7,,sur,3,,,1492,0,0,0,0,
P12,en,1,voice_only,75,0,0,0,v6_voice_aaea5d0aab_1.mp4,en,rav12,fear,voice_only,voice:strong,voice_check,buttons,7,,fear,5,,,950,0,0,0,1,
P12,en,1,voice_only,76,0,0,0,v6_voice_214566cf57_1.mp4,en,rav14,hap,voice_only,voice:normal,voice_check,buttons,7,,hap,3,,,1351,0,0,0,1,
P12,en,1,voice_only,77,0,0,0,v6_voice_08aabec890_1.mp4,en,rav06,ang,voice_only,voice:strong,voice_check,buttons,7,,ang,4,,,1678,0,0,0,1,
P12,en,1,voice_only,78,0,0,0,v6_voice_cd8f85d3b2_1.mp4,en,rav04,hap,voice_only,voice:normal,voice_check,buttons,7,,neu,,,,3558,0,0,0,0,
P12,en,1,voice_only,79,0,0,0,v6_voice_70e2096718_1.mp4,en,rav20,fear,voice_only,voice:strong,voice_check,buttons,7,,ang,3,,,706,0,0,0,0,
P12,en,1,voice_only,80,0,0,0,v6_voice_a66c973128_1.mp4,en,rav06,ang,voice_only,voice:normal,voice_check,buttons,7,,dis,5,,,2017,0,0,0,0,
P13,en,1,single,0,0,0,0,v6_single_739783e84d_3.mp4,en,rav10,fear,AV,,,buttons,7,,fear,6,3,,2354,2,0,0,1,
P13,en,1,single,1,0,0,0,v6_single_a721e1869f_2.mp4,en,rav18,dis,AV,,,buttons,7,,neu,,2,,1581,2,0,0,0,
P13,en,1,single,2,0,0,0,v6_single_802ffa53c5_3.mp4,en,rav20,fear,AV,,,buttons,7,,fear,5,5,,2501,2,0,0,1,
P13,en,1,single,3,0,0,0,v6_single_24bf624e7d_1.mp4,en,rav16,hap,AV,,,buttons,7,,hap,6,4,,1844,0,0,0,1,
P13,en,1,single,4,0,0,0,v6_single_7b8afe562a_2.mp4,en,rav06,ang,AV,,,buttons,7,,ang,5,6,,1635,1,0,0,1,
P13,en,1,single,5,0,0,0,v6_single_76ee15a092_1.mp4,en,rav04,hap,AV,,,buttons,7,,hap,6,7,,1550,1,0,0,1,
P13,en,1,practice,6,1,0,0,v6_practice_85af89ed95_2.mp4,en,rav10,hap,AV_pair,L:H|R:E,practice:H_vs_E@strong,buttons,7,right,R1,,,,2406,5,0,0,,
P13,en,1,practice,7,1,0,0,v6_practice_cd0abf6ffd_1.mp4,en,rav22,ang,AV_pair,L:E|R:H,practice:H_vs_E@strong,buttons,7,right,R1,,,,1879,1,0,0,,
P13,en,1,pair,8,0,0,0,v6_pair_3961b3142e_1.mp4,en,rav20,fear,AV_pair,L:E|R:H,H_vs_E@strong,buttons,7,left,L1,,,,1076,5,0,0,,
P13,en,1,pair,9,0,0,0,v6_pair_7697f115bc_1.mp4,en,rav12,fear,AV_pair,L:E|R:H,H_vs_E@strong,buttons,7,left,L1,,,,4936,2,0,0,,
P13,en,1,pair,10,0,0,0,v6_pair_fb8e3dd060_1.mp4,en,rav08,ang,AV_pair,L:E|R:H,H_vs_E@normal,buttons,7,right,R1,,,,1436,0,0,0,,
P13,en,1,pair,11,0,0,0,v6_pair_c12bac8692_1.mp4,en,rav08,ang,AV_pair,L:E|R:H,H_vs_E@strong,buttons,7,left,L2,,,,1665,0,0,0,,
P13,en,1,pair,12,0,0,0,v6_pair_33e30e2c1d_2.mp4,en,rav02,dis,AV_pair,L:H|R:E,H_vs_E@normal,buttons,7,same,S0,,,,657,0,0,0,,
P13,en,1,pair,13,0,0,0,v6_pair_417168a67a_2.mp4,en,rav20,fear,AV_pair,L:H|R:R,H_vs_R@strong,buttons,7,left,L1,,,,974,1,0,0,,
P13,en,1,pair,14,0,0,0,v6_pair_93629a9394_1.mp4,en,rav06,ang,AV_pair,L:R|R:H,H_vs_R@strong,buttons,7,same,S0,,,,803,0,0,0,,
P13,en,1,pair,15,0,0,0,v6_pair_5caed2de25_2.mp4,en,rav06,ang,AV_pair,L:H|R:E,H_vs_E@normal,buttons,7,same,S0,,,,1223,4,0,0,,
P13,en,1,pair,16,0,0,0,v6_pair_4a472014db_2.mp4,en,rav06,ang,AV_pair,L:H|R:E,H_vs_E@strong,buttons,7,left,L1,,,,1411,1,0,0,,
P13,en,1,pair,17,0,0,0,v6_pair_a97dec2f4e_1.mp4,en,rav14,hap,AV_pair,L:R|R:H,H_vs_R@strong,buttons,7,same,S0,,,,684,1,0,0,,
P13,en,1,pair,18,0,0,0,v6_pair_13ae59e46d_2.mp4,en,rav02,dis,AV_pair,L:H|R:E,H_vs_E@strong,buttons,7,right,R1,,,,2189,1,0,0,,
P13,en,1,pair,19,0,0,0,v6_pair_7ef69736a7_1.mp4,en,rav18,dis,AV_pair,L:R|R:H,H_vs_R@strong,buttons,7,right,R1,,,,770,2,0,0,,
P13,en,1,pair,20,0,0,0,v6_pair_3b7f4443aa_1.mp4,en,rav12,fear,AV_pair,L:E|R:H,H_vs_E@normal,buttons,7,right,R1,,,,1787,1,0,0,,
P13,en,1,pair,21,0,0,0,v6_pair_8073668068_1.mp4,en,rav02,dis,AV_pair,L:R|R:H,H_vs_R@strong,buttons,7,same,S0,,,,518,0,0,0,,
P13,en,1,pair,22,0,0,0,v6_pair_e86b22f765_2.mp4,en,rav24,dis,AV_pair,L:H|R:E,H_vs_E@normal,buttons,7,right,R1,,,,653,0,0,0,,
P13,en,1,pair,23,0,0,0,v6_pair_f5403c44bd_2.mp4,en,rav16,hap,AV_pair,L:H|R:R,H_vs_R@strong,buttons,7,right,R1,,,,638,2,0,0,,
P13,en,1,pair,24,0,0,0,v6_pair_5adfe6a4bd_1.mp4,en,rav20,fear,AV_pair,L:E|R:H,H_vs_E@normal,buttons,7,same,S0,,,,658,0,0,0,,
P13,en,1,pair,25,0,0,0,v6_pair_6f570415b8_2.mp4,en,rav12,fear,AV_pair,L:H|R:R,H_vs_R@strong,buttons,7,right,R1,,,,765,2,0,0,,
P13,en,1,pair,26,0,0,0,v6_pair_97e6c7f1ce_2.mp4,en,rav18,dis,AV_pair,L:H|R:E,H_vs_E@normal,buttons,7,right,R2,,,,921,0,0,0,,
P13,en,1,pair,27,0,0,0,v6_pair_e5c0cf4a07_2.mp4,en,rav04,hap,AV_pair,L:H|R:R,H_vs_R@strong,buttons,7,same,S0,,,,714,1,0,0,,
P13,en,1,pair,28,0,0,0,v6_pair_c38e9eb491_2.mp4,en,rav18,dis,AV_pair,L:H|R:E,H_vs_E@strong,buttons,7,left,L2,,,,1052,2,0,0,,
P13,en,1,pair,29,0,0,0,v6_pair_66fc12fdc8_2.mp4,en,rav14,hap,AV_pair,L:H|R:E,H_vs_E@normal,buttons,7,left,L1,,,,730,1,0,0,,
P13,en,1,pair,30,0,0,0,v6_pair_53e6c4770b_2.mp4,en,rav14,hap,AV_pair,L:H|R:E,H_vs_E@strong,buttons,7,left,L1,,,,1250,2,0,0,,
P13,en,1,pair_catch,31,0,1,0,v6_catch_6f7a8a44b1_1.mp4,en,rav10,hap,AV_pair,L:H|R:still,correct:left,buttons,2,left,left,,,,2345,0,0,0,1,1
P13,en,1,pair,32,0,0,0,v6_pair_23d7c570a2_1.mp4,en,rav04,hap,AV_pair,L:E|R:H,H_vs_E@strong,buttons,7,right,R1,,,,1025,2,0,0,,
P13,en,1,pair,33,0,0,0,v6_pair_1fc4717f31_1.mp4,en,rav16,hap,AV_pair,L:E|R:H,H_vs_E@normal,buttons,7,right,R1,,,,1071,2,0,0,,
P13,en,1,pair,34,0,0,0,v6_pair_69a37819e2_2.mp4,en,rav10,fear,AV_pair,L:H|R:E,H_vs_E@strong,buttons,7,right,R1,,,,847,1,0,0,,
P13,en,1,pair,35,0,0,0,v6_pair_db8f08e27f_2.mp4,en,rav10,fear,AV_pair,L:H|R:E,H_vs_E@normal,buttons,7,same,S0,,,,1075,0,0,0,,
P13,en,1,pair,36,0,0,0,v6_pair_d3f0adc106_1.mp4,en,rav10,fear,AV_pair,L:R|R:H,H_vs_R@strong,buttons,7,same,S0,,,,623,0,0,0,,
P13,en,1,pair,37,0,0,0,v6_pair_0a26430948_1.mp4,en,rav04,hap,AV_pair,L:E|R:H,H_vs_E@normal,buttons,7,left,L2,,,,730,0,0,0,,
P13,en,1,pair,38,0,0,0,v6_pair_0c7d060d5f_2.mp4,en,rav24,dis,AV_pair,L:H|R:E,H_vs_E@strong,buttons,7,right,R3,,,,1348,1,0,0,,
P13,en,1,pair,39,0,0,0,v6_pair_87b373e751_1.mp4,en,rav16,hap,AV_pair,L:E|R:H,H_vs_E@strong,buttons,7,right,R1,,,,890,1,0,0,,
P13,en,1,pair,40,0,0,0,v6_pair_58bfd0c96b_1.mp4,en,rav24,dis,AV_pair,L:R|R:H,H_vs_R@strong,buttons,7,same,S0,,,,586,1,0,0,,
P13,en,1,pair,41,0,0,0,v6_pair_d81bffa4be_1.mp4,en,rav02,ang,AV_pair,L:E|R:H,H_vs_E@strong,buttons,7,right,R2,,,,659,1,0,0,,
P13,en,1,pair,42,0,0,0,v6_pair_0c8482b715_1.mp4,en,rav02,ang,AV_pair,L:E|R:H,H_vs_E@normal,buttons,7,right,R1,,,,662,1,0,0,,
P13,en,1,pair,43,0,0,0,v6_pair_faec1498b7_2.mp4,en,rav08,ang,AV_pair,L:H|R:R,H_vs_R@strong,buttons,7,left,L1,,,,1335,3,0,0,,
P13,en,1,pair,44,0,0,0,v6_pair_dc983160dd_2.mp4,en,rav02,ang,AV_pair,L:H|R:R,H_vs_R@strong,buttons,7,same,S0,,,,548,0,0,0,,
P13,en,1,pair_ml,45,0,0,0,v6_pair_ml_1780ae57a3_2.mp4,jp,jp_sad_short_sentence,sad,AV_pair,L:L|R:Lrev,L_vs_Lrev@jp,buttons,7,right,R1,,,,800,4,0,0,,
P13,en,1,pair_ml,46,0,0,0,v6_pair_ml_e5fa8f451a_1.mp4,en,en_ang_short_sentence,ang,AV_pair,L:Lrev|R:L,L_vs_Lrev@en,buttons,7,same,S0,,,,953,1,0,0,,
P13,en,1,pair_ml,47,0,0,0,v6_pair_ml_9b2f256f7d_2.mp4,cn,0002_000838,hap,AV_pair,L:L|R:E,L_vs_E@cn,buttons,7,left,L1,,,,1139,1,0,0,,
P13,en,1,pair_ml,48,0,0,0,v6_pair_ml_506942a631_1.mp4,en,en_sad_short_sentence,sad,AV_pair,L:Lrev|R:L,L_vs_Lrev@en,buttons,7,left,L1,,,,2101,2,0,0,,
P13,en,1,pair_ml,49,0,0,0,v6_pair_ml_0bc71a1be9_2.mp4,jp,jp_ang_short_sentence,ang,AV_pair,L:L|R:Lrev,L_vs_Lrev@jp,buttons,7,left,L2,,,,1322,1,0,0,,
P13,en,1,pair_ml,50,0,0,0,v6_pair_ml_98df03baec_2.mp4,en,en_sad_short_sentence,sad,AV_pair,L:L|R:E,L_vs_E@en,buttons,7,left,L1,,,,1596,1,0,0,,
P13,en,1,pair_ml,51,0,0,0,v6_pair_ml_c4711cd80a_2.mp4,cn,0002_000488,ang,AV_pair,L:L|R:Lrev,L_vs_Lrev@cn,buttons,7,same,S0,,,,765,0,0,0,,
P13,en,1,pair_ml,52,0,0,0,v6_pair_ml_f26827db2f_1.mp4,en,en_hap_short_sentence,hap,AV_pair,L:E|R:L,L_vs_E@en,buttons,7,right,R1,,,,743,1,0,0,,
P13,en,1,pair_ml,53,0,0,0,v6_pair_ml_4fc1e0e0d1_1.mp4,jp,jp_sad_short_sentence,sad,AV_pair,L:E|R:L,L_vs_E@jp,buttons,7,right,R1,,,,968,1,0,0,,
P13,en,1,pair_ml,54,0,0,0,v6_pair_ml_44c920798b_2.mp4,en,en_ang_short_sentence,ang,AV_pair,L:L|R:E,L_vs_E@en,buttons,7,same,S0,,,,1644,3,0,0,,
P13,en,1,pair_ml,55,0,0,0,v6_pair_ml_a717ea56f4_1.mp4,cn,0002_000838,hap,AV_pair,L:Lrev|R:L,L_vs_Lrev@cn,buttons,7,same,S0,,,,662,3,0,0,,
P13,en,1,pair_ml,56,0,0,0,v6_pair_ml_d921b78eb4_1.mp4,jp,jp_ang_short_sentence,ang,AV_pair,L:E|R:L,L_vs_E@jp,buttons,7,right,R1,,,,712,1,0,0,,
P13,en,1,pair_ml,57,0,0,0,v6_pair_ml_97c8810aa2_2.mp4,en,en_hap_short_sentence,hap,AV_pair,L:L|R:Lrev,L_vs_Lrev@en,buttons,7,same,S0,,,,832,0,0,0,,
P13,en,1,pair_ml,58,0,0,0,v6_pair_ml_d5ab099d51_1.mp4,cn,0002_001188,sad,AV_pair,L:E|R:L,L_vs_E@cn,buttons,7,right,R1,,,,1466,1,0,0,,
P13,en,1,pair_ml,59,0,0,0,v6_pair_ml_c3519312c6_1.mp4,jp,jp_hap_short_sentence,hap,AV_pair,L:Lrev|R:L,L_vs_Lrev@jp,buttons,7,left,L1,,,,937,1,0,0,,
P13,en,1,pair_ml,60,0,0,0,v6_pair_ml_d6dd46665d_2.mp4,cn,0002_001188,sad,AV_pair,L:L|R:Lrev,L_vs_Lrev@cn,buttons,7,left,L2,,,,1067,0,0,0,,
P13,en,1,pair_ml,61,0,0,0,v6_pair_ml_afa28cd8ae_2.mp4,jp,jp_hap_short_sentence,hap,AV_pair,L:L|R:E,L_vs_E@jp,buttons,7,left,L2,,,,1158,0,0,0,,
P13,en,1,pair_ml,62,0,0,0,v6_pair_ml_7e3e5bb20d_1.mp4,cn,0002_000488,ang,AV_pair,L:E|R:L,L_vs_E@cn,buttons,7,right,R2,,,,968,0,0,0,,
P13,en,1,pair_mute,63,0,0,0,v6_pair_mute_30ad4160ab_1.mp4,en,rav18,dis,AV_pair,L:E|R:H,mute:H_vs_E@strong,buttons,7,right,R3,,,,1305,3,0,0,,
P13,en,1,pair_mute,64,0,0,0,v6_pair_mute_3b6fa3b207_2.mp4,en,rav16,hap,AV_pair,L:H|R:E,mute:H_vs_E@strong,buttons,7,left,L2,,,,638,1,0,0,,
P13,en,1,pair_mute,65,0,0,0,v6_pair_mute_250e7890e4_2.mp4,en,rav20,fear,AV_pair,L:H|R:E,mute:H_vs_E@strong,buttons,7,left,L3,,,,1183,0,0,0,,
P13,en,1,pair_mute,66,0,0,0,v6_pair_mute_39140f1f71_1.mp4,en,rav04,hap,AV_pair,L:E|R:H,mute:H_vs_E@strong,buttons,7,right,R3,,,,1531,0,0,0,,
P13,en,1,pair_mute,67,0,0,0,v6_pair_mute_005d45f10b_2.mp4,en,rav06,ang,AV_pair,L:H|R:E,mute:H_vs_E@strong,buttons,7,left,L2,,,,787,0,0,0,,
P13,en,1,pair_mute,68,0,0,0,v6_pair_mute_555cc59e4b_1.mp4,en,rav10,fear,AV_pair,L:E|R:H,mute:H_vs_E@strong,buttons,7,right,R2,,,,1536,0,0,0,,
P13,en,1,voice_only,69,0,0,0,v6_voice_5daeb1533f_1.mp4,en,rav04,hap,voice_only,voice:strong,voice_check,buttons,7,,hap,5,,,5240,0,0,0,1,
P13,en,1,voice_only,70,0,0,0,v6_voice_fb11565c01_1.mp4,en,rav20,fear,voice_only,voice:normal,voice_check,buttons,7,,sad,4,,,2909,1,0,0,0,
P13,en,1,voice_only,71,0,0,0,v6_voice_b0cfac7f4c_1.mp4,en,rav18,dis,voice_only,voice:strong,voice_check,buttons,7,,dis,6,,,589,0,0,0,1,
P13,en,1,voice_only,72,0,0,0,v6_voice_7642129e05_1.mp4,en,rav12,fear,voice_only,voice:normal,voice_check,buttons,7,,fear,4,,,2495,2,0,0,1,
P13,en,1,voice_only,73,0,0,0,v6_voice_17e973c755_1.mp4,en,rav14,hap,voice_only,voice:strong,voice_check,buttons,7,,hap,7,,,2417,0,0,0,1,
P13,en,1,voice_only,74,0,0,0,v6_voice_a66c973128_1.mp4,en,rav06,ang,voice_only,voice:normal,voice_check,buttons,7,,ang,5,,,781,0,0,0,1,
P13,en,1,voice_only,75,0,0,0,v6_voice_aaea5d0aab_1.mp4,en,rav12,fear,voice_only,voice:strong,voice_check,buttons,7,,fear,7,,,767,0,0,0,1,
P13,en,1,voice_only,76,0,0,0,v6_voice_50a83a8476_1.mp4,en,rav18,dis,voice_only,voice:normal,voice_check,buttons,7,,dis,6,,,2112,0,0,0,1,
P13,en,1,voice_only,77,0,0,0,v6_voice_70e2096718_1.mp4,en,rav20,fear,voice_only,voice:strong,voice_check,buttons,7,,fear,7,,,1927,0,0,0,1,
P13,en,1,voice_only,78,0,0,0,v6_voice_cd8f85d3b2_1.mp4,en,rav04,hap,voice_only,voice:normal,voice_check,buttons,7,,hap,4,,,2368,0,0,0,1,
P13,en,1,voice_only,79,0,0,0,v6_voice_08aabec890_1.mp4,en,rav06,ang,voice_only,voice:strong,voice_check,buttons,7,,ang,7,,,887,0,0,0,1,
P13,en,1,voice_only,80,0,0,0,v6_voice_214566cf57_1.mp4,en,rav14,hap,voice_only,voice:normal,voice_check,buttons,7,,hap,5,,,3082,0,0,0,1,
P14,en,1,single,0,0,0,0,v6_single_7b8afe562a_1.mp4,en,rav06,ang,AV,,,buttons,7,,ang,3,4,,16404,0,0,0,1,
P14,en,1,single,1,0,0,0,v6_single_24bf624e7d_3.mp4,en,rav16,hap,AV,,,buttons,7,,hap,5,5,,5701,0,0,0,1,
P14,en,1,single,2,0,0,0,v6_single_739783e84d_2.mp4,en,rav10,fear,AV,,,buttons,7,,fear,6,5,,2484,0,0,0,1,
P14,en,1,single,3,0,0,0,v6_single_76ee15a092_3.mp4,en,rav04,hap,AV,,,buttons,7,,sur,4,5,,4982,0,0,0,0,
P14,en,1,single,4,0,0,0,v6_single_a721e1869f_1.mp4,en,rav18,dis,AV,,,buttons,7,,dis,4,4,,4664,0,0,0,1,
P14,en,1,single,5,0,0,0,v6_single_802ffa53c5_2.mp4,en,rav20,fear,AV,,,buttons,7,,fear,3,5,,2412,0,0,0,1,
P14,en,1,single,5,0,0,1,v6_single_802ffa53c5_2.mp4,en,rav20,fear,AV,,,buttons,7,,fear,5,4,,9572,0,0,0,1,
P14,en,1,practice,6,1,0,0,v6_practice_cd0abf6ffd_1.mp4,en,rav22,ang,AV_pair,L:E|R:H,practice:H_vs_E@strong,buttons,7,left,L1,,,,5774,2,0,0,,
P14,en,1,practice,7,1,0,0,v6_practice_85af89ed95_2.mp4,en,rav10,hap,AV_pair,L:H|R:E,practice:H_vs_E@strong,buttons,7,right,R2,,,,3668,1,0,0,,
P14,en,1,pair,8,0,0,0,v6_pair_c38e9eb491_2.mp4,en,rav18,dis,AV_pair,L:H|R:E,H_vs_E@strong,buttons,7,same,S0,,,,2790,1,0,0,,
P14,en,1,pair,9,0,0,0,v6_pair_4a472014db_2.mp4,en,rav06,ang,AV_pair,L:H|R:E,H_vs_E@strong,buttons,7,left,L1,,,,2443,2,0,0,,
P14,en,1,pair,10,0,0,0,v6_pair_e86b22f765_2.mp4,en,rav24,dis,AV_pair,L:H|R:E,H_vs_E@normal,buttons,7,right,R2,,,,2904,3,0,0,,
P14,en,1,pair,11,0,0,0,v6_pair_87b373e751_1.mp4,en,rav16,hap,AV_pair,L:E|R:H,H_vs_E@strong,buttons,7,right,R1,,,,6575,2,0,0,,
P14,en,1,pair,12,0,0,0,v6_pair_1fc4717f31_1.mp4,en,rav16,hap,AV_pair,L:E|R:H,H_vs_E@normal,buttons,7,left,L1,,,,1727,4,0,0,,
P14,en,1,pair,13,0,0,0,v6_pair_53e6c4770b_2.mp4,en,rav14,hap,AV_pair,L:H|R:E,H_vs_E@strong,buttons,7,right,R1,,,,4887,2,0,0,,
P14,en,1,pair,14,0,0,0,v6_pair_5caed2de25_2.mp4,en,rav06,ang,AV_pair,L:H|R:E,H_vs_E@normal,buttons,7,same,S0,,,,1856,2,0,0,,
P14,en,1,pair,15,0,0,0,v6_pair_db8f08e27f_2.mp4,en,rav10,fear,AV_pair,L:H|R:E,H_vs_E@normal,buttons,7,right,R2,,,,2422,2,0,0,,
P14,en,1,pair,16,0,0,0,v6_pair_58bfd0c96b_1.mp4,en,rav24,dis,AV_pair,L:R|R:H,H_vs_R@strong,buttons,7,left,L1,,,,2433,2,0,0,,
P14,en,1,pair,17,0,0,0,v6_pair_0c8482b715_1.mp4,en,rav02,ang,AV_pair,L:E|R:H,H_vs_E@normal,buttons,7,same,S0,,,,1642,2,0,0,,
P14,en,1,pair,18,0,0,0,v6_pair_d3f0adc106_1.mp4,en,rav10,fear,AV_pair,L:R|R:H,H_vs_R@strong,buttons,7,same,S0,,,,1385,3,0,0,,
P14,en,1,pair,19,0,0,0,v6_pair_23d7c570a2_1.mp4,en,rav04,hap,AV_pair,L:E|R:H,H_vs_E@strong,buttons,7,left,L1,,,,1959,4,0,0,,
P14,en,1,pair,20,0,0,0,v6_pair_faec1498b7_2.mp4,en,rav08,ang,AV_pair,L:H|R:R,H_vs_R@strong,buttons,7,left,L1,,,,2135,2,0,0,,
P14,en,1,pair,21,0,0,0,v6_pair_a97dec2f4e_1.mp4,en,rav14,hap,AV_pair,L:R|R:H,H_vs_R@strong,buttons,7,same,S0,,,,2652,1,0,0,,
P14,en,1,pair,22,0,0,0,v6_pair_97e6c7f1ce_2.mp4,en,rav18,dis,AV_pair,L:H|R:E,H_vs_E@normal,buttons,7,same,S0,,,,1507,4,0,0,,
P14,en,1,pair,23,0,0,0,v6_pair_69a37819e2_2.mp4,en,rav10,fear,AV_pair,L:H|R:E,H_vs_E@strong,buttons,7,right,R2,,,,3025,0,0,0,,
P14,en,1,pair,24,0,0,0,v6_pair_e5c0cf4a07_2.mp4,en,rav04,hap,AV_pair,L:H|R:R,H_vs_R@strong,buttons,7,same,S0,,,,2137,4,0,0,,
P14,en,1,pair,25,0,0,0,v6_pair_13ae59e46d_2.mp4,en,rav02,dis,AV_pair,L:H|R:E,H_vs_E@strong,buttons,7,right,R2,,,,1389,4,0,0,,
P14,en,1,pair,26,0,0,0,v6_pair_417168a67a_2.mp4,en,rav20,fear,AV_pair,L:H|R:R,H_vs_R@strong,buttons,7,left,L1,,,,1972,2,0,0,,
P14,en,1,pair,27,0,0,0,v6_pair_0c7d060d5f_2.mp4,en,rav24,dis,AV_pair,L:H|R:E,H_vs_E@strong,buttons,7,right,R1,,,,1981,4,0,0,,
P14,en,1,pair,28,0,0,0,v6_pair_5adfe6a4bd_1.mp4,en,rav20,fear,AV_pair,L:E|R:H,H_vs_E@normal,buttons,7,same,S0,,,,1706,1,0,0,,
P14,en,1,pair_catch,29,0,1,0,v6_catch_6f7a8a44b1_1.mp4,en,rav10,hap,AV_pair,L:H|R:still,correct:left,buttons,2,left,left,,,,9620,0,0,0,1,1
P14,en,1,pair,30,0,0,0,v6_pair_66fc12fdc8_2.mp4,en,rav14,hap,AV_pair,L:H|R:E,H_vs_E@normal,buttons,7,same,S0,,,,1240,1,0,0,,
P14,en,1,pair,31,0,0,0,v6_pair_fb8e3dd060_1.mp4,en,rav08,ang,AV_pair,L:E|R:H,H_vs_E@normal,buttons,7,same,S0,,,,1923,2,0,0,,
P14,en,1,pair,32,0,0,0,v6_pair_0a26430948_1.mp4,en,rav04,hap,AV_pair,L:E|R:H,H_vs_E@normal,buttons,7,left,L2,,,,1802,3,0,0,,
P14,en,1,pair,33,0,0,0,v6_pair_8073668068_1.mp4,en,rav02,dis,AV_pair,L:R|R:H,H_vs_R@strong,buttons,7,same,S0,,,,1786,2,0,0,,
P14,en,1,pair,34,0,0,0,v6_pair_3b7f4443aa_1.mp4,en,rav12,fear,AV_pair,L:E|R:H,H_vs_E@normal,buttons,7,left,L2,,,,1737,2,0,0,,
P14,en,1,pair,35,0,0,0,v6_pair_3961b3142e_1.mp4,en,rav20,fear,AV_pair,L:E|R:H,H_vs_E@strong,buttons,7,same,S0,,,,1422,1,0,0,,
P14,en,1,pair,36,0,0,0,v6_pair_33e30e2c1d_2.mp4,en,rav02,dis,AV_pair,L:H|R:E,H_vs_E@normal,buttons,7,same,S0,,,,1751,3,0,0,,
P14,en,1,pair,37,0,0,0,v6_pair_7697f115bc_1.mp4,en,rav12,fear,AV_pair,L:E|R:H,H_vs_E@strong,buttons,7,left,L1,,,,5754,3,0,0,,
P14,en,1,pair,38,0,0,0,v6_pair_6f570415b8_2.mp4,en,rav12,fear,AV_pair,L:H|R:R,H_vs_R@strong,buttons,7,left,L2,,,,3062,0,0,0,,
P14,en,1,pair,39,0,0,0,v6_pair_d81bffa4be_1.mp4,en,rav02,ang,AV_pair,L:E|R:H,H_vs_E@strong,buttons,7,same,S0,,,,1901,1,0,0,,
P14,en,1,pair,40,0,0,0,v6_pair_f5403c44bd_2.mp4,en,rav16,hap,AV_pair,L:H|R:R,H_vs_R@strong,buttons,7,left,L1,,,,1963,5,0,0,,
P14,en,1,pair,41,0,0,0,v6_pair_c12bac8692_1.mp4,en,rav08,ang,AV_pair,L:E|R:H,H_vs_E@strong,buttons,7,left,L2,,,,2127,0,0,0,,
P14,en,1,pair,42,0,0,0,v6_pair_7ef69736a7_1.mp4,en,rav18,dis,AV_pair,L:R|R:H,H_vs_R@strong,buttons,7,right,R1,,,,2560,2,0,0,,
P14,en,1,pair,43,0,0,0,v6_pair_93629a9394_1.mp4,en,rav06,ang,AV_pair,L:R|R:H,H_vs_R@strong,buttons,7,right,R1,,,,1318,3,0,0,,
P14,en,1,pair,44,0,0,0,v6_pair_dc983160dd_2.mp4,en,rav02,ang,AV_pair,L:H|R:R,H_vs_R@strong,buttons,7,same,S0,,,,1524,1,0,0,,
P14,en,1,pair_ml,45,0,0,0,v6_pair_ml_afa28cd8ae_2.mp4,jp,jp_hap_short_sentence,hap,AV_pair,L:L|R:E,L_vs_E@jp,buttons,7,right,R1,,,,2355,3,0,0,,
P14,en,1,pair_ml,46,0,0,0,v6_pair_ml_7e3e5bb20d_1.mp4,cn,0002_000488,ang,AV_pair,L:E|R:L,L_vs_E@cn,buttons,7,same,S0,,,,1597,4,0,0,,
P14,en,1,pair_ml,47,0,0,0,v6_pair_ml_98df03baec_2.mp4,en,en_sad_short_sentence,sad,AV_pair,L:L|R:E,L_vs_E@en,buttons,7,right,R2,,,,1517,3,0,0,,
P14,en,1,pair_ml,48,0,0,0,v6_pair_ml_c3519312c6_1.mp4,jp,jp_hap_short_sentence,hap,AV_pair,L:Lrev|R:L,L_vs_Lrev@jp,buttons,7,left,L1,,,,1647,3,0,0,,
P14,en,1,pair_ml,49,0,0,0,v6_pair_ml_c4711cd80a_2.mp4,cn,0002_000488,ang,AV_pair,L:L|R:Lrev,L_vs_Lrev@cn,buttons,7,right,R1,,,,1641,7,0,0,,
P14,en,1,pair_ml,50,0,0,0,v6_pair_ml_506942a631_1.mp4,en,en_sad_short_sentence,sad,AV_pair,L:Lrev|R:L,L_vs_Lrev@en,buttons,7,right,R1,,,,2476,9,0,0,,
P14,en,1,pair_ml,51,0,0,0,v6_pair_ml_0bc71a1be9_2.mp4,jp,jp_ang_short_sentence,ang,AV_pair,L:L|R:Lrev,L_vs_Lrev@jp,buttons,7,same,S0,,,,2003,4,0,0,,
P14,en,1,pair_ml,52,0,0,0,v6_pair_ml_d5ab099d51_1.mp4,cn,0002_001188,sad,AV_pair,L:E|R:L,L_vs_E@cn,buttons,7,same,S0,,,,2217,5,0,0,,
P14,en,1,pair_ml,53,0,0,0,v6_pair_ml_97c8810aa2_2.mp4,en,en_hap_short_sentence,hap,AV_pair,L:L|R:Lrev,L_vs_Lrev@en,buttons,7,right,R2,,,,1218,4,0,0,,
P14,en,1,pair_ml,54,0,0,0,v6_pair_ml_d6dd46665d_2.mp4,cn,0002_001188,sad,AV_pair,L:L|R:Lrev,L_vs_Lrev@cn,buttons,7,right,R1,,,,1584,7,0,0,,
P14,en,1,pair_ml,55,0,0,0,v6_pair_ml_44c920798b_2.mp4,en,en_ang_short_sentence,ang,AV_pair,L:L|R:E,L_vs_E@en,buttons,7,right,R1,,,,2086,5,0,0,,
P14,en,1,pair_ml,56,0,0,0,v6_pair_ml_a717ea56f4_1.mp4,cn,0002_000838,hap,AV_pair,L:Lrev|R:L,L_vs_Lrev@cn,buttons,7,same,S0,,,,3340,2,0,0,,
P14,en,1,pair_ml,57,0,0,0,v6_pair_ml_4fc1e0e0d1_1.mp4,jp,jp_sad_short_sentence,sad,AV_pair,L:E|R:L,L_vs_E@jp,buttons,7,right,R2,,,,1602,3,0,0,,
P14,en,1,pair_ml,58,0,0,0,v6_pair_ml_f26827db2f_1.mp4,en,en_hap_short_sentence,hap,AV_pair,L:E|R:L,L_vs_E@en,buttons,7,same,S0,,,,5381,2,0,0,,
P14,en,1,pair_ml,59,0,0,0,v6_pair_ml_1780ae57a3_2.mp4,jp,jp_sad_short_sentence,sad,AV_pair,L:L|R:Lrev,L_vs_Lrev@jp,buttons,7,left,L2,,,,3481,4,0,0,,
P14,en,1,pair_ml,60,0,0,0,v6_pair_ml_e5fa8f451a_1.mp4,en,en_ang_short_sentence,ang,AV_pair,L:Lrev|R:L,L_vs_Lrev@en,buttons,7,right,R1,,,,2048,3,0,0,,
P14,en,1,pair_ml,61,0,0,0,v6_pair_ml_9b2f256f7d_2.mp4,cn,0002_000838,hap,AV_pair,L:L|R:E,L_vs_E@cn,buttons,7,same,S0,,,,1427,2,0,0,,
P14,en,1,pair_ml,62,0,0,0,v6_pair_ml_d921b78eb4_1.mp4,jp,jp_ang_short_sentence,ang,AV_pair,L:E|R:L,L_vs_E@jp,buttons,7,left,L1,,,,1900,4,0,0,,
P14,en,1,pair_mute,63,0,0,0,v6_pair_mute_30ad4160ab_1.mp4,en,rav18,dis,AV_pair,L:E|R:H,mute:H_vs_E@strong,buttons,7,right,R2,,,,2580,1,0,0,,
P14,en,1,pair_mute,64,0,0,0,v6_pair_mute_005d45f10b_2.mp4,en,rav06,ang,AV_pair,L:H|R:E,mute:H_vs_E@strong,buttons,7,left,L1,,,,2036,2,0,0,,
P14,en,1,pair_mute,65,0,0,0,v6_pair_mute_555cc59e4b_1.mp4,en,rav10,fear,AV_pair,L:E|R:H,mute:H_vs_E@strong,buttons,7,right,R2,,,,1294,1,0,0,,
P14,en,1,pair_mute,66,0,0,0,v6_pair_mute_250e7890e4_2.mp4,en,rav20,fear,AV_pair,L:H|R:E,mute:H_vs_E@strong,buttons,7,left,L1,,,,1729,1,0,0,,
P14,en,1,pair_mute,67,0,0,0,v6_pair_mute_39140f1f71_1.mp4,en,rav04,hap,AV_pair,L:E|R:H,mute:H_vs_E@strong,buttons,7,right,R2,,,,1511,1,0,0,,
P14,en,1,pair_mute,68,0,0,0,v6_pair_mute_3b6fa3b207_2.mp4,en,rav16,hap,AV_pair,L:H|R:E,mute:H_vs_E@strong,buttons,7,left,L2,,,,4944,0,0,0,,
P14,en,1,voice_only,69,0,0,0,v6_voice_7642129e05_1.mp4,en,rav12,fear,voice_only,voice:normal,voice_check,buttons,7,,fear,3,,,2645,1,0,0,1,
P14,en,1,voice_only,70,0,0,0,v6_voice_5daeb1533f_1.mp4,en,rav04,hap,voice_only,voice:strong,voice_check,buttons,7,,neu,,,,7753,2,0,0,0,
P14,en,1,voice_only,71,0,0,0,v6_voice_50a83a8476_1.mp4,en,rav18,dis,voice_only,voice:normal,voice_check,buttons,7,,dis,2,,,1977,2,0,0,1,
P14,en,1,voice_only,72,0,0,0,v6_voice_70e2096718_1.mp4,en,rav20,fear,voice_only,voice:strong,voice_check,buttons,7,,fear,6,,,3056,0,0,0,1,
P14,en,1,voice_only,73,0,0,0,v6_voice_a66c973128_1.mp4,en,rav06,ang,voice_only,voice:normal,voice_check,buttons,7,,ang,3,,,1580,0,0,0,1,
P14,en,1,voice_only,74,0,0,0,v6_voice_b0cfac7f4c_1.mp4,en,rav18,dis,voice_only,voice:strong,voice_check,buttons,7,,dis,2,,,3903,1,0,0,1,
P14,en,1,voice_only,75,0,0,0,v6_voice_cd8f85d3b2_1.mp4,en,rav04,hap,voice_only,voice:normal,voice_check,buttons,7,,hap,4,,,3446,0,0,0,1,
P14,en,1,voice_only,76,0,0,0,v6_voice_aaea5d0aab_1.mp4,en,rav12,fear,voice_only,voice:strong,voice_check,buttons,7,,fear,5,,,1316,0,0,0,1,
P14,en,1,voice_only,77,0,0,0,v6_voice_214566cf57_1.mp4,en,rav14,hap,voice_only,voice:normal,voice_check,buttons,7,,hap,5,,,878,1,0,0,1,
P14,en,1,voice_only,78,0,0,0,v6_voice_08aabec890_1.mp4,en,rav06,ang,voice_only,voice:strong,voice_check,buttons,7,,ang,5,,,2164,0,0,0,1,
P14,en,1,voice_only,79,0,0,0,v6_voice_fb11565c01_1.mp4,en,rav20,fear,voice_only,voice:normal,voice_check,buttons,7,,fear,6,,,3979,0,0,0,1,
P14,en,1,voice_only,80,0,0,0,v6_voice_17e973c755_1.mp4,en,rav14,hap,voice_only,voice:strong,voice_check,buttons,7,,sur,2,,,3062,1,0,0,0,
P15,en,1,single,0,0,0,0,v6_single_76ee15a092_1.mp4,en,rav04,hap,AV,,,buttons,7,,hap,3,3,,4154,0,0,0,1,
P15,en,1,single,1,0,0,0,v6_single_7b8afe562a_2.mp4,en,rav06,ang,AV,,,buttons,7,,ang,5,5,,3134,0,0,0,1,
P15,en,1,single,2,0,0,0,v6_single_24bf624e7d_1.mp4,en,rav16,hap,AV,,,buttons,7,,hap,4,3,,3371,0,0,0,1,
P15,en,1,single,3,0,0,0,v6_single_802ffa53c5_3.mp4,en,rav20,fear,AV,,,buttons,7,,fear,5,6,,6230,0,0,0,1,
P15,en,1,single,4,0,0,0,v6_single_a721e1869f_2.mp4,en,rav18,dis,AV,,,buttons,7,,dis,3,4,,1640,0,0,0,1,
P15,en,1,single,5,0,0,0,v6_single_739783e84d_3.mp4,en,rav10,fear,AV,,,buttons,7,,fear,3,3,,1337,0,0,0,1,
P15,en,1,practice,6,1,0,0,v6_practice_cd0abf6ffd_2.mp4,en,rav22,ang,AV_pair,L:H|R:E,practice:H_vs_E@strong,buttons,7,right,R2,,,,10916,0,0,0,,
P15,en,1,practice,7,1,0,0,v6_practice_85af89ed95_1.mp4,en,rav10,hap,AV_pair,L:E|R:H,practice:H_vs_E@strong,buttons,7,left,L1,,,,1978,0,0,0,,
P15,en,1,pair,8,0,0,0,v6_pair_fb8e3dd060_2.mp4,en,rav08,ang,AV_pair,L:H|R:E,H_vs_E@normal,buttons,7,right,R1,,,,2404,0,0,0,,
P15,en,1,pair,9,0,0,0,v6_pair_58bfd0c96b_2.mp4,en,rav24,dis,AV_pair,L:H|R:R,H_vs_R@strong,buttons,7,right,R1,,,,797,0,0,0,,
P15,en,1,pair,10,0,0,0,v6_pair_4a472014db_1.mp4,en,rav06,ang,AV_pair,L:E|R:H,H_vs_E@strong,buttons,7,right,R1,,,,1183,0,0,0,,
P15,en,1,pair,11,0,0,0,v6_pair_97e6c7f1ce_1.mp4,en,rav18,dis,AV_pair,L:E|R:H,H_vs_E@normal,buttons,7,right,R2,,,,1397,0,0,0,,
P15,en,1,pair,12,0,0,0,v6_pair_c38e9eb491_1.mp4,en,rav18,dis,AV_pair,L:E|R:H,H_vs_E@strong,buttons,7,left,L1,,,,1074,0,0,0,,
P15,en,1,pair,13,0,0,0,v6_pair_33e30e2c1d_1.mp4,en,rav02,dis,AV_pair,L:E|R:H,H_vs_E@normal,buttons,7,same,S0,,,,754,0,0,0,,
P15,en,1,pair,14,0,0,0,v6_pair_d3f0adc106_2.mp4,en,rav10,fear,AV_pair,L:H|R:R,H_vs_R@strong,buttons,7,left,L1,,,,1062,0,0,0,,
P15,en,1,pair,15,0,0,0,v6_pair_3961b3142e_2.mp4,en,rav20,fear,AV_pair,L:H|R:E,H_vs_E@strong,buttons,7,left,L1,,,,2061,0,0,0,,
P15,en,1,pair,16,0,0,0,v6_pair_dc983160dd_1.mp4,en,rav02,ang,AV_pair,L:R|R:H,H_vs_R@strong,buttons,7,left,L2,,,,875,0,0,0,,
P15,en,1,pair,17,0,0,0,v6_pair_0a26430948_2.mp4,en,rav04,hap,AV_pair,L:H|R:E,H_vs_E@normal,buttons,7,left,L2,,,,1425,0,0,0,,
P15,en,1,pair,18,0,0,0,v6_pair_a97dec2f4e_2.mp4,en,rav14,hap,AV_pair,L:H|R:R,H_vs_R@strong,buttons,7,right,R1,,,,951,0,0,0,,
P15,en,1,pair,19,0,0,0,v6_pair_93629a9394_2.mp4,en,rav06,ang,AV_pair,L:H|R:R,H_vs_R@strong,buttons,7,right,R2,,,,876,0,0,0,,
P15,en,1,pair,20,0,0,0,v6_pair_d81bffa4be_2.mp4,en,rav02,ang,AV_pair,L:H|R:E,H_vs_E@strong,buttons,7,right,R2,,,,1190,0,0,0,,
P15,en,1,pair,21,0,0,0,v6_pair_e5c0cf4a07_1.mp4,en,rav04,hap,AV_pair,L:R|R:H,H_vs_R@strong,buttons,7,left,L1,,,,1000,0,0,0,,
P15,en,1,pair,22,0,0,0,v6_pair_5caed2de25_1.mp4,en,rav06,ang,AV_pair,L:E|R:H,H_vs_E@normal,buttons,7,left,L2,,,,1091,0,0,0,,
P15,en,1,pair,23,0,0,0,v6_pair_7697f115bc_2.mp4,en,rav12,fear,AV_pair,L:H|R:E,H_vs_E@strong,buttons,7,same,S0,,,,1072,0,0,0,,
P15,en,1,pair,24,0,0,0,v6_pair_69a37819e2_1.mp4,en,rav10,fear,AV_pair,L:E|R:H,H_vs_E@strong,buttons,7,right,R1,,,,1333,0,0,0,,
P15,en,1,pair,25,0,0,0,v6_pair_f5403c44bd_1.mp4,en,rav16,hap,AV_pair,L:R|R:H,H_vs_R@strong,buttons,7,left,L1,,,,960,0,0,0,,
P15,en,1,pair,26,0,0,0,v6_pair_23d7c570a2_2.mp4,en,rav04,hap,AV_pair,L:H|R:E,H_vs_E@strong,buttons,7,left,L1,,,,873,0,0,0,,
P15,en,1,pair,27,0,0,0,v6_pair_faec1498b7_1.mp4,en,rav08,ang,AV_pair,L:R|R:H,H_vs_R@strong,buttons,7,left,L2,,,,1382,0,0,0,,
P15,en,1,pair,28,0,0,0,v6_pair_7ef69736a7_2.mp4,en,rav18,dis,AV_pair,L:H|R:R,H_vs_R@strong,buttons,7,left,L1,,,,890,0,0,0,,
P15,en,1,pair,29,0,0,0,v6_pair_c12bac8692_2.mp4,en,rav08,ang,AV_pair,L:H|R:E,H_vs_E@strong,buttons,7,right,R1,,,,1887,0,0,0,,
P15,en,1,pair,30,0,0,0,v6_pair_87b373e751_2.mp4,en,rav16,hap,AV_pair,L:H|R:E,H_vs_E@strong,buttons,7,left,L1,,,,1818,0,0,0,,
P15,en,1,pair,31,0,0,0,v6_pair_6f570415b8_1.mp4,en,rav12,fear,AV_pair,L:R|R:H,H_vs_R@strong,buttons,7,left,L1,,,,1131,0,0,0,,
P15,en,1,pair,32,0,0,0,v6_pair_0c8482b715_2.mp4,en,rav02,ang,AV_pair,L:H|R:E,H_vs_E@normal,buttons,7,left,L2,,,,1012,0,0,0,,
P15,en,1,pair,33,0,0,0,v6_pair_417168a67a_1.mp4,en,rav20,fear,AV_pair,L:R|R:H,H_vs_R@strong,buttons,7,left,L2,,,,1360,0,0,0,,
P15,en,1,pair,34,0,0,0,v6_pair_66fc12fdc8_1.mp4,en,rav14,hap,AV_pair,L:E|R:H,H_vs_E@normal,buttons,7,left,L1,,,,3506,0,0,0,,
P15,en,1,pair,35,0,0,0,v6_pair_13ae59e46d_1.mp4,en,rav02,dis,AV_pair,L:E|R:H,H_vs_E@strong,buttons,7,left,L1,,,,1052,0,0,0,,
P15,en,1,pair_catch,36,0,1,0,v6_catch_6f7a8a44b1_2.mp4,en,rav10,hap,AV_pair,L:still|R:H,correct:right,buttons,2,right,right,,,,6637,0,0,0,1,1
P15,en,1,pair,37,0,0,0,v6_pair_8073668068_2.mp4,en,rav02,dis,AV_pair,L:H|R:R,H_vs_R@strong,buttons,7,right,R2,,,,1310,0,0,0,,
P15,en,1,pair,38,0,0,0,v6_pair_3b7f4443aa_2.mp4,en,rav12,fear,AV_pair,L:H|R:E,H_vs_E@normal,buttons,7,right,R1,,,,1855,0,0,0,,
P15,en,1,pair,39,0,0,0,v6_pair_53e6c4770b_1.mp4,en,rav14,hap,AV_pair,L:E|R:H,H_vs_E@strong,buttons,7,same,S0,,,,3043,0,0,0,,
P15,en,1,pair,40,0,0,0,v6_pair_1fc4717f31_2.mp4,en,rav16,hap,AV_pair,L:H|R:E,H_vs_E@normal,buttons,7,same,S0,,,,521,0,0,0,,
P15,en,1,pair,41,0,0,0,v6_pair_db8f08e27f_1.mp4,en,rav10,fear,AV_pair,L:E|R:H,H_vs_E@normal,buttons,7,left,L1,,,,1924,0,0,0,,
P15,en,1,pair,42,0,0,0,v6_pair_5adfe6a4bd_2.mp4,en,rav20,fear,AV_pair,L:H|R:E,H_vs_E@normal,buttons,7,left,L1,,,,1077,0,0,0,,
P15,en,1,pair,43,0,0,0,v6_pair_0c7d060d5f_1.mp4,en,rav24,dis,AV_pair,L:E|R:H,H_vs_E@strong,buttons,7,right,R1,,,,1272,0,0,0,,
P15,en,1,pair,44,0,0,0,v6_pair_e86b22f765_1.mp4,en,rav24,dis,AV_pair,L:E|R:H,H_vs_E@normal,buttons,7,left,L1,,,,945,0,0,0,,
P15,en,1,pair_ml,45,0,0,0,v6_pair_ml_d5ab099d51_2.mp4,cn,0002_001188,sad,AV_pair,L:L|R:E,L_vs_E@cn,buttons,7,right,R1,,,,2243,0,0,0,,
P15,en,1,pair_ml,46,0,0,0,v6_pair_ml_afa28cd8ae_1.mp4,jp,jp_hap_short_sentence,hap,AV_pair,L:E|R:L,L_vs_E@jp,buttons,7,right,R1,,,,1273,0,0,0,,
P15,en,1,pair_ml,47,0,0,0,v6_pair_ml_e5fa8f451a_2.mp4,en,en_ang_short_sentence,ang,AV_pair,L:L|R:Lrev,L_vs_Lrev@en,buttons,7,left,L2,,,,1223,0,0,0,,
P15,en,1,pair_ml,48,0,0,0,v6_pair_ml_4fc1e0e0d1_2.mp4,jp,jp_sad_short_sentence,sad,AV_pair,L:L|R:E,L_vs_E@jp,buttons,7,left,L1,,,,1158,0,0,0,,
P15,en,1,pair_ml,49,0,0,0,v6_pair_ml_c4711cd80a_1.mp4,cn,0002_000488,ang,AV_pair,L:Lrev|R:L,L_vs_Lrev@cn,buttons,7,left,L2,,,,788,0,0,0,,
P15,en,1,pair_ml,50,0,0,0,v6_pair_ml_c3519312c6_2.mp4,jp,jp_hap_short_sentence,hap,AV_pair,L:L|R:Lrev,L_vs_Lrev@jp,buttons,7,left,L2,,,,706,0,0,0,,
P15,en,1,pair_ml,51,0,0,0,v6_pair_ml_7e3e5bb20d_2.mp4,cn,0002_000488,ang,AV_pair,L:L|R:E,L_vs_E@cn,buttons,7,left,L1,,,,828,0,0,0,,
P15,en,1,pair_ml,52,0,0,0,v6_pair_ml_f26827db2f_2.mp4,en,en_hap_short_sentence,hap,AV_pair,L:L|R:E,L_vs_E@en,buttons,7,right,R1,,,,3851,0,0,0,,
P15,en,1,pair_ml,53,0,0,0,v6_pair_ml_d921b78eb4_2.mp4,jp,jp_ang_short_sentence,ang,AV_pair,L:L|R:E,L_vs_E@jp,buttons,7,right,R1,,,,834,0,0,0,,
P15,en,1,pair_ml,54,0,0,0,v6_pair_ml_9b2f256f7d_1.mp4,cn,0002_000838,hap,AV_pair,L:E|R:L,L_vs_E@cn,buttons,7,left,L1,,,,985,0,0,0,,
P15,en,1,pair_ml,55,0,0,0,v6_pair_ml_1780ae57a3_1.mp4,jp,jp_sad_short_sentence,sad,AV_pair,L:Lrev|R:L,L_vs_Lrev@jp,buttons,7,right,R1,,,,1300,0,0,0,,
P15,en,1,pair_ml,56,0,0,0,v6_pair_ml_97c8810aa2_1.mp4,en,en_hap_short_sentence,hap,AV_pair,L:Lrev|R:L,L_vs_Lrev@en,buttons,7,left,L2,,,,1653,0,0,0,,
P15,en,1,pair_ml,57,0,0,0,v6_pair_ml_d6dd46665d_1.mp4,cn,0002_001188,sad,AV_pair,L:Lrev|R:L,L_vs_Lrev@cn,buttons,7,left,L2,,,,767,0,0,0,,
P15,en,1,pair_ml,58,0,0,0,v6_pair_ml_44c920798b_1.mp4,en,en_ang_short_sentence,ang,AV_pair,L:E|R:L,L_vs_E@en,buttons,7,left,L2,,,,503,0,0,0,,
P15,en,1,pair_ml,59,0,0,0,v6_pair_ml_a717ea56f4_2.mp4,cn,0002_000838,hap,AV_pair,L:L|R:Lrev,L_vs_Lrev@cn,buttons,7,left,L1,,,,1097,0,0,0,,
P15,en,1,pair_ml,60,0,0,0,v6_pair_ml_506942a631_2.mp4,en,en_sad_short_sentence,sad,AV_pair,L:L|R:Lrev,L_vs_Lrev@en,buttons,7,right,R1,,,,1788,0,0,0,,
P15,en,1,pair_ml,61,0,0,0,v6_pair_ml_0bc71a1be9_1.mp4,jp,jp_ang_short_sentence,ang,AV_pair,L:Lrev|R:L,L_vs_Lrev@jp,buttons,7,left,L1,,,,1220,0,0,0,,
P15,en,1,pair_ml,62,0,0,0,v6_pair_ml_98df03baec_1.mp4,en,en_sad_short_sentence,sad,AV_pair,L:E|R:L,L_vs_E@en,buttons,7,right,R1,,,,1785,0,0,0,,
P15,en,1,pair_mute,63,0,0,0,v6_pair_mute_005d45f10b_1.mp4,en,rav06,ang,AV_pair,L:E|R:H,mute:H_vs_E@strong,buttons,7,right,R1,,,,9072,0,0,0,,
P15,en,1,pair_mute,64,0,0,0,v6_pair_mute_555cc59e4b_2.mp4,en,rav10,fear,AV_pair,L:H|R:E,mute:H_vs_E@strong,buttons,7,right,R1,,,,1614,0,0,0,,
P15,en,1,pair_mute,65,0,0,0,v6_pair_mute_250e7890e4_1.mp4,en,rav20,fear,AV_pair,L:E|R:H,mute:H_vs_E@strong,buttons,7,right,R1,,,,777,0,0,0,,
P15,en,1,pair_mute,66,0,0,0,v6_pair_mute_3b6fa3b207_1.mp4,en,rav16,hap,AV_pair,L:E|R:H,mute:H_vs_E@strong,buttons,7,right,R2,,,,738,0,0,0,,
P15,en,1,pair_mute,67,0,0,0,v6_pair_mute_39140f1f71_2.mp4,en,rav04,hap,AV_pair,L:H|R:E,mute:H_vs_E@strong,buttons,7,left,L2,,,,790,0,0,0,,
P15,en,1,pair_mute,68,0,0,0,v6_pair_mute_30ad4160ab_2.mp4,en,rav18,dis,AV_pair,L:H|R:E,mute:H_vs_E@strong,buttons,7,same,S0,,,,939,0,0,0,,
P15,en,1,voice_only,69,0,0,0,v6_voice_214566cf57_1.mp4,en,rav14,hap,voice_only,voice:normal,voice_check,buttons,7,,hap,5,,,3937,0,0,0,1,
P15,en,1,voice_only,70,0,0,0,v6_voice_b0cfac7f4c_1.mp4,en,rav18,dis,voice_only,voice:strong,voice_check,buttons,7,,dis,6,,,1033,0,0,0,1,
P15,en,1,voice_only,71,0,0,0,v6_voice_fb11565c01_1.mp4,en,rav20,fear,voice_only,voice:normal,voice_check,buttons,7,,fear,4,,,1498,0,0,0,1,
P15,en,1,voice_only,72,0,0,0,v6_voice_5daeb1533f_1.mp4,en,rav04,hap,voice_only,voice:strong,voice_check,buttons,7,,hap,5,,,1504,0,0,0,1,
P15,en,1,voice_only,73,0,0,0,v6_voice_a66c973128_1.mp4,en,rav06,ang,voice_only,voice:normal,voice_check,buttons,7,,ang,3,,,2283,0,0,0,1,
P15,en,1,voice_only,74,0,0,0,v6_voice_70e2096718_1.mp4,en,rav20,fear,voice_only,voice:strong,voice_check,buttons,7,,fear,7,,,1039,0,0,0,1,
P15,en,1,voice_only,75,0,0,0,v6_voice_50a83a8476_1.mp4,en,rav18,dis,voice_only,voice:normal,voice_check,buttons,7,,dis,6,,,866,0,0,0,1,
P15,en,1,voice_only,76,0,0,0,v6_voice_17e973c755_1.mp4,en,rav14,hap,voice_only,voice:strong,voice_check,buttons,7,,fear,4,,,3517,0,0,0,0,
P15,en,1,voice_only,77,0,0,0,v6_voice_7642129e05_1.mp4,en,rav12,fear,voice_only,voice:normal,voice_check,buttons,7,,neu,,,,3261,0,0,0,0,
P15,en,1,voice_only,78,0,0,0,v6_voice_08aabec890_1.mp4,en,rav06,ang,voice_only,voice:strong,voice_check,buttons,7,,ang,7,,,1161,0,0,0,1,
P15,en,1,voice_only,79,0,0,0,v6_voice_cd8f85d3b2_1.mp4,en,rav04,hap,voice_only,voice:normal,voice_check,buttons,7,,neu,,,,658,0,0,0,0,
P15,en,1,voice_only,80,0,0,0,v6_voice_aaea5d0aab_1.mp4,en,rav12,fear,voice_only,voice:strong,voice_check,buttons,7,,fear,3,,,2241,0,0,0,1,
P16,en,1,single,0,0,0,0,v6_single_24bf624e7d_2.mp4,en,rav16,hap,AV,,,buttons,7,,hap,5,5,,2855,0,0,0,1,
P16,en,1,single,1,0,0,0,v6_single_802ffa53c5_1.mp4,en,rav20,fear,AV,,,buttons,7,,fear,6,6,,12459,0,0,0,1,
P16,en,1,single,2,0,0,0,v6_single_a721e1869f_3.mp4,en,rav18,dis,AV,,,buttons,7,,ang,4,3,,4052,0,0,0,0,
P16,en,1,single,3,0,0,0,v6_single_739783e84d_1.mp4,en,rav10,fear,AV,,,buttons,7,,fear,6,5,,1545,0,0,0,1,
P16,en,1,single,4,0,0,0,v6_single_76ee15a092_2.mp4,en,rav04,hap,AV,,,buttons,7,,hap,4,4,,1745,0,0,0,1,
P16,en,1,single,5,0,0,0,v6_single_7b8afe562a_3.mp4,en,rav06,ang,AV,,,buttons,7,,ang,5,4,,2675,0,0,0,1,
P16,en,1,practice,6,1,0,0,v6_practice_85af89ed95_2.mp4,en,rav10,hap,AV_pair,L:H|R:E,practice:H_vs_E@strong,buttons,7,left,L1,,,,3732,1,0,0,,
P16,en,1,practice,7,1,0,0,v6_practice_cd0abf6ffd_1.mp4,en,rav22,ang,AV_pair,L:E|R:H,practice:H_vs_E@strong,buttons,7,right,R1,,,,1075,0,0,0,,
P16,en,1,pair,8,0,0,0,v6_pair_dc983160dd_2.mp4,en,rav02,ang,AV_pair,L:H|R:R,H_vs_R@strong,buttons,7,same,S0,,,,984,0,0,0,,
P16,en,1,pair,9,0,0,0,v6_pair_fb8e3dd060_1.mp4,en,rav08,ang,AV_pair,L:E|R:H,H_vs_E@normal,buttons,7,left,L1,,,,1437,0,0,0,,
P16,en,1,pair,10,0,0,0,v6_pair_23d7c570a2_1.mp4,en,rav04,hap,AV_pair,L:E|R:H,H_vs_E@strong,buttons,7,right,R2,,,,1906,0,0,0,,
P16,en,1,pair,11,0,0,0,v6_pair_66fc12fdc8_2.mp4,en,rav14,hap,AV_pair,L:H|R:E,H_vs_E@normal,buttons,7,same,S0,,,,836,0,0,0,,
P16,en,1,pair,12,0,0,0,v6_pair_faec1498b7_2.mp4,en,rav08,ang,AV_pair,L:H|R:R,H_vs_R@strong,buttons,7,left,L1,,,,4015,0,0,0,,
P16,en,1,pair,13,0,0,0,v6_pair_93629a9394_1.mp4,en,rav06,ang,AV_pair,L:R|R:H,H_vs_R@strong,buttons,7,left,L1,,,,890,0,0,0,,
P16,en,1,pair,14,0,0,0,v6_pair_3961b3142e_1.mp4,en,rav20,fear,AV_pair,L:E|R:H,H_vs_E@strong,buttons,7,right,R1,,,,1018,0,0,0,,
P16,en,1,pair_catch,15,0,1,0,v6_catch_6f7a8a44b1_1.mp4,en,rav10,hap,AV_pair,L:H|R:still,correct:left,buttons,2,left,left,,,,6324,0,0,0,1,1
P16,en,1,pair,16,0,0,0,v6_pair_1fc4717f31_1.mp4,en,rav16,hap,AV_pair,L:E|R:H,H_vs_E@normal,buttons,7,right,R1,,,,1142,0,0,0,,
P16,en,1,pair,17,0,0,0,v6_pair_5adfe6a4bd_1.mp4,en,rav20,fear,AV_pair,L:E|R:H,H_vs_E@normal,buttons,7,same,S0,,,,3605,0,0,0,,
P16,en,1,pair,18,0,0,0,v6_pair_53e6c4770b_2.mp4,en,rav14,hap,AV_pair,L:H|R:E,H_vs_E@strong,buttons,7,left,L1,,,,908,0,0,0,,
P16,en,1,pair,19,0,0,0,v6_pair_6f570415b8_2.mp4,en,rav12,fear,AV_pair,L:H|R:R,H_vs_R@strong,buttons,7,right,R1,,,,1044,0,0,0,,
P16,en,1,pair,20,0,0,0,v6_pair_13ae59e46d_2.mp4,en,rav02,dis,AV_pair,L:H|R:E,H_vs_E@strong,buttons,7,left,L2,,,,1090,0,0,0,,
P16,en,1,pair,21,0,0,0,v6_pair_33e30e2c1d_2.mp4,en,rav02,dis,AV_pair,L:H|R:E,H_vs_E@normal,buttons,7,same,S0,,,,576,0,0,0,,
P16,en,1,pair,22,0,0,0,v6_pair_d81bffa4be_1.mp4,en,rav02,ang,AV_pair,L:E|R:H,H_vs_E@strong,buttons,7,right,R1,,,,908,0,0,0,,
P16,en,1,pair,23,0,0,0,v6_pair_97e6c7f1ce_2.mp4,en,rav18,dis,AV_pair,L:H|R:E,H_vs_E@normal,buttons,7,left,L1,,,,483,0,0,0,,
P16,en,1,pair,24,0,0,0,v6_pair_c12bac8692_1.mp4,en,rav08,ang,AV_pair,L:E|R:H,H_vs_E@strong,buttons,7,right,R2,,,,1279,0,0,0,,
P16,en,1,pair,25,0,0,0,v6_pair_8073668068_1.mp4,en,rav02,dis,AV_pair,L:R|R:H,H_vs_R@strong,buttons,7,left,L1,,,,1178,0,0,0,,
P16,en,1,pair,26,0,0,0,v6_pair_c38e9eb491_2.mp4,en,rav18,dis,AV_pair,L:H|R:E,H_vs_E@strong,buttons,7,left,L1,,,,1880,1,0,0,,
P16,en,1,pair,27,0,0,0,v6_pair_0a26430948_1.mp4,en,rav04,hap,AV_pair,L:E|R:H,H_vs_E@normal,buttons,7,same,S0,,,,1782,0,0,0,,
P16,en,1,pair,28,0,0,0,v6_pair_87b373e751_1.mp4,en,rav16,hap,AV_pair,L:E|R:H,H_vs_E@strong,buttons,7,right,R2,,,,937,0,0,0,,
P16,en,1,pair,29,0,0,0,v6_pair_7697f115bc_1.mp4,en,rav12,fear,AV_pair,L:E|R:H,H_vs_E@strong,buttons,7,left,L1,,,,524,0,0,0,,
P16,en,1,pair,30,0,0,0,v6_pair_3b7f4443aa_1.mp4,en,rav12,fear,AV_pair,L:E|R:H,H_vs_E@normal,buttons,7,right,R1,,,,1156,0,0,0,,
P16,en,1,pair,31,0,0,0,v6_pair_417168a67a_2.mp4,en,rav20,fear,AV_pair,L:H|R:R,H_vs_R@strong,buttons,7,right,R1,,,,1555,0,0,0,,
P16,en,1,pair,32,0,0,0,v6_pair_58bfd0c96b_1.mp4,en,rav24,dis,AV_pair,L:R|R:H,H_vs_R@strong,buttons,7,right,R3,,,,2283,0,0,0,,
P16,en,1,pair,33,0,0,0,v6_pair_7ef69736a7_1.mp4,en,rav18,dis,AV_pair,L:R|R:H,H_vs_R@strong,buttons,7,left,L1,,,,927,0,0,0,,
P16,en,1,pair,34,0,0,0,v6_pair_0c8482b715_1.mp4,en,rav02,ang,AV_pair,L:E|R:H,H_vs_E@normal,buttons,7,left,L1,,,,1222,0,0,0,,
P16,en,1,pair,35,0,0,0,v6_pair_d3f0adc106_1.mp4,en,rav10,fear,AV_pair,L:R|R:H,H_vs_R@strong,buttons,7,right,R1,,,,1355,0,0,0,,
P16,en,1,pair,36,0,0,0,v6_pair_4a472014db_2.mp4,en,rav06,ang,AV_pair,L:H|R:E,H_vs_E@strong,buttons,7,right,R1,,,,1142,0,0,0,,
P16,en,1,pair,37,0,0,0,v6_pair_f5403c44bd_2.mp4,en,rav16,hap,AV_pair,L:H|R:R,H_vs_R@strong,buttons,7,left,L2,,,,820,0,0,0,,
P16,en,1,pair,38,0,0,0,v6_pair_a97dec2f4e_1.mp4,en,rav14,hap,AV_pair,L:R|R:H,H_vs_R@strong,buttons,7,right,R1,,,,866,0,0,0,,
P16,en,1,pair,39,0,0,0,v6_pair_5caed2de25_2.mp4,en,rav06,ang,AV_pair,L:H|R:E,H_vs_E@normal,buttons,7,left,L2,,,,698,0,0,0,,
P16,en,1,pair,40,0,0,0,v6_pair_e5c0cf4a07_2.mp4,en,rav04,hap,AV_pair,L:H|R:R,H_vs_R@strong,buttons,7,left,L1,,,,2310,1,0,0,,
P16,en,1,pair,41,0,0,0,v6_pair_0c7d060d5f_2.mp4,en,rav24,dis,AV_pair,L:H|R:E,H_vs_E@strong,buttons,7,left,L1,,,,1148,0,0,0,,
P16,en,1,pair,42,0,0,0,v6_pair_db8f08e27f_2.mp4,en,rav10,fear,AV_pair,L:H|R:E,H_vs_E@normal,buttons,7,left,L1,,,,725,0,0,0,,
P16,en,1,pair,43,0,0,0,v6_pair_69a37819e2_2.mp4,en,rav10,fear,AV_pair,L:H|R:E,H_vs_E@strong,buttons,7,left,L2,,,,490,0,0,0,,
P16,en,1,pair,44,0,0,0,v6_pair_e86b22f765_2.mp4,en,rav24,dis,AV_pair,L:H|R:E,H_vs_E@normal,buttons,7,left,L3,,,,1145,0,0,0,,
P16,en,1,pair_ml,45,0,0,0,v6_pair_ml_97c8810aa2_2.mp4,en,en_hap_short_sentence,hap,AV_pair,L:L|R:Lrev,L_vs_Lrev@en,buttons,7,same,S0,,,,1977,0,0,0,,
P16,en,1,pair_ml,46,0,0,0,v6_pair_ml_1780ae57a3_2.mp4,jp,jp_sad_short_sentence,sad,AV_pair,L:L|R:Lrev,L_vs_Lrev@jp,buttons,7,right,R2,,,,2172,0,0,0,,
P16,en,1,pair_ml,47,0,0,0,v6_pair_ml_7e3e5bb20d_1.mp4,cn,0002_000488,ang,AV_pair,L:E|R:L,L_vs_E@cn,buttons,7,same,S0,,,,1420,0,0,0,,
P16,en,1,pair_ml,48,0,0,0,v6_pair_ml_506942a631_1.mp4,en,en_sad_short_sentence,sad,AV_pair,L:Lrev|R:L,L_vs_Lrev@en,buttons,7,same,S0,,,,1002,0,0,0,,
P16,en,1,pair_ml,49,0,0,0,v6_pair_ml_9b2f256f7d_2.mp4,cn,0002_000838,hap,AV_pair,L:L|R:E,L_vs_E@cn,buttons,7,same,S0,,,,1206,0,0,0,,
P16,en,1,pair_ml,50,0,0,0,v6_pair_ml_0bc71a1be9_2.mp4,jp,jp_ang_short_sentence,ang,AV_pair,L:L|R:Lrev,L_vs_Lrev@jp,buttons,7,left,L1,,,,704,0,0,0,,
P16,en,1,pair_ml,51,0,0,0,v6_pair_ml_a717ea56f4_1.mp4,cn,0002_000838,hap,AV_pair,L:Lrev|R:L,L_vs_Lrev@cn,buttons,7,right,R1,,,,654,0,0,0,,
P16,en,1,pair_ml,52,0,0,0,v6_pair_ml_e5fa8f451a_1.mp4,en,en_ang_short_sentence,ang,AV_pair,L:Lrev|R:L,L_vs_Lrev@en,buttons,7,right,R1,,,,1587,0,0,0,,
P16,en,1,pair_ml,53,0,0,0,v6_pair_ml_d6dd46665d_2.mp4,cn,0002_001188,sad,AV_pair,L:L|R:Lrev,L_vs_Lrev@cn,buttons,7,left,L2,,,,1151,0,0,0,,
P16,en,1,pair_ml,54,0,0,0,v6_pair_ml_d921b78eb4_1.mp4,jp,jp_ang_short_sentence,ang,AV_pair,L:E|R:L,L_vs_E@jp,buttons,7,right,R2,,,,1375,0,0,0,,
P16,en,1,pair_ml,55,0,0,0,v6_pair_ml_f26827db2f_1.mp4,en,en_hap_short_sentence,hap,AV_pair,L:E|R:L,L_vs_E@en,buttons,7,right,R1,,,,1152,1,0,0,,
P16,en,1,pair_ml,56,0,0,0,v6_pair_ml_4fc1e0e0d1_1.mp4,jp,jp_sad_short_sentence,sad,AV_pair,L:E|R:L,L_vs_E@jp,buttons,7,right,R1,,,,1176,0,0,0,,
P16,en,1,pair_ml,57,0,0,0,v6_pair_ml_c4711cd80a_2.mp4,cn,0002_000488,ang,AV_pair,L:L|R:Lrev,L_vs_Lrev@cn,buttons,7,right,R1,,,,1145,0,0,0,,
P16,en,1,pair_ml,58,0,0,0,v6_pair_ml_afa28cd8ae_2.mp4,jp,jp_hap_short_sentence,hap,AV_pair,L:L|R:E,L_vs_E@jp,buttons,7,left,L1,,,,1363,0,0,0,,
P16,en,1,pair_ml,59,0,0,0,v6_pair_ml_d5ab099d51_1.mp4,cn,0002_001188,sad,AV_pair,L:E|R:L,L_vs_E@cn,buttons,7,right,R2,,,,1118,1,0,0,,
P16,en,1,pair_ml,60,0,0,0,v6_pair_ml_44c920798b_2.mp4,en,en_ang_short_sentence,ang,AV_pair,L:L|R:E,L_vs_E@en,buttons,7,left,L1,,,,1486,0,0,0,,
P16,en,1,pair_ml,61,0,0,0,v6_pair_ml_c3519312c6_1.mp4,jp,jp_hap_short_sentence,hap,AV_pair,L:Lrev|R:L,L_vs_Lrev@jp,buttons,7,right,R1,,,,1103,0,0,0,,
P16,en,1,pair_ml,62,0,0,0,v6_pair_ml_98df03baec_2.mp4,en,en_sad_short_sentence,sad,AV_pair,L:L|R:E,L_vs_E@en,buttons,7,left,L1,,,,1253,0,0,0,,
P16,en,1,pair_mute,63,0,0,0,v6_pair_mute_555cc59e4b_1.mp4,en,rav10,fear,AV_pair,L:E|R:H,mute:H_vs_E@strong,buttons,7,right,R1,,,,551,1,0,0,,
P16,en,1,pair_mute,64,0,0,0,v6_pair_mute_30ad4160ab_1.mp4,en,rav18,dis,AV_pair,L:E|R:H,mute:H_vs_E@strong,buttons,7,right,R1,,,,2155,0,0,0,,
P16,en,1,pair_mute,65,0,0,0,v6_pair_mute_3b6fa3b207_2.mp4,en,rav16,hap,AV_pair,L:H|R:E,mute:H_vs_E@strong,buttons,7,left,L1,,,,876,0,0,0,,
P16,en,1,pair_mute,66,0,0,0,v6_pair_mute_39140f1f71_1.mp4,en,rav04,hap,AV_pair,L:E|R:H,mute:H_vs_E@strong,buttons,7,right,R3,,,,969,1,0,0,,
P16,en,1,pair_mute,67,0,0,0,v6_pair_mute_250e7890e4_2.mp4,en,rav20,fear,AV_pair,L:H|R:E,mute:H_vs_E@strong,buttons,7,left,L1,,,,988,0,0,0,,
P16,en,1,pair_mute,68,0,0,0,v6_pair_mute_005d45f10b_2.mp4,en,rav06,ang,AV_pair,L:H|R:E,mute:H_vs_E@strong,buttons,7,same,S0,,,,826,0,0,0,,
P16,en,1,voice_only,69,0,0,0,v6_voice_70e2096718_1.mp4,en,rav20,fear,voice_only,voice:strong,voice_check,buttons,7,,fear,6,,,7364,0,0,0,1,
P16,en,1,voice_only,70,0,0,0,v6_voice_a66c973128_1.mp4,en,rav06,ang,voice_only,voice:normal,voice_check,buttons,7,,dis,6,,,1247,0,0,0,0,
P16,en,1,voice_only,71,0,0,0,v6_voice_5daeb1533f_1.mp4,en,rav04,hap,voice_only,voice:strong,voice_check,buttons,7,,sur,4,,,4759,1,0,0,0,
P16,en,1,voice_only,72,0,0,0,v6_voice_50a83a8476_1.mp4,en,rav18,dis,voice_only,voice:normal,voice_check,buttons,7,,dis,7,,,1151,0,0,0,1,
P16,en,1,voice_only,73,0,0,0,v6_voice_17e973c755_1.mp4,en,rav14,hap,voice_only,voice:strong,voice_check,buttons,7,,fear,4,,,4531,0,0,0,0,
P16,en,1,voice_only,74,0,0,0,v6_voice_7642129e05_1.mp4,en,rav12,fear,voice_only,voice:normal,voice_check,buttons,7,,fear,5,,,744,0,0,0,1,
P16,en,1,voice_only,75,0,0,0,v6_voice_08aabec890_1.mp4,en,rav06,ang,voice_only,voice:strong,voice_check,buttons,7,,ang,7,,,1280,0,0,0,1,
P16,en,1,voice_only,76,0,0,0,v6_voice_cd8f85d3b2_1.mp4,en,rav04,hap,voice_only,voice:normal,voice_check,buttons,7,,neu,,,,7204,0,0,0,0,
P16,en,1,voice_only,77,0,0,0,v6_voice_aaea5d0aab_1.mp4,en,rav12,fear,voice_only,voice:strong,voice_check,buttons,7,,fear,6,,,1427,1,0,0,1,
P16,en,1,voice_only,78,0,0,0,v6_voice_214566cf57_1.mp4,en,rav14,hap,voice_only,voice:normal,voice_check,buttons,7,,sur,5,,,3183,1,0,0,0,
P16,en,1,voice_only,79,0,0,0,v6_voice_b0cfac7f4c_1.mp4,en,rav18,dis,voice_only,voice:strong,voice_check,buttons,7,,dis,6,,,3918,0,0,0,1,
P16,en,1,voice_only,80,0,0,0,v6_voice_fb11565c01_1.mp4,en,rav20,fear,voice_only,voice:normal,voice_check,buttons,7,,fear,3,,,1803,1,0,0,1,
P17,en,1,single,0,0,0,0,v6_single_76ee15a092_1.mp4,en,rav04,hap,AV,,,buttons,7,,hap,4,1,,5377,0,0,0,1,
P17,en,1,single,1,0,0,0,v6_single_7b8afe562a_2.mp4,en,rav06,ang,AV,,,buttons,7,,ang,5,1,,1283,0,0,0,1,
P17,en,1,single,2,0,0,0,v6_single_739783e84d_3.mp4,en,rav10,fear,AV,,,buttons,7,,fear,4,2,,1983,0,0,0,1,
P17,en,1,single,3,0,0,0,v6_single_24bf624e7d_1.mp4,en,rav16,hap,AV,,,buttons,7,,neu,,4,,1093,1,0,0,0,
P17,en,1,single,4,0,0,0,v6_single_a721e1869f_2.mp4,en,rav18,dis,AV,,,buttons,7,,sad,4,2,,3103,0,0,0,0,
P17,en,1,single,5,0,0,0,v6_single_802ffa53c5_3.mp4,en,rav20,fear,AV,,,buttons,7,,fear,5,2,,3351,0,0,0,1,
P17,en,1,practice,6,1,0,0,v6_practice_cd0abf6ffd_2.mp4,en,rav22,ang,AV_pair,L:H|R:E,practice:H_vs_E@strong,buttons,7,left,L3,,,,3135,0,0,0,,
P17,en,1,practice,7,1,0,0,v6_practice_85af89ed95_1.mp4,en,rav10,hap,AV_pair,L:E|R:H,practice:H_vs_E@strong,buttons,7,right,R2,,,,3188,0,0,0,,
P17,en,1,pair,8,0,0,0,v6_pair_93629a9394_2.mp4,en,rav06,ang,AV_pair,L:H|R:R,H_vs_R@strong,buttons,7,left,L3,,,,1720,0,0,0,,
P17,en,1,pair,9,0,0,0,v6_pair_0c8482b715_2.mp4,en,rav02,ang,AV_pair,L:H|R:E,H_vs_E@normal,buttons,7,same,S0,,,,2050,0,0,0,,
P17,en,1,pair,10,0,0,0,v6_pair_e5c0cf4a07_1.mp4,en,rav04,hap,AV_pair,L:R|R:H,H_vs_R@strong,buttons,7,right,R2,,,,1499,0,0,0,,
P17,en,1,pair,11,0,0,0,v6_pair_66fc12fdc8_1.mp4,en,rav14,hap,AV_pair,L:E|R:H,H_vs_E@normal,buttons,7,right,R2,,,,1063,0,0,0,,
P17,en,1,pair,12,0,0,0,v6_pair_0c7d060d5f_1.mp4,en,rav24,dis,AV_pair,L:E|R:H,H_vs_E@strong,buttons,7,same,S0,,,,2233,0,0,0,,
P17,en,1,pair,13,0,0,0,v6_pair_87b373e751_2.mp4,en,rav16,hap,AV_pair,L:H|R:E,H_vs_E@strong,buttons,7,same,S0,,,,1116,0,0,0,,
P17,en,1,pair,14,0,0,0,v6_pair_fb8e3dd060_2.mp4,en,rav08,ang,AV_pair,L:H|R:E,H_vs_E@normal,buttons,7,left,L2,,,,1384,0,0,0,,
P17,en,1,pair,15,0,0,0,v6_pair_a97dec2f4e_2.mp4,en,rav14,hap,AV_pair,L:H|R:R,H_vs_R@strong,buttons,7,same,S0,,,,1202,0,0,0,,
P17,en,1,pair,16,0,0,0,v6_pair_1fc4717f31_2.mp4,en,rav16,hap,AV_pair,L:H|R:E,H_vs_E@normal,buttons,7,right,R2,,,,1356,0,0,0,,
P17,en,1,pair,17,0,0,0,v6_pair_417168a67a_1.mp4,en,rav20,fear,AV_pair,L:R|R:H,H_vs_R@strong,buttons,7,same,S0,,,,1021,0,0,0,,
P17,en,1,pair,18,0,0,0,v6_pair_e86b22f765_1.mp4,en,rav24,dis,AV_pair,L:E|R:H,H_vs_E@normal,buttons,7,left,L2,,,,986,0,0,0,,
P17,en,1,pair,19,0,0,0,v6_pair_c38e9eb491_1.mp4,en,rav18,dis,AV_pair,L:E|R:H,H_vs_E@strong,buttons,7,right,R2,,,,1299,0,0,0,,
P17,en,1,pair,20,0,0,0,v6_pair_c12bac8692_2.mp4,en,rav08,ang,AV_pair,L:H|R:E,H_vs_E@strong,buttons,7,left,L2,,,,2515,0,0,0,,
P17,en,1,pair,21,0,0,0,v6_pair_8073668068_2.mp4,en,rav02,dis,AV_pair,L:H|R:R,H_vs_R@strong,buttons,7,same,S0,,,,1011,0,0,0,,
P17,en,1,pair,22,0,0,0,v6_pair_13ae59e46d_1.mp4,en,rav02,dis,AV_pair,L:E|R:H,H_vs_E@strong,buttons,7,same,S0,,,,812,0,0,0,,
P17,en,1,pair,23,0,0,0,v6_pair_5caed2de25_1.mp4,en,rav06,ang,AV_pair,L:E|R:H,H_vs_E@normal,buttons,7,right,R2,,,,2995,0,0,0,,
P17,en,1,pair,24,0,0,0,v6_pair_dc983160dd_1.mp4,en,rav02,ang,AV_pair,L:R|R:H,H_vs_R@strong,buttons,7,same,S0,,,,1537,0,0,0,,
P17,en,1,pair,25,0,0,0,v6_pair_5adfe6a4bd_2.mp4,en,rav20,fear,AV_pair,L:H|R:E,H_vs_E@normal,buttons,7,same,S0,,,,1078,0,0,0,,
P17,en,1,pair,26,0,0,0,v6_pair_53e6c4770b_1.mp4,en,rav14,hap,AV_pair,L:E|R:H,H_vs_E@strong,buttons,7,right,R2,,,,1724,0,0,0,,
P17,en,1,pair,27,0,0,0,v6_pair_d3f0adc106_2.mp4,en,rav10,fear,AV_pair,L:H|R:R,H_vs_R@strong,buttons,7,same,S0,,,,2751,0,0,0,,
P17,en,1,pair,28,0,0,0,v6_pair_4a472014db_1.mp4,en,rav06,ang,AV_pair,L:E|R:H,H_vs_E@strong,buttons,7,right,R2,,,,1036,0,0,0,,
P17,en,1,pair,29,0,0,0,v6_pair_d81bffa4be_2.mp4,en,rav02,ang,AV_pair,L:H|R:E,H_vs_E@strong,buttons,7,left,L2,,,,1288,0,0,0,,
P17,en,1,pair,30,0,0,0,v6_pair_db8f08e27f_1.mp4,en,rav10,fear,AV_pair,L:E|R:H,H_vs_E@normal,buttons,7,same,S0,,,,1120,0,0,0,,
P17,en,1,pair,31,0,0,0,v6_pair_97e6c7f1ce_1.mp4,en,rav18,dis,AV_pair,L:E|R:H,H_vs_E@normal,buttons,7,right,R2,,,,4415,0,0,0,,
P17,en,1,pair,32,0,0,0,v6_pair_faec1498b7_1.mp4,en,rav08,ang,AV_pair,L:R|R:H,H_vs_R@strong,buttons,7,left,L2,,,,1231,0,0,0,,
P17,en,1,pair,33,0,0,0,v6_pair_7697f115bc_2.mp4,en,rav12,fear,AV_pair,L:H|R:E,H_vs_E@strong,buttons,7,right,R1,,,,2252,0,0,0,,
P17,en,1,pair,34,0,0,0,v6_pair_58bfd0c96b_2.mp4,en,rav24,dis,AV_pair,L:H|R:R,H_vs_R@strong,buttons,7,same,S0,,,,1203,0,0,0,,
P17,en,1,pair,35,0,0,0,v6_pair_0a26430948_2.mp4,en,rav04,hap,AV_pair,L:H|R:E,H_vs_E@normal,buttons,7,left,L2,,,,1026,0,0,0,,
P17,en,1,pair,36,0,0,0,v6_pair_6f570415b8_1.mp4,en,rav12,fear,AV_pair,L:R|R:H,H_vs_R@strong,buttons,7,left,L2,,,,1418,0,0,0,,
P17,en,1,pair,37,0,0,0,v6_pair_69a37819e2_1.mp4,en,rav10,fear,AV_pair,L:E|R:H,H_vs_E@strong,buttons,7,left,L2,,,,1387,0,0,0,,
P17,en,1,pair_catch,38,0,1,0,v6_catch_6f7a8a44b1_2.mp4,en,rav10,hap,AV_pair,L:still|R:H,correct:right,buttons,2,right,right,,,,2401,0,0,0,1,1
P17,en,1,pair,39,0,0,0,v6_pair_f5403c44bd_1.mp4,en,rav16,hap,AV_pair,L:R|R:H,H_vs_R@strong,buttons,7,right,R2,,,,1285,0,0,0,,
P17,en,1,pair,40,0,0,0,v6_pair_7ef69736a7_2.mp4,en,rav18,dis,AV_pair,L:H|R:R,H_vs_R@strong,buttons,7,left,L2,,,,1517,0,0,0,,
P17,en,1,pair,41,0,0,0,v6_pair_3961b3142e_2.mp4,en,rav20,fear,AV_pair,L:H|R:E,H_vs_E@strong,buttons,7,same,S0,,,,987,0,0,0,,
P17,en,1,pair,42,0,0,0,v6_pair_33e30e2c1d_1.mp4,en,rav02,dis,AV_pair,L:E|R:H,H_vs_E@normal,buttons,7,same,S0,,,,782,0,0,0,,
P17,en,1,pair,43,0,0,0,v6_pair_23d7c570a2_2.mp4,en,rav04,hap,AV_pair,L:H|R:E,H_vs_E@strong,buttons,7,left,L2,,,,811,0,0,0,,
P17,en,1,pair,44,0,0,0,v6_pair_3b7f4443aa_2.mp4,en,rav12,fear,AV_pair,L:H|R:E,H_vs_E@normal,buttons,7,left,L2,,,,1086,0,0,0,,
P17,en,1,pair_ml,45,0,0,0,v6_pair_ml_44c920798b_1.mp4,en,en_ang_short_sentence,ang,AV_pair,L:E|R:L,L_vs_E@en,buttons,7,same,S0,,,,1919,0,0,0,,
P17,en,1,pair_ml,46,0,0,0,v6_pair_ml_9b2f256f7d_1.mp4,cn,0002_000838,hap,AV_pair,L:E|R:L,L_vs_E@cn,buttons,7,same,S0,,,,28422,0,0,0,,
P17,en,1,pair_ml,47,0,0,0,v6_pair_ml_0bc71a1be9_1.mp4,jp,jp_ang_short_sentence,ang,AV_pair,L:Lrev|R:L,L_vs_Lrev@jp,buttons,7,left,L2,,,,2153,0,0,0,,
P17,en,1,pair_ml,48,0,0,0,v6_pair_ml_f26827db2f_2.mp4,en,en_hap_short_sentence,hap,AV_pair,L:L|R:E,L_vs_E@en,buttons,7,right,R1,,,,1706,0,0,0,,
P17,en,1,pair_ml,49,0,0,0,v6_pair_ml_7e3e5bb20d_2.mp4,cn,0002_000488,ang,AV_pair,L:L|R:E,L_vs_E@cn,buttons,7,right,R2,,,,1188,0,0,0,,
P17,en,1,pair_ml,50,0,0,0,v6_pair_ml_afa28cd8ae_1.mp4,jp,jp_hap_short_sentence,hap,AV_pair,L:E|R:L,L_vs_E@jp,buttons,7,right,R2,,,,1230,0,0,0,,
P17,en,1,pair_ml,51,0,0,0,v6_pair_ml_d6dd46665d_1.mp4,cn,0002_001188,sad,AV_pair,L:Lrev|R:L,L_vs_Lrev@cn,buttons,7,same,S0,,,,1620,0,0,0,,
P17,en,1,pair_ml,52,0,0,0,v6_pair_ml_d921b78eb4_2.mp4,jp,jp_ang_short_sentence,ang,AV_pair,L:L|R:E,L_vs_E@jp,buttons,7,right,R2,,,,1253,0,0,0,,
P17,en,1,pair_ml,53,0,0,0,v6_pair_ml_98df03baec_1.mp4,en,en_sad_short_sentence,sad,AV_pair,L:E|R:L,L_vs_E@en,buttons,7,right,R1,,,,2106,0,0,0,,
P17,en,1,pair_ml,54,0,0,0,v6_pair_ml_c4711cd80a_1.mp4,cn,0002_000488,ang,AV_pair,L:Lrev|R:L,L_vs_Lrev@cn,buttons,7,right,R2,,,,1301,0,0,0,,
P17,en,1,pair_ml,55,0,0,0,v6_pair_ml_1780ae57a3_1.mp4,jp,jp_sad_short_sentence,sad,AV_pair,L:Lrev|R:L,L_vs_Lrev@jp,buttons,7,left,L2,,,,1437,0,0,0,,
P17,en,1,pair_ml,56,0,0,0,v6_pair_ml_97c8810aa2_1.mp4,en,en_hap_short_sentence,hap,AV_pair,L:Lrev|R:L,L_vs_Lrev@en,buttons,7,same,S0,,,,1753,0,0,0,,
P17,en,1,pair_ml,57,0,0,0,v6_pair_ml_4fc1e0e0d1_2.mp4,jp,jp_sad_short_sentence,sad,AV_pair,L:L|R:E,L_vs_E@jp,buttons,7,same,S0,,,,1568,0,0,0,,
P17,en,1,pair_ml,58,0,0,0,v6_pair_ml_a717ea56f4_2.mp4,cn,0002_000838,hap,AV_pair,L:L|R:Lrev,L_vs_Lrev@cn,buttons,7,left,L2,,,,1449,0,0,0,,
P17,en,1,pair_ml,59,0,0,0,v6_pair_ml_e5fa8f451a_2.mp4,en,en_ang_short_sentence,ang,AV_pair,L:L|R:Lrev,L_vs_Lrev@en,buttons,7,same,S0,,,,1473,0,0,0,,
P17,en,1,pair_ml,60,0,0,0,v6_pair_ml_d5ab099d51_2.mp4,cn,0002_001188,sad,AV_pair,L:L|R:E,L_vs_E@cn,buttons,7,right,R2,,,,1518,0,0,0,,
P17,en,1,pair_ml,61,0,0,0,v6_pair_ml_c3519312c6_2.mp4,jp,jp_hap_short_sentence,hap,AV_pair,L:L|R:Lrev,L_vs_Lrev@jp,buttons,7,same,S0,,,,3346,0,0,0,,
P17,en,1,pair_ml,62,0,0,0,v6_pair_ml_506942a631_2.mp4,en,en_sad_short_sentence,sad,AV_pair,L:L|R:Lrev,L_vs_Lrev@en,buttons,7,same,S0,,,,1382,0,0,0,,
P17,en,1,pair_mute,63,0,0,0,v6_pair_mute_250e7890e4_1.mp4,en,rav20,fear,AV_pair,L:E|R:H,mute:H_vs_E@strong,buttons,7,same,S0,,,,2687,1,0,0,,
P17,en,1,pair_mute,64,0,0,0,v6_pair_mute_30ad4160ab_2.mp4,en,rav18,dis,AV_pair,L:H|R:E,mute:H_vs_E@strong,buttons,7,left,L1,,,,1151,0,0,0,,
P17,en,1,pair_mute,65,0,0,0,v6_pair_mute_39140f1f71_2.mp4,en,rav04,hap,AV_pair,L:H|R:E,mute:H_vs_E@strong,buttons,7,left,L1,,,,1088,0,0,0,,
P17,en,1,pair_mute,66,0,0,0,v6_pair_mute_555cc59e4b_2.mp4,en,rav10,fear,AV_pair,L:H|R:E,mute:H_vs_E@strong,buttons,7,left,L2,,,,1619,0,0,0,,
P17,en,1,pair_mute,67,0,0,0,v6_pair_mute_3b6fa3b207_1.mp4,en,rav16,hap,AV_pair,L:E|R:H,mute:H_vs_E@strong,buttons,7,right,R2,,,,1094,0,0,0,,
P17,en,1,pair_mute,68,0,0,0,v6_pair_mute_005d45f10b_1.mp4,en,rav06,ang,AV_pair,L:E|R:H,mute:H_vs_E@strong,buttons,7,right,R2,,,,903,0,0,0,,
P17,en,1,voice_only,69,0,0,0,v6_voice_7642129e05_1.mp4,en,rav12,fear,voice_only,voice:normal,voice_check,buttons,7,,neu,,,,3670,1,0,0,0,
P17,en,1,voice_only,70,0,0,0,v6_voice_5daeb1533f_1.mp4,en,rav04,hap,voice_only,voice:strong,voice_check,buttons,7,,hap,6,,,1906,0,0,0,1,
P17,en,1,voice_only,71,0,0,0,v6_voice_a66c973128_1.mp4,en,rav06,ang,voice_only,voice:normal,voice_check,buttons,7,,ang,4,,,1193,0,0,0,1,
P17,en,1,voice_only,72,0,0,0,v6_voice_70e2096718_1.mp4,en,rav20,fear,voice_only,voice:strong,voice_check,buttons,7,,fear,5,,,2790,0,0,0,1,
P17,en,1,voice_only,73,0,0,0,v6_voice_50a83a8476_1.mp4,en,rav18,dis,voice_only,voice:normal,voice_check,buttons,7,,dis,5,,,2004,0,0,0,1,
P17,en,1,voice_only,74,0,0,0,v6_voice_08aabec890_1.mp4,en,rav06,ang,voice_only,voice:strong,voice_check,buttons,7,,ang,5,,,2952,0,0,0,1,
P17,en,1,voice_only,75,0,0,0,v6_voice_214566cf57_1.mp4,en,rav14,hap,voice_only,voice:normal,voice_check,buttons,7,,hap,5,,,1208,0,0,0,1,
P17,en,1,voice_only,76,0,0,0,v6_voice_aaea5d0aab_1.mp4,en,rav12,fear,voice_only,voice:strong,voice_check,buttons,7,,fear,5,,,3745,0,0,0,1,
P17,en,1,voice_only,77,0,0,0,v6_voice_cd8f85d3b2_1.mp4,en,rav04,hap,voice_only,voice:normal,voice_check,buttons,7,,neu,,,,2958,0,0,0,0,
P17,en,1,voice_only,78,0,0,0,v6_voice_b0cfac7f4c_1.mp4,en,rav18,dis,voice_only,voice:strong,voice_check,buttons,7,,sad,4,,,1632,0,0,0,0,
P17,en,1,voice_only,79,0,0,0,v6_voice_fb11565c01_1.mp4,en,rav20,fear,voice_only,voice:normal,voice_check,buttons,7,,sad,6,,,1426,0,0,0,0,
P17,en,1,voice_only,80,0,0,0,v6_voice_17e973c755_1.mp4,en,rav14,hap,voice_only,voice:strong,voice_check,buttons,7,,ang,4,,,8525,0,0,0,0,
P18,en,1,single,0,0,0,0,v6_single_24bf624e7d_3.mp4,en,rav16,hap,AV,,,buttons,7,,hap,6,3,,3784,0,0,0,1,
P18,en,1,single,1,0,0,0,v6_single_739783e84d_2.mp4,en,rav10,fear,AV,,,buttons,7,,fear,6,4,,2501,0,0,0,1,
P18,en,1,single,2,0,0,0,v6_single_a721e1869f_1.mp4,en,rav18,dis,AV,,,buttons,7,,dis,5,4,,3107,0,0,0,1,
P18,en,1,single,3,0,0,0,v6_single_76ee15a092_3.mp4,en,rav04,hap,AV,,,buttons,7,,hap,5,5,,3356,0,0,0,1,
P18,en,1,single,4,0,0,0,v6_single_7b8afe562a_1.mp4,en,rav06,ang,AV,,,buttons,7,,ang,6,6,,1637,0,0,0,1,
P18,en,1,single,5,0,0,0,v6_single_802ffa53c5_2.mp4,en,rav20,fear,AV,,,buttons,7,,sad,6,5,,1243,0,0,0,0,
P18,en,1,practice,6,1,0,0,v6_practice_cd0abf6ffd_1.mp4,en,rav22,ang,AV_pair,L:E|R:H,practice:H_vs_E@strong,buttons,7,right,R1,,,,10319,0,0,0,,
P18,en,1,practice,7,1,0,0,v6_practice_85af89ed95_2.mp4,en,rav10,hap,AV_pair,L:H|R:E,practice:H_vs_E@strong,buttons,7,right,R1,,,,3145,0,0,0,,
P18,en,1,pair,8,0,0,0,v6_pair_3961b3142e_1.mp4,en,rav20,fear,AV_pair,L:E|R:H,H_vs_E@strong,buttons,7,same,S0,,,,1502,0,0,0,,
P18,en,1,pair,9,0,0,0,v6_pair_417168a67a_2.mp4,en,rav20,fear,AV_pair,L:H|R:R,H_vs_R@strong,buttons,7,same,S0,,,,4801,0,0,0,,
P18,en,1,pair,10,0,0,0,v6_pair_db8f08e27f_2.mp4,en,rav10,fear,AV_pair,L:H|R:E,H_vs_E@normal,buttons,7,right,R1,,,,1610,0,0,0,,
P18,en,1,pair,11,0,0,0,v6_pair_dc983160dd_2.mp4,en,rav02,ang,AV_pair,L:H|R:R,H_vs_R@strong,buttons,7,right,R1,,,,1047,0,0,0,,
P18,en,1,pair,12,0,0,0,v6_pair_93629a9394_1.mp4,en,rav06,ang,AV_pair,L:R|R:H,H_vs_R@strong,buttons,7,left,L2,,,,2869,0,0,0,,
P18,en,1,pair,13,0,0,0,v6_pair_5caed2de25_2.mp4,en,rav06,ang,AV_pair,L:H|R:E,H_vs_E@normal,buttons,7,right,R2,,,,1781,0,0,0,,
P18,en,1,pair,14,0,0,0,v6_pair_23d7c570a2_1.mp4,en,rav04,hap,AV_pair,L:E|R:H,H_vs_E@strong,buttons,7,right,R2,,,,1329,0,0,0,,
P18,en,1,pair,15,0,0,0,v6_pair_7ef69736a7_1.mp4,en,rav18,dis,AV_pair,L:R|R:H,H_vs_R@strong,buttons,7,right,R2,,,,3020,0,0,0,,
P18,en,1,pair,16,0,0,0,v6_pair_53e6c4770b_2.mp4,en,rav14,hap,AV_pair,L:H|R:E,H_vs_E@strong,buttons,7,left,L2,,,,2002,0,0,0,,
P18,en,1,pair,17,0,0,0,v6_pair_33e30e2c1d_2.mp4,en,rav02,dis,AV_pair,L:H|R:E,H_vs_E@normal,buttons,7,right,R1,,,,4792,0,0,0,,
P18,en,1,pair,18,0,0,0,v6_pair_d3f0adc106_1.mp4,en,rav10,fear,AV_pair,L:R|R:H,H_vs_R@strong,buttons,7,right,R2,,,,1325,0,0,0,,
P18,en,1,pair,19,0,0,0,v6_pair_66fc12fdc8_2.mp4,en,rav14,hap,AV_pair,L:H|R:E,H_vs_E@normal,buttons,7,right,R3,,,,1516,0,0,0,,
P18,en,1,pair,20,0,0,0,v6_pair_6f570415b8_2.mp4,en,rav12,fear,AV_pair,L:H|R:R,H_vs_R@strong,buttons,7,left,L2,,,,2816,0,0,0,,
P18,en,1,pair,21,0,0,0,v6_pair_c12bac8692_1.mp4,en,rav08,ang,AV_pair,L:E|R:H,H_vs_E@strong,buttons,7,right,R2,,,,3801,0,0,0,,
P18,en,1,pair,22,0,0,0,v6_pair_97e6c7f1ce_2.mp4,en,rav18,dis,AV_pair,L:H|R:E,H_vs_E@normal,buttons,7,same,S0,,,,2126,0,0,0,,
P18,en,1,pair,23,0,0,0,v6_pair_c38e9eb491_2.mp4,en,rav18,dis,AV_pair,L:H|R:E,H_vs_E@strong,buttons,7,right,R1,,,,2267,0,0,0,,
P18,en,1,pair,24,0,0,0,v6_pair_a97dec2f4e_1.mp4,en,rav14,hap,AV_pair,L:R|R:H,H_vs_R@strong,buttons,7,right,R3,,,,2490,0,0,0,,
P18,en,1,pair_catch,25,0,1,0,v6_catch_6f7a8a44b1_1.mp4,en,rav10,hap,AV_pair,L:H|R:still,correct:left,buttons,2,left,left,,,,17802,0,0,0,1,1
P18,en,1,pair,26,0,0,0,v6_pair_87b373e751_1.mp4,en,rav16,hap,AV_pair,L:E|R:H,H_vs_E@strong,buttons,7,right,R2,,,,1998,0,0,0,,
P18,en,1,pair,27,0,0,0,v6_pair_5adfe6a4bd_1.mp4,en,rav20,fear,AV_pair,L:E|R:H,H_vs_E@normal,buttons,7,same,S0,,,,10039,0,0,0,,
P18,en,1,pair,28,0,0,0,v6_pair_69a37819e2_2.mp4,en,rav10,fear,AV_pair,L:H|R:E,H_vs_E@strong,buttons,7,left,L2,,,,2014,0,0,0,,
P18,en,1,pair,29,0,0,0,v6_pair_1fc4717f31_1.mp4,en,rav16,hap,AV_pair,L:E|R:H,H_vs_E@normal,buttons,7,same,S0,,,,1284,0,0,0,,
P18,en,1,pair,30,0,0,0,v6_pair_0a26430948_1.mp4,en,rav04,hap,AV_pair,L:E|R:H,H_vs_E@normal,buttons,7,left,L3,,,,2132,0,0,0,,
P18,en,1,pair,31,0,0,0,v6_pair_e5c0cf4a07_2.mp4,en,rav04,hap,AV_pair,L:H|R:R,H_vs_R@strong,buttons,7,same,S0,,,,2037,0,0,0,,
P18,en,1,pair,32,0,0,0,v6_pair_fb8e3dd060_1.mp4,en,rav08,ang,AV_pair,L:E|R:H,H_vs_E@normal,buttons,7,left,L3,,,,1556,0,0,0,,
P18,en,1,pair,33,0,0,0,v6_pair_0c8482b715_1.mp4,en,rav02,ang,AV_pair,L:E|R:H,H_vs_E@normal,buttons,7,same,S0,,,,1044,0,0,0,,
P18,en,1,pair,34,0,0,0,v6_pair_d81bffa4be_1.mp4,en,rav02,ang,AV_pair,L:E|R:H,H_vs_E@strong,buttons,7,same,S0,,,,1284,0,0,0,,
P18,en,1,pair,35,0,0,0,v6_pair_faec1498b7_2.mp4,en,rav08,ang,AV_pair,L:H|R:R,H_vs_R@strong,buttons,7,left,L2,,,,1766,0,0,0,,
P18,en,1,pair,36,0,0,0,v6_pair_13ae59e46d_2.mp4,en,rav02,dis,AV_pair,L:H|R:E,H_vs_E@strong,buttons,7,same,S0,,,,2324,0,0,0,,
P18,en,1,pair,37,0,0,0,v6_pair_3b7f4443aa_1.mp4,en,rav12,fear,AV_pair,L:E|R:H,H_vs_E@normal,buttons,7,left,L1,,,,1624,0,0,0,,
P18,en,1,pair,38,0,0,0,v6_pair_f5403c44bd_2.mp4,en,rav16,hap,AV_pair,L:H|R:R,H_vs_R@strong,buttons,7,same,S0,,,,1247,0,0,0,,
P18,en,1,pair,39,0,0,0,v6_pair_4a472014db_2.mp4,en,rav06,ang,AV_pair,L:H|R:E,H_vs_E@strong,buttons,7,left,L3,,,,1489,0,0,0,,
P18,en,1,pair,40,0,0,0,v6_pair_58bfd0c96b_1.mp4,en,rav24,dis,AV_pair,L:R|R:H,H_vs_R@strong,buttons,7,left,L3,,,,1000,0,0,0,,
P18,en,1,pair,41,0,0,0,v6_pair_8073668068_1.mp4,en,rav02,dis,AV_pair,L:R|R:H,H_vs_R@strong,buttons,7,same,S0,,,,1559,0,0,0,,
P18,en,1,pair,42,0,0,0,v6_pair_e86b22f765_2.mp4,en,rav24,dis,AV_pair,L:H|R:E,H_vs_E@normal,buttons,7,left,L3,,,,1823,0,0,0,,
P18,en,1,pair,43,0,0,0,v6_pair_0c7d060d5f_2.mp4,en,rav24,dis,AV_pair,L:H|R:E,H_vs_E@strong,buttons,7,right,R2,,,,1343,0,0,0,,
P18,en,1,pair,44,0,0,0,v6_pair_7697f115bc_1.mp4,en,rav12,fear,AV_pair,L:E|R:H,H_vs_E@strong,buttons,7,left,L3,,,,2156,0,0,0,,
P18,en,1,pair_ml,45,0,0,0,v6_pair_ml_98df03baec_2.mp4,en,en_sad_short_sentence,sad,AV_pair,L:L|R:E,L_vs_E@en,buttons,7,right,R3,,,,1017,1,0,0,,
P18,en,1,pair_ml,46,0,0,0,v6_pair_ml_7e3e5bb20d_1.mp4,cn,0002_000488,ang,AV_pair,L:E|R:L,L_vs_E@cn,buttons,7,right,R3,,,,1262,1,0,0,,
P18,en,1,pair_ml,47,0,0,0,v6_pair_ml_c3519312c6_1.mp4,jp,jp_hap_short_sentence,hap,AV_pair,L:Lrev|R:L,L_vs_Lrev@jp,buttons,7,right,R2,,,,1463,0,0,0,,
P18,en,1,pair_ml,48,0,0,0,v6_pair_ml_d6dd46665d_2.mp4,cn,0002_001188,sad,AV_pair,L:L|R:Lrev,L_vs_Lrev@cn,buttons,7,left,L1,,,,1645,0,0,0,,
P18,en,1,pair_ml,49,0,0,0,v6_pair_ml_afa28cd8ae_2.mp4,jp,jp_hap_short_sentence,hap,AV_pair,L:L|R:E,L_vs_E@jp,buttons,7,same,S0,,,,1287,0,0,0,,
P18,en,1,pair_ml,50,0,0,0,v6_pair_ml_44c920798b_2.mp4,en,en_ang_short_sentence,ang,AV_pair,L:L|R:E,L_vs_E@en,buttons,7,same,S0,,,,999,0,0,0,,
P18,en,1,pair_ml,51,0,0,0,v6_pair_ml_d5ab099d51_1.mp4,cn,0002_001188,sad,AV_pair,L:E|R:L,L_vs_E@cn,buttons,7,same,S0,,,,632,0,0,0,,
P18,en,1,pair_ml,52,0,0,0,v6_pair_ml_e5fa8f451a_1.mp4,en,en_ang_short_sentence,ang,AV_pair,L:Lrev|R:L,L_vs_Lrev@en,buttons,7,same,S0,,,,989,0,0,0,,
P18,en,1,pair_ml,53,0,0,0,v6_pair_ml_a717ea56f4_1.mp4,cn,0002_000838,hap,AV_pair,L:Lrev|R:L,L_vs_Lrev@cn,buttons,7,left,L3,,,,1300,0,0,0,,
P18,en,1,pair_ml,54,0,0,0,v6_pair_ml_0bc71a1be9_2.mp4,jp,jp_ang_short_sentence,ang,AV_pair,L:L|R:Lrev,L_vs_Lrev@jp,buttons,7,left,L3,,,,837,0,0,0,,
P18,en,1,pair_ml,55,0,0,0,v6_pair_ml_9b2f256f7d_2.mp4,cn,0002_000838,hap,AV_pair,L:L|R:E,L_vs_E@cn,buttons,7,right,R3,,,,1410,0,0,0,,
P18,en,1,pair_ml,56,0,0,0,v6_pair_ml_1780ae57a3_2.mp4,jp,jp_sad_short_sentence,sad,AV_pair,L:L|R:Lrev,L_vs_Lrev@jp,buttons,7,left,L3,,,,1647,0,0,0,,
P18,en,1,pair_ml,57,0,0,0,v6_pair_ml_97c8810aa2_2.mp4,en,en_hap_short_sentence,hap,AV_pair,L:L|R:Lrev,L_vs_Lrev@en,buttons,7,same,S0,,,,3861,2,0,0,,
P18,en,1,pair_ml,58,0,0,0,v6_pair_ml_c4711cd80a_2.mp4,cn,0002_000488,ang,AV_pair,L:L|R:Lrev,L_vs_Lrev@cn,buttons,7,right,R3,,,,1275,1,0,0,,
P18,en,1,pair_ml,59,0,0,0,v6_pair_ml_506942a631_1.mp4,en,en_sad_short_sentence,sad,AV_pair,L:Lrev|R:L,L_vs_Lrev@en,buttons,7,left,L2,,,,1744,1,2,1,,
P18,en,1,pair_ml,60,0,0,0,v6_pair_ml_d921b78eb4_1.mp4,jp,jp_ang_short_sentence,ang,AV_pair,L:E|R:L,L_vs_E@jp,buttons,7,left,L2,,,,1253,0,0,0,,
P18,en,1,pair_ml,61,0,0,0,v6_pair_ml_f26827db2f_1.mp4,en,en_hap_short_sentence,hap,AV_pair,L:E|R:L,L_vs_E@en,buttons,7,same,S0,,,,1138,0,0,0,,
P18,en,1,pair_ml,62,0,0,0,v6_pair_ml_4fc1e0e0d1_1.mp4,jp,jp_sad_short_sentence,sad,AV_pair,L:E|R:L,L_vs_E@jp,buttons,7,left,L3,,,,1097,1,0,0,,
P18,en,1,pair_mute,63,0,0,0,v6_pair_mute_250e7890e4_2.mp4,en,rav20,fear,AV_pair,L:H|R:E,mute:H_vs_E@strong,buttons,7,right,R2,,,,1782,1,0,0,,
P18,en,1,pair_mute,64,0,0,0,v6_pair_mute_39140f1f71_1.mp4,en,rav04,hap,AV_pair,L:E|R:H,mute:H_vs_E@strong,buttons,7,left,L2,,,,2075,0,0,0,,
P18,en,1,pair_mute,65,0,0,0,v6_pair_mute_555cc59e4b_1.mp4,en,rav10,fear,AV_pair,L:E|R:H,mute:H_vs_E@strong,buttons,7,right,R2,,,,1973,0,0,0,,
P18,en,1,pair_mute,66,0,0,0,v6_pair_mute_30ad4160ab_1.mp4,en,rav18,dis,AV_pair,L:E|R:H,mute:H_vs_E@strong,buttons,7,left,L2,,,,1427,0,0,0,,
P18,en,1,pair_mute,67,0,0,0,v6_pair_mute_3b6fa3b207_2.mp4,en,rav16,hap,AV_pair,L:H|R:E,mute:H_vs_E@strong,buttons,7,same,S0,,,,2262,0,0,0,,
P18,en,1,pair_mute,68,0,0,0,v6_pair_mute_005d45f10b_2.mp4,en,rav06,ang,AV_pair,L:H|R:E,mute:H_vs_E@strong,buttons,7,right,R3,,,,1435,1,0,0,,
P18,en,1,voice_only,69,0,0,0,v6_voice_70e2096718_1.mp4,en,rav20,fear,voice_only,voice:strong,voice_check,buttons,7,,fear,7,,,10816,0,0,0,1,
P18,en,1,voice_only,70,0,0,0,v6_voice_cd8f85d3b2_1.mp4,en,rav04,hap,voice_only,voice:normal,voice_check,buttons,7,,neu,,,,1163,0,0,0,0,
P18,en,1,voice_only,71,0,0,0,v6_voice_aaea5d0aab_1.mp4,en,rav12,fear,voice_only,voice:strong,voice_check,buttons,7,,fear,5,,,3362,0,0,0,1,
P18,en,1,voice_only,72,0,0,0,v6_voice_50a83a8476_1.mp4,en,rav18,dis,voice_only,voice:normal,voice_check,buttons,7,,dis,7,,,977,0,0,0,1,
P18,en,1,voice_only,73,0,0,0,v6_voice_17e973c755_1.mp4,en,rav14,hap,voice_only,voice:strong,voice_check,buttons,7,,sad,6,,,1881,0,0,0,0,
P18,en,1,voice_only,74,0,0,0,v6_voice_a66c973128_1.mp4,en,rav06,ang,voice_only,voice:normal,voice_check,buttons,7,,ang,5,,,4650,0,0,0,1,
P18,en,1,voice_only,75,0,0,0,v6_voice_5daeb1533f_1.mp4,en,rav04,hap,voice_only,voice:strong,voice_check,buttons,7,,sur,7,,,1427,0,0,0,0,
P18,en,1,voice_only,76,0,0,0,v6_voice_7642129e05_1.mp4,en,rav12,fear,voice_only,voice:normal,voice_check,buttons,7,,sad,5,,,1437,0,0,0,0,
P18,en,1,voice_only,77,0,0,0,v6_voice_b0cfac7f4c_1.mp4,en,rav18,dis,voice_only,voice:strong,voice_check,buttons,7,,dis,6,,,1016,0,0,0,1,
P18,en,1,voice_only,78,0,0,0,v6_voice_214566cf57_1.mp4,en,rav14,hap,voice_only,voice:normal,voice_check,buttons,7,,hap,5,,,2976,0,0,0,1,
P18,en,1,voice_only,79,0,0,0,v6_voice_08aabec890_1.mp4,en,rav06,ang,voice_only,voice:strong,voice_check,buttons,7,,ang,7,,,1044,0,0,0,1,
P18,en,1,voice_only,80,0,0,0,v6_voice_fb11565c01_1.mp4,en,rav20,fear,voice_only,voice:normal,voice_check,buttons,7,,fear,6,,,2389,0,0,0,1,
P19,en,1,single,0,0,0,0,v6_single_739783e84d_2.mp4,en,rav10,fear,AV,,,buttons,7,,fear,4,4,,6038,0,0,0,1,
P19,en,1,single,1,0,0,0,v6_single_24bf624e7d_3.mp4,en,rav16,hap,AV,,,buttons,7,,hap,6,6,,2641,0,0,0,1,
P19,en,1,single,2,0,0,0,v6_single_a721e1869f_1.mp4,en,rav18,dis,AV,,,buttons,7,,dis,4,5,,3053,0,0,0,1,
P19,en,1,single,3,0,0,0,v6_single_76ee15a092_3.mp4,en,rav04,hap,AV,,,buttons,7,,sur,5,5,,3053,0,0,0,0,
P19,en,1,single,4,0,0,0,v6_single_7b8afe562a_1.mp4,en,rav06,ang,AV,,,buttons,7,,ang,4,5,,1175,0,0,0,1,
P19,en,1,single,5,0,0,0,v6_single_802ffa53c5_2.mp4,en,rav20,fear,AV,,,buttons,7,,fear,5,5,,1996,0,0,0,1,
P19,en,1,practice,6,1,0,0,v6_practice_cd0abf6ffd_2.mp4,en,rav22,ang,AV_pair,L:H|R:E,practice:H_vs_E@strong,buttons,7,left,L1,,,,4153,0,0,0,,
P19,en,1,practice,7,1,0,0,v6_practice_85af89ed95_1.mp4,en,rav10,hap,AV_pair,L:E|R:H,practice:H_vs_E@strong,buttons,7,same,S0,,,,1459,0,0,0,,
P19,en,1,pair,8,0,0,0,v6_pair_8073668068_2.mp4,en,rav02,dis,AV_pair,L:H|R:R,H_vs_R@strong,buttons,7,left,L1,,,,1997,0,0,0,,
P19,en,1,pair,9,0,0,0,v6_pair_33e30e2c1d_1.mp4,en,rav02,dis,AV_pair,L:E|R:H,H_vs_E@normal,buttons,7,left,L1,,,,2032,0,0,0,,
P19,en,1,pair,10,0,0,0,v6_pair_69a37819e2_1.mp4,en,rav10,fear,AV_pair,L:E|R:H,H_vs_E@strong,buttons,7,right,R1,,,,1106,0,0,0,,
P19,en,1,pair,11,0,0,0,v6_pair_5caed2de25_1.mp4,en,rav06,ang,AV_pair,L:E|R:H,H_vs_E@normal,buttons,7,same,S0,,,,1109,0,0,0,,
P19,en,1,pair,12,0,0,0,v6_pair_c12bac8692_2.mp4,en,rav08,ang,AV_pair,L:H|R:E,H_vs_E@strong,buttons,7,right,R1,,,,1385,0,0,0,,
P19,en,1,pair_catch,13,0,1,0,v6_catch_6f7a8a44b1_2.mp4,en,rav10,hap,AV_pair,L:still|R:H,correct:right,buttons,2,right,right,,,,3183,0,0,0,1,1
P19,en,1,pair,14,0,0,0,v6_pair_d81bffa4be_2.mp4,en,rav02,ang,AV_pair,L:H|R:E,H_vs_E@strong,buttons,7,same,S0,,,,814,0,0,0,,
P19,en,1,pair,15,0,0,0,v6_pair_13ae59e46d_1.mp4,en,rav02,dis,AV_pair,L:E|R:H,H_vs_E@strong,buttons,7,same,S0,,,,2290,0,0,0,,
P19,en,1,pair,16,0,0,0,v6_pair_db8f08e27f_1.mp4,en,rav10,fear,AV_pair,L:E|R:H,H_vs_E@normal,buttons,7,right,R2,,,,1748,0,0,0,,
P19,en,1,pair,17,0,0,0,v6_pair_0c7d060d5f_1.mp4,en,rav24,dis,AV_pair,L:E|R:H,H_vs_E@strong,buttons,7,right,R1,,,,600,0,0,0,,
P19,en,1,pair,18,0,0,0,v6_pair_e5c0cf4a07_1.mp4,en,rav04,hap,AV_pair,L:R|R:H,H_vs_R@strong,buttons,7,right,R1,,,,1273,0,0,0,,
P19,en,1,pair,19,0,0,0,v6_pair_7697f115bc_2.mp4,en,rav12,fear,AV_pair,L:H|R:E,H_vs_E@strong,buttons,7,right,R1,,,,1415,0,0,0,,
P19,en,1,pair,20,0,0,0,v6_pair_faec1498b7_1.mp4,en,rav08,ang,AV_pair,L:R|R:H,H_vs_R@strong,buttons,7,left,L1,,,,1682,0,0,0,,
P19,en,1,pair,21,0,0,0,v6_pair_93629a9394_2.mp4,en,rav06,ang,AV_pair,L:H|R:R,H_vs_R@strong,buttons,7,right,R1,,,,962,0,0,0,,
P19,en,1,pair,22,0,0,0,v6_pair_d3f0adc106_2.mp4,en,rav10,fear,AV_pair,L:H|R:R,H_vs_R@strong,buttons,7,left,L1,,,,924,0,0,0,,
P19,en,1,pair,23,0,0,0,v6_pair_fb8e3dd060_2.mp4,en,rav08,ang,AV_pair,L:H|R:E,H_vs_E@normal,buttons,7,right,R1,,,,1662,0,0,0,,
P19,en,1,pair,24,0,0,0,v6_pair_5adfe6a4bd_2.mp4,en,rav20,fear,AV_pair,L:H|R:E,H_vs_E@normal,buttons,7,same,S0,,,,639,0,0,0,,
P19,en,1,pair,25,0,0,0,v6_pair_417168a67a_1.mp4,en,rav20,fear,AV_pair,L:R|R:H,H_vs_R@strong,buttons,7,right,R1,,,,990,0,0,0,,
P19,en,1,pair,26,0,0,0,v6_pair_23d7c570a2_2.mp4,en,rav04,hap,AV_pair,L:H|R:E,H_vs_E@strong,buttons,7,left,L1,,,,1499,0,0,0,,
P19,en,1,pair,27,0,0,0,v6_pair_6f570415b8_1.mp4,en,rav12,fear,AV_pair,L:R|R:H,H_vs_R@strong,buttons,7,right,R1,,,,1116,0,0,0,,
P19,en,1,pair,28,0,0,0,v6_pair_1fc4717f31_2.mp4,en,rav16,hap,AV_pair,L:H|R:E,H_vs_E@normal,buttons,7,right,R2,,,,838,0,0,0,,
P19,en,1,pair,29,0,0,0,v6_pair_c38e9eb491_1.mp4,en,rav18,dis,AV_pair,L:E|R:H,H_vs_E@strong,buttons,7,left,L1,,,,725,0,0,0,,
P19,en,1,pair,30,0,0,0,v6_pair_58bfd0c96b_2.mp4,en,rav24,dis,AV_pair,L:H|R:R,H_vs_R@strong,buttons,7,right,R1,,,,512,0,0,0,,
P19,en,1,pair,31,0,0,0,v6_pair_a97dec2f4e_2.mp4,en,rav14,hap,AV_pair,L:H|R:R,H_vs_R@strong,buttons,7,same,S0,,,,490,0,0,0,,
P19,en,1,pair,32,0,0,0,v6_pair_4a472014db_1.mp4,en,rav06,ang,AV_pair,L:E|R:H,H_vs_E@strong,buttons,7,left,L1,,,,1049,0,0,0,,
P19,en,1,pair,33,0,0,0,v6_pair_97e6c7f1ce_1.mp4,en,rav18,dis,AV_pair,L:E|R:H,H_vs_E@normal,buttons,7,right,R1,,,,718,0,0,0,,
P19,en,1,pair,34,0,0,0,v6_pair_53e6c4770b_1.mp4,en,rav14,hap,AV_pair,L:E|R:H,H_vs_E@strong,buttons,7,same,S0,,,,1044,0,0,0,,
P19,en,1,pair,35,0,0,0,v6_pair_0a26430948_2.mp4,en,rav04,hap,AV_pair,L:H|R:E,H_vs_E@normal,buttons,7,right,R1,,,,1606,0,0,0,,
P19,en,1,pair,36,0,0,0,v6_pair_3b7f4443aa_2.mp4,en,rav12,fear,AV_pair,L:H|R:E,H_vs_E@normal,buttons,7,left,L1,,,,1582,0,0,0,,
P19,en,1,pair,37,0,0,0,v6_pair_f5403c44bd_1.mp4,en,rav16,hap,AV_pair,L:R|R:H,H_vs_R@strong,buttons,7,left,L1,,,,890,0,0,0,,
P19,en,1,pair,38,0,0,0,v6_pair_66fc12fdc8_1.mp4,en,rav14,hap,AV_pair,L:E|R:H,H_vs_E@normal,buttons,7,right,R1,,,,526,0,0,0,,
P19,en,1,pair,39,0,0,0,v6_pair_dc983160dd_1.mp4,en,rav02,ang,AV_pair,L:R|R:H,H_vs_R@strong,buttons,7,left,L1,,,,651,0,0,0,,
P19,en,1,pair,40,0,0,0,v6_pair_7ef69736a7_2.mp4,en,rav18,dis,AV_pair,L:H|R:R,H_vs_R@strong,buttons,7,same,S0,,,,1261,0,0,0,,
P19,en,1,pair,41,0,0,0,v6_pair_e86b22f765_1.mp4,en,rav24,dis,AV_pair,L:E|R:H,H_vs_E@normal,buttons,7,left,L1,,,,714,0,0,0,,
P19,en,1,pair,42,0,0,0,v6_pair_3961b3142e_2.mp4,en,rav20,fear,AV_pair,L:H|R:E,H_vs_E@strong,buttons,7,left,L2,,,,1164,0,0,0,,
P19,en,1,pair,43,0,0,0,v6_pair_0c8482b715_2.mp4,en,rav02,ang,AV_pair,L:H|R:E,H_vs_E@normal,buttons,7,same,S0,,,,995,0,0,0,,
P19,en,1,pair,44,0,0,0,v6_pair_87b373e751_2.mp4,en,rav16,hap,AV_pair,L:H|R:E,H_vs_E@strong,buttons,7,left,L1,,,,603,0,0,0,,
P19,en,1,pair_ml,45,0,0,0,v6_pair_ml_c4711cd80a_1.mp4,cn,0002_000488,ang,AV_pair,L:Lrev|R:L,L_vs_Lrev@cn,buttons,7,left,L1,,,,2525,0,0,0,,
P19,en,1,pair_ml,46,0,0,0,v6_pair_ml_98df03baec_1.mp4,en,en_sad_short_sentence,sad,AV_pair,L:E|R:L,L_vs_E@en,buttons,7,right,R3,,,,2483,0,0,0,,
P19,en,1,pair_ml,47,0,0,0,v6_pair_ml_d921b78eb4_2.mp4,jp,jp_ang_short_sentence,ang,AV_pair,L:L|R:E,L_vs_E@jp,buttons,7,right,R1,,,,2096,0,0,0,,
P19,en,1,pair_ml,48,0,0,0,v6_pair_ml_d5ab099d51_2.mp4,cn,0002_001188,sad,AV_pair,L:L|R:E,L_vs_E@cn,buttons,7,right,R2,,,,998,0,0,0,,
P19,en,1,pair_ml,49,0,0,0,v6_pair_ml_e5fa8f451a_2.mp4,en,en_ang_short_sentence,ang,AV_pair,L:L|R:Lrev,L_vs_Lrev@en,buttons,7,same,S0,,,,1403,0,0,0,,
P19,en,1,pair_ml,50,0,0,0,v6_pair_ml_4fc1e0e0d1_2.mp4,jp,jp_sad_short_sentence,sad,AV_pair,L:L|R:E,L_vs_E@jp,buttons,7,left,L1,,,,917,0,0,0,,
P19,en,1,pair_ml,51,0,0,0,v6_pair_ml_9b2f256f7d_1.mp4,cn,0002_000838,hap,AV_pair,L:E|R:L,L_vs_E@cn,buttons,7,right,R1,,,,920,0,0,0,,
P19,en,1,pair_ml,52,0,0,0,v6_pair_ml_44c920798b_1.mp4,en,en_ang_short_sentence,ang,AV_pair,L:E|R:L,L_vs_E@en,buttons,7,right,R2,,,,1724,0,0,0,,
P19,en,1,pair_ml,53,0,0,0,v6_pair_ml_c3519312c6_2.mp4,jp,jp_hap_short_sentence,hap,AV_pair,L:L|R:Lrev,L_vs_Lrev@jp,buttons,7,same,S0,,,,1394,0,0,0,,
P19,en,1,pair_ml,54,0,0,0,v6_pair_ml_7e3e5bb20d_2.mp4,cn,0002_000488,ang,AV_pair,L:L|R:E,L_vs_E@cn,buttons,7,right,R1,,,,950,0,0,0,,
P19,en,1,pair_ml,55,0,0,0,v6_pair_ml_506942a631_2.mp4,en,en_sad_short_sentence,sad,AV_pair,L:L|R:Lrev,L_vs_Lrev@en,buttons,7,same,S0,,,,1046,0,0,0,,
P19,en,1,pair_ml,56,0,0,0,v6_pair_ml_afa28cd8ae_1.mp4,jp,jp_hap_short_sentence,hap,AV_pair,L:E|R:L,L_vs_E@jp,buttons,7,left,L1,,,,1707,0,0,0,,
P19,en,1,pair_ml,57,0,0,0,v6_pair_ml_d6dd46665d_1.mp4,cn,0002_001188,sad,AV_pair,L:Lrev|R:L,L_vs_Lrev@cn,buttons,7,right,R1,,,,880,0,0,0,,
P19,en,1,pair_ml,58,0,0,0,v6_pair_ml_97c8810aa2_1.mp4,en,en_hap_short_sentence,hap,AV_pair,L:Lrev|R:L,L_vs_Lrev@en,buttons,7,right,R1,,,,1138,0,0,0,,
P19,en,1,pair_ml,59,0,0,0,v6_pair_ml_1780ae57a3_1.mp4,jp,jp_sad_short_sentence,sad,AV_pair,L:Lrev|R:L,L_vs_Lrev@jp,buttons,7,right,R1,,,,941,0,0,0,,
P19,en,1,pair_ml,60,0,0,0,v6_pair_ml_a717ea56f4_2.mp4,cn,0002_000838,hap,AV_pair,L:L|R:Lrev,L_vs_Lrev@cn,buttons,7,same,S0,,,,735,0,0,0,,
P19,en,1,pair_ml,61,0,0,0,v6_pair_ml_0bc71a1be9_1.mp4,jp,jp_ang_short_sentence,ang,AV_pair,L:Lrev|R:L,L_vs_Lrev@jp,buttons,7,right,R2,,,,687,0,0,0,,
P19,en,1,pair_ml,62,0,0,0,v6_pair_ml_f26827db2f_2.mp4,en,en_hap_short_sentence,hap,AV_pair,L:L|R:E,L_vs_E@en,buttons,7,right,R1,,,,798,0,0,0,,
P19,en,1,pair_mute,63,0,0,0,v6_pair_mute_005d45f10b_1.mp4,en,rav06,ang,AV_pair,L:E|R:H,mute:H_vs_E@strong,buttons,7,same,S0,,,,2897,0,0,0,,
P19,en,1,pair_mute,64,0,0,0,v6_pair_mute_30ad4160ab_2.mp4,en,rav18,dis,AV_pair,L:H|R:E,mute:H_vs_E@strong,buttons,7,left,L1,,,,810,0,0,0,,
P19,en,1,pair_mute,65,0,0,0,v6_pair_mute_250e7890e4_1.mp4,en,rav20,fear,AV_pair,L:E|R:H,mute:H_vs_E@strong,buttons,7,same,S0,,,,1014,0,0,0,,
P19,en,1,pair_mute,66,0,0,0,v6_pair_mute_555cc59e4b_2.mp4,en,rav10,fear,AV_pair,L:H|R:E,mute:H_vs_E@strong,buttons,7,left,L2,,,,849,0,0,0,,
P19,en,1,pair_mute,67,0,0,0,v6_pair_mute_3b6fa3b207_1.mp4,en,rav16,hap,AV_pair,L:E|R:H,mute:H_vs_E@strong,buttons,7,right,R1,,,,462,0,0,0,,
P19,en,1,pair_mute,68,0,0,0,v6_pair_mute_39140f1f71_2.mp4,en,rav04,hap,AV_pair,L:H|R:E,mute:H_vs_E@strong,buttons,7,left,L3,,,,877,0,0,0,,
P19,en,1,voice_only,69,0,0,0,v6_voice_70e2096718_1.mp4,en,rav20,fear,voice_only,voice:strong,voice_check,buttons,7,,fear,6,,,2784,0,0,0,1,
P19,en,1,voice_only,70,0,0,0,v6_voice_50a83a8476_1.mp4,en,rav18,dis,voice_only,voice:normal,voice_check,buttons,7,,dis,5,,,2883,0,0,0,1,
P19,en,1,voice_only,71,0,0,0,v6_voice_08aabec890_1.mp4,en,rav06,ang,voice_only,voice:strong,voice_check,buttons,7,,ang,7,,,1662,0,0,0,1,
P19,en,1,voice_only,72,0,0,0,v6_voice_214566cf57_1.mp4,en,rav14,hap,voice_only,voice:normal,voice_check,buttons,7,,hap,5,,,1331,0,0,0,1,
P19,en,1,voice_only,73,0,0,0,v6_voice_aaea5d0aab_1.mp4,en,rav12,fear,voice_only,voice:strong,voice_check,buttons,7,,fear,5,,,1035,0,0,0,1,
P19,en,1,voice_only,74,0,0,0,v6_voice_cd8f85d3b2_1.mp4,en,rav04,hap,voice_only,voice:normal,voice_check,buttons,7,,hap,4,,,5694,0,0,0,1,
P19,en,1,voice_only,75,0,0,0,v6_voice_b0cfac7f4c_1.mp4,en,rav18,dis,voice_only,voice:strong,voice_check,buttons,7,,dis,5,,,777,0,0,0,1,
P19,en,1,voice_only,76,0,0,0,v6_voice_7642129e05_1.mp4,en,rav12,fear,voice_only,voice:normal,voice_check,buttons,7,,fear,3,,,1401,0,0,0,1,
P19,en,1,voice_only,77,0,0,0,v6_voice_17e973c755_1.mp4,en,rav14,hap,voice_only,voice:strong,voice_check,buttons,7,,hap,6,,,1282,0,0,0,1,
P19,en,1,voice_only,78,0,0,0,v6_voice_a66c973128_1.mp4,en,rav06,ang,voice_only,voice:normal,voice_check,buttons,7,,dis,4,,,1981,0,0,0,0,
P19,en,1,voice_only,79,0,0,0,v6_voice_5daeb1533f_1.mp4,en,rav04,hap,voice_only,voice:strong,voice_check,buttons,7,,hap,3,,,2506,0,0,0,1,
P19,en,1,voice_only,80,0,0,0,v6_voice_fb11565c01_1.mp4,en,rav20,fear,voice_only,voice:normal,voice_check,buttons,7,,fear,3,,,2916,0,0,0,1,
P20,en,1,single,0,0,0,0,v6_single_7b8afe562a_1.mp4,en,rav06,ang,AV,,,buttons,7,,ang,2,2,,3957,0,0,0,1,
P20,en,1,single,1,0,0,0,v6_single_802ffa53c5_2.mp4,en,rav20,fear,AV,,,buttons,7,,fear,3,3,,2674,0,0,0,1,
P20,en,1,single,2,0,0,0,v6_single_24bf624e7d_3.mp4,en,rav16,hap,AV,,,buttons,7,,hap,3,3,,12377,0,0,0,1,
P20,en,1,single,3,0,0,0,v6_single_739783e84d_2.mp4,en,rav10,fear,AV,,,buttons,7,,fear,4,3,,12988,0,0,0,1,
P20,en,1,single,4,0,0,0,v6_single_76ee15a092_3.mp4,en,rav04,hap,AV,,,buttons,7,,hap,3,3,,17459,0,0,0,1,
P20,en,1,single,5,0,0,0,v6_single_a721e1869f_1.mp4,en,rav18,dis,AV,,,buttons,7,,dis,4,4,,3340,0,0,0,1,
P20,en,1,practice,6,1,0,0,v6_practice_85af89ed95_2.mp4,en,rav10,hap,AV_pair,L:H|R:E,practice:H_vs_E@strong,buttons,7,left,L1,,,,9629,0,0,0,,
P20,en,1,practice,7,1,0,0,v6_practice_cd0abf6ffd_1.mp4,en,rav22,ang,AV_pair,L:E|R:H,practice:H_vs_E@strong,buttons,7,left,L2,,,,2019,0,0,0,,
P20,en,1,pair,8,0,0,0,v6_pair_417168a67a_2.mp4,en,rav20,fear,AV_pair,L:H|R:R,H_vs_R@strong,buttons,7,same,S0,,,,1865,0,0,0,,
P20,en,1,pair,9,0,0,0,v6_pair_0c8482b715_1.mp4,en,rav02,ang,AV_pair,L:E|R:H,H_vs_E@normal,buttons,7,left,L1,,,,2220,0,0,0,,
P20,en,1,pair,10,0,0,0,v6_pair_58bfd0c96b_1.mp4,en,rav24,dis,AV_pair,L:R|R:H,H_vs_R@strong,buttons,7,same,S0,,,,4611,0,0,0,,
P20,en,1,pair_catch,11,0,1,0,v6_catch_6f7a8a44b1_1.mp4,en,rav10,hap,AV_pair,L:H|R:still,correct:left,buttons,2,left,left,,,,4476,0,0,0,1,1
P20,en,1,pair,12,0,0,0,v6_pair_3961b3142e_1.mp4,en,rav20,fear,AV_pair,L:E|R:H,H_vs_E@strong,buttons,7,same,S0,,,,2491,0,0,0,,
P20,en,1,pair,13,0,0,0,v6_pair_7ef69736a7_1.mp4,en,rav18,dis,AV_pair,L:R|R:H,H_vs_R@strong,buttons,7,left,L2,,,,2926,0,0,0,,
P20,en,1,pair,14,0,0,0,v6_pair_33e30e2c1d_2.mp4,en,rav02,dis,AV_pair,L:H|R:E,H_vs_E@normal,buttons,7,right,R1,,,,1821,0,0,0,,
P20,en,1,pair,15,0,0,0,v6_pair_db8f08e27f_2.mp4,en,rav10,fear,AV_pair,L:H|R:E,H_vs_E@normal,buttons,7,left,L1,,,,1942,0,0,0,,
P20,en,1,pair,16,0,0,0,v6_pair_1fc4717f31_1.mp4,en,rav16,hap,AV_pair,L:E|R:H,H_vs_E@normal,buttons,7,left,L2,,,,2136,0,0,0,,
P20,en,1,pair,17,0,0,0,v6_pair_a97dec2f4e_1.mp4,en,rav14,hap,AV_pair,L:R|R:H,H_vs_R@strong,buttons,7,left,L1,,,,1181,0,0,0,,
P20,en,1,pair,18,0,0,0,v6_pair_fb8e3dd060_1.mp4,en,rav08,ang,AV_pair,L:E|R:H,H_vs_E@normal,buttons,7,same,S0,,,,1781,0,0,0,,
P20,en,1,pair,19,0,0,0,v6_pair_d81bffa4be_1.mp4,en,rav02,ang,AV_pair,L:E|R:H,H_vs_E@strong,buttons,7,same,S0,,,,3060,0,0,0,,
P20,en,1,pair,20,0,0,0,v6_pair_93629a9394_1.mp4,en,rav06,ang,AV_pair,L:R|R:H,H_vs_R@strong,buttons,7,same,S0,,,,1547,0,0,0,,
P20,en,1,pair,21,0,0,0,v6_pair_c12bac8692_1.mp4,en,rav08,ang,AV_pair,L:E|R:H,H_vs_E@strong,buttons,7,right,R1,,,,1321,0,0,0,,
P20,en,1,pair,22,0,0,0,v6_pair_5caed2de25_2.mp4,en,rav06,ang,AV_pair,L:H|R:E,H_vs_E@normal,buttons,7,right,R1,,,,1252,0,0,0,,
P20,en,1,pair,23,0,0,0,v6_pair_f5403c44bd_2.mp4,en,rav16,hap,AV_pair,L:H|R:R,H_vs_R@strong,buttons,7,left,L1,,,,2540,0,0,0,,
P20,en,1,pair,24,0,0,0,v6_pair_69a37819e2_2.mp4,en,rav10,fear,AV_pair,L:H|R:E,H_vs_E@strong,buttons,7,same,S0,,,,2581,0,0,0,,
P20,en,1,pair,25,0,0,0,v6_pair_53e6c4770b_2.mp4,en,rav14,hap,AV_pair,L:H|R:E,H_vs_E@strong,buttons,7,left,L1,,,,1580,0,0,0,,
P20,en,1,pair,26,0,0,0,v6_pair_d3f0adc106_1.mp4,en,rav10,fear,AV_pair,L:R|R:H,H_vs_R@strong,buttons,7,right,R1,,,,1613,0,0,0,,
P20,en,1,pair,27,0,0,0,v6_pair_0a26430948_1.mp4,en,rav04,hap,AV_pair,L:E|R:H,H_vs_E@normal,buttons,7,same,S0,,,,1688,0,0,0,,
P20,en,1,pair,28,0,0,0,v6_pair_7697f115bc_1.mp4,en,rav12,fear,AV_pair,L:E|R:H,H_vs_E@strong,buttons,7,right,R1,,,,1467,0,0,0,,
P20,en,1,pair,29,0,0,0,v6_pair_dc983160dd_2.mp4,en,rav02,ang,AV_pair,L:H|R:R,H_vs_R@strong,buttons,7,left,L1,,,,1391,0,0,0,,
P20,en,1,pair,30,0,0,0,v6_pair_0c7d060d5f_2.mp4,en,rav24,dis,AV_pair,L:H|R:E,H_vs_E@strong,buttons,7,left,L1,,,,1048,0,0,0,,
P20,en,1,pair,31,0,0,0,v6_pair_faec1498b7_2.mp4,en,rav08,ang,AV_pair,L:H|R:R,H_vs_R@strong,buttons,7,right,R1,,,,1438,0,0,0,,
P20,en,1,pair,32,0,0,0,v6_pair_97e6c7f1ce_2.mp4,en,rav18,dis,AV_pair,L:H|R:E,H_vs_E@normal,buttons,7,same,S0,,,,1254,0,0,0,,
P20,en,1,pair,33,0,0,0,v6_pair_c38e9eb491_2.mp4,en,rav18,dis,AV_pair,L:H|R:E,H_vs_E@strong,buttons,7,right,R1,,,,1712,0,0,0,,
P20,en,1,pair,34,0,0,0,v6_pair_8073668068_1.mp4,en,rav02,dis,AV_pair,L:R|R:H,H_vs_R@strong,buttons,7,same,S0,,,,1060,0,0,0,,
P20,en,1,pair,35,0,0,0,v6_pair_66fc12fdc8_2.mp4,en,rav14,hap,AV_pair,L:H|R:E,H_vs_E@normal,buttons,7,left,L2,,,,859,0,0,0,,
P20,en,1,pair,36,0,0,0,v6_pair_e5c0cf4a07_2.mp4,en,rav04,hap,AV_pair,L:H|R:R,H_vs_R@strong,buttons,7,left,L2,,,,1423,0,0,0,,
P20,en,1,pair,37,0,0,0,v6_pair_87b373e751_1.mp4,en,rav16,hap,AV_pair,L:E|R:H,H_vs_E@strong,buttons,7,right,R1,,,,2313,0,0,0,,
P20,en,1,pair,38,0,0,0,v6_pair_4a472014db_2.mp4,en,rav06,ang,AV_pair,L:H|R:E,H_vs_E@strong,buttons,7,same,S0,,,,1054,0,0,0,,
P20,en,1,pair,39,0,0,0,v6_pair_3b7f4443aa_1.mp4,en,rav12,fear,AV_pair,L:E|R:H,H_vs_E@normal,buttons,7,right,R1,,,,1168,0,0,0,,
P20,en,1,pair,40,0,0,0,v6_pair_23d7c570a2_1.mp4,en,rav04,hap,AV_pair,L:E|R:H,H_vs_E@strong,buttons,7,right,R1,,,,1095,0,0,0,,
P20,en,1,pair,41,0,0,0,v6_pair_6f570415b8_2.mp4,en,rav12,fear,AV_pair,L:H|R:R,H_vs_R@strong,buttons,7,same,S0,,,,1359,0,0,0,,
P20,en,1,pair,42,0,0,0,v6_pair_e86b22f765_2.mp4,en,rav24,dis,AV_pair,L:H|R:E,H_vs_E@normal,buttons,7,same,S0,,,,2609,0,0,0,,
P20,en,1,pair,43,0,0,0,v6_pair_5adfe6a4bd_1.mp4,en,rav20,fear,AV_pair,L:E|R:H,H_vs_E@normal,buttons,7,same,S0,,,,1714,0,0,0,,
P20,en,1,pair,44,0,0,0,v6_pair_13ae59e46d_2.mp4,en,rav02,dis,AV_pair,L:H|R:E,H_vs_E@strong,buttons,7,left,L1,,,,1617,0,0,0,,
P20,en,1,pair_ml,45,0,0,0,v6_pair_ml_afa28cd8ae_2.mp4,jp,jp_hap_short_sentence,hap,AV_pair,L:L|R:E,L_vs_E@jp,buttons,7,same,S0,,,,1839,0,0,0,,
P20,en,1,pair_ml,46,0,0,0,v6_pair_ml_98df03baec_2.mp4,en,en_sad_short_sentence,sad,AV_pair,L:L|R:E,L_vs_E@en,buttons,7,same,S0,,,,1869,0,0,0,,
P20,en,1,pair_ml,47,0,0,0,v6_pair_ml_0bc71a1be9_2.mp4,jp,jp_ang_short_sentence,ang,AV_pair,L:L|R:Lrev,L_vs_Lrev@jp,buttons,7,same,S0,,,,2478,0,0,0,,
P20,en,1,pair_ml,48,0,0,0,v6_pair_ml_506942a631_1.mp4,en,en_sad_short_sentence,sad,AV_pair,L:Lrev|R:L,L_vs_Lrev@en,buttons,7,right,R1,,,,2139,0,0,0,,
P20,en,1,pair_ml,49,0,0,0,v6_pair_ml_c4711cd80a_2.mp4,cn,0002_000488,ang,AV_pair,L:L|R:Lrev,L_vs_Lrev@cn,buttons,7,right,R1,,,,1836,0,0,0,,
P20,en,1,pair_ml,50,0,0,0,v6_pair_ml_f26827db2f_1.mp4,en,en_hap_short_sentence,hap,AV_pair,L:E|R:L,L_vs_E@en,buttons,7,left,L1,,,,1151,0,0,0,,
P20,en,1,pair_ml,51,0,0,0,v6_pair_ml_d6dd46665d_2.mp4,cn,0002_001188,sad,AV_pair,L:L|R:Lrev,L_vs_Lrev@cn,buttons,7,left,L2,,,,1280,0,0,0,,
P20,en,1,pair_ml,52,0,0,0,v6_pair_ml_c3519312c6_1.mp4,jp,jp_hap_short_sentence,hap,AV_pair,L:Lrev|R:L,L_vs_Lrev@jp,buttons,7,left,L1,,,,1725,0,0,0,,
P20,en,1,pair_ml,53,0,0,0,v6_pair_ml_d5ab099d51_1.mp4,cn,0002_001188,sad,AV_pair,L:E|R:L,L_vs_E@cn,buttons,7,right,R1,,,,1713,0,0,0,,
P20,en,1,pair_ml,54,0,0,0,v6_pair_ml_d921b78eb4_1.mp4,jp,jp_ang_short_sentence,ang,AV_pair,L:E|R:L,L_vs_E@jp,buttons,7,same,S0,,,,1813,0,0,0,,
P20,en,1,pair_ml,55,0,0,0,v6_pair_ml_97c8810aa2_2.mp4,en,en_hap_short_sentence,hap,AV_pair,L:L|R:Lrev,L_vs_Lrev@en,buttons,7,right,R1,,,,2457,0,0,0,,
P20,en,1,pair_ml,56,0,0,0,v6_pair_ml_7e3e5bb20d_1.mp4,cn,0002_000488,ang,AV_pair,L:E|R:L,L_vs_E@cn,buttons,7,left,L1,,,,1907,0,0,0,,
P20,en,1,pair_ml,57,0,0,0,v6_pair_ml_4fc1e0e0d1_1.mp4,jp,jp_sad_short_sentence,sad,AV_pair,L:E|R:L,L_vs_E@jp,buttons,7,same,S0,,,,1947,0,0,0,,
P20,en,1,pair_ml,58,0,0,0,v6_pair_ml_a717ea56f4_1.mp4,cn,0002_000838,hap,AV_pair,L:Lrev|R:L,L_vs_Lrev@cn,buttons,7,right,R1,,,,1360,0,0,0,,
P20,en,1,pair_ml,59,0,0,0,v6_pair_ml_1780ae57a3_2.mp4,jp,jp_sad_short_sentence,sad,AV_pair,L:L|R:Lrev,L_vs_Lrev@jp,buttons,7,right,R1,,,,897,0,0,0,,
P20,en,1,pair_ml,60,0,0,0,v6_pair_ml_e5fa8f451a_1.mp4,en,en_ang_short_sentence,ang,AV_pair,L:Lrev|R:L,L_vs_Lrev@en,buttons,7,right,R2,,,,1170,0,0,0,,
P20,en,1,pair_ml,61,0,0,0,v6_pair_ml_9b2f256f7d_2.mp4,cn,0002_000838,hap,AV_pair,L:L|R:E,L_vs_E@cn,buttons,7,left,L1,,,,1193,0,0,0,,
P20,en,1,pair_ml,62,0,0,0,v6_pair_ml_44c920798b_2.mp4,en,en_ang_short_sentence,ang,AV_pair,L:L|R:E,L_vs_E@en,buttons,7,left,L2,,,,1320,0,0,0,,
P20,en,1,pair_mute,63,0,0,0,v6_pair_mute_3b6fa3b207_2.mp4,en,rav16,hap,AV_pair,L:H|R:E,mute:H_vs_E@strong,buttons,7,same,S0,,,,3494,0,0,0,,
P20,en,1,pair_mute,64,0,0,0,v6_pair_mute_250e7890e4_2.mp4,en,rav20,fear,AV_pair,L:H|R:E,mute:H_vs_E@strong,buttons,7,left,L1,,,,1617,0,0,0,,
P20,en,1,pair_mute,65,0,0,0,v6_pair_mute_39140f1f71_1.mp4,en,rav04,hap,AV_pair,L:E|R:H,mute:H_vs_E@strong,buttons,7,right,R1,,,,1108,0,0,0,,
P20,en,1,pair_mute,66,0,0,0,v6_pair_mute_30ad4160ab_1.mp4,en,rav18,dis,AV_pair,L:E|R:H,mute:H_vs_E@strong,buttons,7,right,R1,,,,1137,0,0,0,,
P20,en,1,pair_mute,67,0,0,0,v6_pair_mute_555cc59e4b_1.mp4,en,rav10,fear,AV_pair,L:E|R:H,mute:H_vs_E@strong,buttons,7,right,R1,,,,1343,0,0,0,,
P20,en,1,pair_mute,68,0,0,0,v6_pair_mute_005d45f10b_2.mp4,en,rav06,ang,AV_pair,L:H|R:E,mute:H_vs_E@strong,buttons,7,same,S0,,,,1099,0,0,0,,
P20,en,1,voice_only,69,0,0,0,v6_voice_214566cf57_1.mp4,en,rav14,hap,voice_only,voice:normal,voice_check,buttons,7,,hap,5,,,2944,0,0,0,1,
P20,en,1,voice_only,70,0,0,0,v6_voice_08aabec890_1.mp4,en,rav06,ang,voice_only,voice:strong,voice_check,buttons,7,,ang,7,,,835,0,0,0,1,
P20,en,1,voice_only,71,0,0,0,v6_voice_cd8f85d3b2_1.mp4,en,rav04,hap,voice_only,voice:normal,voice_check,buttons,7,,neu,,,,2221,0,0,0,0,
P20,en,1,voice_only,72,0,0,0,v6_voice_70e2096718_1.mp4,en,rav20,fear,voice_only,voice:strong,voice_check,buttons,7,,fear,7,,,1397,0,0,0,1,
P20,en,1,voice_only,73,0,0,0,v6_voice_50a83a8476_1.mp4,en,rav18,dis,voice_only,voice:normal,voice_check,buttons,7,,dis,4,,,1573,0,0,0,1,
P20,en,1,voice_only,74,0,0,0,v6_voice_17e973c755_1.mp4,en,rav14,hap,voice_only,voice:strong,voice_check,buttons,7,,hap,7,,,1385,0,0,0,1,
P20,en,1,voice_only,75,0,0,0,v6_voice_fb11565c01_1.mp4,en,rav20,fear,voice_only,voice:normal,voice_check,buttons,7,,fear,6,,,1084,0,0,0,1,
P20,en,1,voice_only,76,0,0,0,v6_voice_b0cfac7f4c_1.mp4,en,rav18,dis,voice_only,voice:strong,voice_check,buttons,7,,dis,5,,,1139,0,0,0,1,
P20,en,1,voice_only,77,0,0,0,v6_voice_7642129e05_1.mp4,en,rav12,fear,voice_only,voice:normal,voice_check,buttons,7,,fear,5,,,900,0,0,0,1,
P20,en,1,voice_only,78,0,0,0,v6_voice_5daeb1533f_1.mp4,en,rav04,hap,voice_only,voice:strong,voice_check,buttons,7,,hap,4,,,1262,0,0,0,1,
P20,en,1,voice_only,79,0,0,0,v6_voice_a66c973128_1.mp4,en,rav06,ang,voice_only,voice:normal,voice_check,buttons,7,,ang,3,,,1134,0,0,0,1,
P20,en,1,voice_only,80,0,0,0,v6_voice_aaea5d0aab_1.mp4,en,rav12,fear,voice_only,voice:strong,voice_check,buttons,7,,fear,6,,,1130,0,0,0,1,
P21,en,1,single,0,0,0,0,v6_single_a721e1869f_3.mp4,en,rav18,dis,AV,,,buttons,7,,dis,2,2,,8273,0,0,0,1,
P21,en,1,single,1,0,0,0,v6_single_739783e84d_1.mp4,en,rav10,fear,AV,,,buttons,7,,fear,3,3,,1462,0,0,0,1,
P21,en,1,single,2,0,0,0,v6_single_24bf624e7d_2.mp4,en,rav16,hap,AV,,,buttons,7,,hap,1,1,,2563,0,0,0,1,
P21,en,1,single,3,0,0,0,v6_single_802ffa53c5_1.mp4,en,rav20,fear,AV,,,buttons,7,,fear,3,3,,2020,0,0,0,1,
P21,en,1,single,4,0,0,0,v6_single_76ee15a092_2.mp4,en,rav04,hap,AV,,,buttons,7,,hap,3,3,,3477,0,0,0,1,
P21,en,1,single,5,0,0,0,v6_single_7b8afe562a_3.mp4,en,rav06,ang,AV,,,buttons,7,,fear,2,1,,1228,0,0,0,0,
P21,en,1,practice,6,1,0,0,v6_practice_85af89ed95_1.mp4,en,rav10,hap,AV_pair,L:E|R:H,practice:H_vs_E@strong,buttons,7,right,R1,,,,9693,0,0,0,,
P21,en,1,practice,7,1,0,0,v6_practice_cd0abf6ffd_2.mp4,en,rav22,ang,AV_pair,L:H|R:E,practice:H_vs_E@strong,buttons,7,right,R1,,,,880,0,0,0,,
P21,en,1,pair,8,0,0,0,v6_pair_33e30e2c1d_1.mp4,en,rav02,dis,AV_pair,L:E|R:H,H_vs_E@normal,buttons,7,left,L1,,,,912,0,0,0,,
P21,en,1,pair,9,0,0,0,v6_pair_23d7c570a2_2.mp4,en,rav04,hap,AV_pair,L:H|R:E,H_vs_E@strong,buttons,7,left,L1,,,,1766,0,0,0,,
P21,en,1,pair,10,0,0,0,v6_pair_5adfe6a4bd_2.mp4,en,rav20,fear,AV_pair,L:H|R:E,H_vs_E@normal,buttons,7,left,L1,,,,642,0,0,0,,
P21,en,1,pair,11,0,0,0,v6_pair_4a472014db_1.mp4,en,rav06,ang,AV_pair,L:E|R:H,H_vs_E@strong,buttons,7,left,L1,,,,456,0,0,0,,
P21,en,1,pair,12,0,0,0,v6_pair_6f570415b8_1.mp4,en,rav12,fear,AV_pair,L:R|R:H,H_vs_R@strong,buttons,7,right,R1,,,,620,0,0,0,,
P21,en,1,pair,13,0,0,0,v6_pair_0c7d060d5f_1.mp4,en,rav24,dis,AV_pair,L:E|R:H,H_vs_E@strong,buttons,7,right,R1,,,,957,0,0,0,,
P21,en,1,pair,14,0,0,0,v6_pair_3b7f4443aa_2.mp4,en,rav12,fear,AV_pair,L:H|R:E,H_vs_E@normal,buttons,7,right,R1,,,,719,0,0,0,,
P21,en,1,pair,15,0,0,0,v6_pair_1fc4717f31_2.mp4,en,rav16,hap,AV_pair,L:H|R:E,H_vs_E@normal,buttons,7,left,L1,,,,508,0,0,0,,
P21,en,1,pair,16,0,0,0,v6_pair_faec1498b7_1.mp4,en,rav08,ang,AV_pair,L:R|R:H,H_vs_R@strong,buttons,7,left,L1,,,,1074,0,0,0,,
P21,en,1,pair,17,0,0,0,v6_pair_e86b22f765_1.mp4,en,rav24,dis,AV_pair,L:E|R:H,H_vs_E@normal,buttons,7,right,R1,,,,742,1,0,0,,
P21,en,1,pair,18,0,0,0,v6_pair_e5c0cf4a07_1.mp4,en,rav04,hap,AV_pair,L:R|R:H,H_vs_R@strong,buttons,7,right,R1,,,,847,0,0,0,,
P21,en,1,pair,19,0,0,0,v6_pair_dc983160dd_1.mp4,en,rav02,ang,AV_pair,L:R|R:H,H_vs_R@strong,buttons,7,left,L1,,,,540,1,0,0,,
P21,en,1,pair,20,0,0,0,v6_pair_7ef69736a7_2.mp4,en,rav18,dis,AV_pair,L:H|R:R,H_vs_R@strong,buttons,7,right,R1,,,,1009,0,0,0,,
P21,en,1,pair,21,0,0,0,v6_pair_f5403c44bd_1.mp4,en,rav16,hap,AV_pair,L:R|R:H,H_vs_R@strong,buttons,7,right,R2,,,,512,0,0,0,,
P21,en,1,pair,22,0,0,0,v6_pair_3961b3142e_2.mp4,en,rav20,fear,AV_pair,L:H|R:E,H_vs_E@strong,buttons,7,left,L1,,,,651,0,0,0,,
P21,en,1,pair,23,0,0,0,v6_pair_87b373e751_2.mp4,en,rav16,hap,AV_pair,L:H|R:E,H_vs_E@strong,buttons,7,right,R1,,,,598,0,0,0,,
P21,en,1,pair,24,0,0,0,v6_pair_5caed2de25_1.mp4,en,rav06,ang,AV_pair,L:E|R:H,H_vs_E@normal,buttons,7,right,R2,,,,841,1,0,0,,
P21,en,1,pair,25,0,0,0,v6_pair_7697f115bc_2.mp4,en,rav12,fear,AV_pair,L:H|R:E,H_vs_E@strong,buttons,7,left,L1,,,,1039,0,0,0,,
P21,en,1,pair,26,0,0,0,v6_pair_58bfd0c96b_2.mp4,en,rav24,dis,AV_pair,L:H|R:R,H_vs_R@strong,buttons,7,right,R1,,,,505,0,0,0,,
P21,en,1,pair,27,0,0,0,v6_pair_0c8482b715_2.mp4,en,rav02,ang,AV_pair,L:H|R:E,H_vs_E@normal,buttons,7,right,R1,,,,555,1,0,0,,
P21,en,1,pair,28,0,0,0,v6_pair_53e6c4770b_1.mp4,en,rav14,hap,AV_pair,L:E|R:H,H_vs_E@strong,buttons,7,right,R1,,,,720,0,0,0,,
P21,en,1,pair,28,0,0,1,v6_pair_53e6c4770b_1.mp4,en,rav14,hap,AV_pair,L:E|R:H,H_vs_E@strong,buttons,7,right,R1,,,,991,0,0,0,,
P21,en,1,pair,29,0,0,0,v6_pair_db8f08e27f_1.mp4,en,rav10,fear,AV_pair,L:E|R:H,H_vs_E@normal,buttons,7,same,S0,,,,593,0,0,0,,
P21,en,1,pair,30,0,0,0,v6_pair_69a37819e2_1.mp4,en,rav10,fear,AV_pair,L:E|R:H,H_vs_E@strong,buttons,7,right,R1,,,,643,0,0,0,,
P21,en,1,pair,31,0,0,0,v6_pair_a97dec2f4e_2.mp4,en,rav14,hap,AV_pair,L:H|R:R,H_vs_R@strong,buttons,7,same,S0,,,,417,0,0,0,,
P21,en,1,pair_catch,32,0,1,0,v6_catch_6f7a8a44b1_2.mp4,en,rav10,hap,AV_pair,L:still|R:H,correct:right,buttons,2,right,right,,,,3495,0,0,0,1,1
P21,en,1,pair,33,0,0,0,v6_pair_8073668068_2.mp4,en,rav02,dis,AV_pair,L:H|R:R,H_vs_R@strong,buttons,7,left,L1,,,,1440,0,0,0,,
P21,en,1,pair,34,0,0,0,v6_pair_13ae59e46d_1.mp4,en,rav02,dis,AV_pair,L:E|R:H,H_vs_E@strong,buttons,7,same,S0,,,,545,0,0,0,,
P21,en,1,pair,35,0,0,0,v6_pair_97e6c7f1ce_1.mp4,en,rav18,dis,AV_pair,L:E|R:H,H_vs_E@normal,buttons,7,right,R1,,,,434,0,0,0,,
P21,en,1,pair,36,0,0,0,v6_pair_c12bac8692_2.mp4,en,rav08,ang,AV_pair,L:H|R:E,H_vs_E@strong,buttons,7,left,L1,,,,682,0,0,0,,
P21,en,1,pair,37,0,0,0,v6_pair_d81bffa4be_2.mp4,en,rav02,ang,AV_pair,L:H|R:E,H_vs_E@strong,buttons,7,same,S0,,,,513,1,0,0,,
P21,en,1,pair,38,0,0,0,v6_pair_d3f0adc106_2.mp4,en,rav10,fear,AV_pair,L:H|R:R,H_vs_R@strong,buttons,7,same,S0,,,,842,0,0,0,,
P21,en,1,pair,39,0,0,0,v6_pair_c38e9eb491_1.mp4,en,rav18,dis,AV_pair,L:E|R:H,H_vs_E@strong,buttons,7,right,R1,,,,808,0,0,0,,
P21,en,1,pair,40,0,0,0,v6_pair_0a26430948_2.mp4,en,rav04,hap,AV_pair,L:H|R:E,H_vs_E@normal,buttons,7,right,R1,,,,747,0,0,0,,
P21,en,1,pair,41,0,0,0,v6_pair_93629a9394_2.mp4,en,rav06,ang,AV_pair,L:H|R:R,H_vs_R@strong,buttons,7,left,L1,,,,490,0,0,0,,
P21,en,1,pair,42,0,0,0,v6_pair_66fc12fdc8_1.mp4,en,rav14,hap,AV_pair,L:E|R:H,H_vs_E@normal,buttons,7,same,S0,,,,714,0,0,0,,
P21,en,1,pair,43,0,0,0,v6_pair_417168a67a_1.mp4,en,rav20,fear,AV_pair,L:R|R:H,H_vs_R@strong,buttons,7,right,R1,,,,510,0,0,0,,
P21,en,1,pair,44,0,0,0,v6_pair_fb8e3dd060_2.mp4,en,rav08,ang,AV_pair,L:H|R:E,H_vs_E@normal,buttons,7,same,S0,,,,654,0,0,0,,
P21,en,1,pair_ml,45,0,0,0,v6_pair_ml_1780ae57a3_1.mp4,jp,jp_sad_short_sentence,sad,AV_pair,L:Lrev|R:L,L_vs_Lrev@jp,buttons,7,right,R1,,,,932,0,0,0,,
P21,en,1,pair_ml,46,0,0,0,v6_pair_ml_e5fa8f451a_2.mp4,en,en_ang_short_sentence,ang,AV_pair,L:L|R:Lrev,L_vs_Lrev@en,buttons,7,left,L1,,,,600,1,0,0,,
P21,en,1,pair_ml,47,0,0,0,v6_pair_ml_c3519312c6_2.mp4,jp,jp_hap_short_sentence,hap,AV_pair,L:L|R:Lrev,L_vs_Lrev@jp,buttons,7,right,R1,,,,936,0,0,0,,
P21,en,1,pair_ml,48,0,0,0,v6_pair_ml_98df03baec_1.mp4,en,en_sad_short_sentence,sad,AV_pair,L:E|R:L,L_vs_E@en,buttons,7,left,L1,,,,1902,0,0,0,,
P21,en,1,pair_ml,49,0,0,0,v6_pair_ml_afa28cd8ae_1.mp4,jp,jp_hap_short_sentence,hap,AV_pair,L:E|R:L,L_vs_E@jp,buttons,7,right,R1,,,,938,0,0,0,,
P21,en,1,pair_ml,50,0,0,0,v6_pair_ml_7e3e5bb20d_2.mp4,cn,0002_000488,ang,AV_pair,L:L|R:E,L_vs_E@cn,buttons,7,left,L1,,,,583,0,0,0,,
P21,en,1,pair_ml,51,0,0,0,v6_pair_ml_506942a631_2.mp4,en,en_sad_short_sentence,sad,AV_pair,L:L|R:Lrev,L_vs_Lrev@en,buttons,7,right,R2,,,,840,0,0,0,,
P21,en,1,pair_ml,52,0,0,0,v6_pair_ml_9b2f256f7d_1.mp4,cn,0002_000838,hap,AV_pair,L:E|R:L,L_vs_E@cn,buttons,7,same,S0,,,,1542,0,0,0,,
P21,en,1,pair_ml,53,0,0,0,v6_pair_ml_0bc71a1be9_1.mp4,jp,jp_ang_short_sentence,ang,AV_pair,L:Lrev|R:L,L_vs_Lrev@jp,buttons,7,right,R1,,,,1134,0,0,0,,
P21,en,1,pair_ml,54,0,0,0,v6_pair_ml_d5ab099d51_2.mp4,cn,0002_001188,sad,AV_pair,L:L|R:E,L_vs_E@cn,buttons,7,left,L1,,,,584,0,0,0,,
P21,en,1,pair_ml,55,0,0,0,v6_pair_ml_f26827db2f_2.mp4,en,en_hap_short_sentence,hap,AV_pair,L:L|R:E,L_vs_E@en,buttons,7,same,S0,,,,892,0,0,0,,
P21,en,1,pair_ml,56,0,0,0,v6_pair_ml_d921b78eb4_2.mp4,jp,jp_ang_short_sentence,ang,AV_pair,L:L|R:E,L_vs_E@jp,buttons,7,right,R1,,,,2545,0,0,0,,
P21,en,1,pair_ml,57,0,0,0,v6_pair_ml_97c8810aa2_1.mp4,en,en_hap_short_sentence,hap,AV_pair,L:Lrev|R:L,L_vs_Lrev@en,buttons,7,same,S0,,,,786,0,0,0,,
P21,en,1,pair_ml,58,0,0,0,v6_pair_ml_d6dd46665d_1.mp4,cn,0002_001188,sad,AV_pair,L:Lrev|R:L,L_vs_Lrev@cn,buttons,7,right,R1,,,,1055,0,0,0,,
P21,en,1,pair_ml,59,0,0,0,v6_pair_ml_44c920798b_1.mp4,en,en_ang_short_sentence,ang,AV_pair,L:E|R:L,L_vs_E@en,buttons,7,right,R1,,,,543,0,0,0,,
P21,en,1,pair_ml,60,0,0,0,v6_pair_ml_a717ea56f4_2.mp4,cn,0002_000838,hap,AV_pair,L:L|R:Lrev,L_vs_Lrev@cn,buttons,7,same,S0,,,,650,0,0,0,,
P21,en,1,pair_ml,61,0,0,0,v6_pair_ml_4fc1e0e0d1_2.mp4,jp,jp_sad_short_sentence,sad,AV_pair,L:L|R:E,L_vs_E@jp,buttons,7,same,S0,,,,813,0,0,0,,
P21,en,1,pair_ml,62,0,0,0,v6_pair_ml_c4711cd80a_1.mp4,cn,0002_000488,ang,AV_pair,L:Lrev|R:L,L_vs_Lrev@cn,buttons,7,same,S0,,,,542,0,0,0,,
P21,en,1,pair_mute,63,0,0,0,v6_pair_mute_555cc59e4b_2.mp4,en,rav10,fear,AV_pair,L:H|R:E,mute:H_vs_E@strong,buttons,7,same,S0,,,,2026,0,0,0,,
P21,en,1,pair_mute,64,0,0,0,v6_pair_mute_250e7890e4_1.mp4,en,rav20,fear,AV_pair,L:E|R:H,mute:H_vs_E@strong,buttons,7,same,S0,,,,619,0,0,0,,
P21,en,1,pair_mute,65,0,0,0,v6_pair_mute_30ad4160ab_2.mp4,en,rav18,dis,AV_pair,L:H|R:E,mute:H_vs_E@strong,buttons,7,left,L3,,,,1570,0,0,0,,
P21,en,1,pair_mute,66,0,0,0,v6_pair_mute_39140f1f71_2.mp4,en,rav04,hap,AV_pair,L:H|R:E,mute:H_vs_E@strong,buttons,7,left,L3,,,,764,0,0,0,,
P21,en,1,pair_mute,67,0,0,0,v6_pair_mute_005d45f10b_1.mp4,en,rav06,ang,AV_pair,L:E|R:H,mute:H_vs_E@strong,buttons,7,right,R1,,,,508,0,0,0,,
P21,en,1,pair_mute,68,0,0,0,v6_pair_mute_3b6fa3b207_1.mp4,en,rav16,hap,AV_pair,L:E|R:H,mute:H_vs_E@strong,buttons,7,right,R2,,,,1020,0,0,0,,
P21,en,1,voice_only,69,0,0,0,v6_voice_214566cf57_1.mp4,en,rav14,hap,voice_only,voice:normal,voice_check,buttons,7,,sur,5,,,1790,0,0,0,0,
P21,en,1,voice_only,70,0,0,0,v6_voice_08aabec890_1.mp4,en,rav06,ang,voice_only,voice:strong,voice_check,buttons,7,,ang,7,,,2524,0,0,0,1,
P21,en,1,voice_only,71,0,0,0,v6_voice_fb11565c01_1.mp4,en,rav20,fear,voice_only,voice:normal,voice_check,buttons,7,,sad,7,,,798,0,0,0,0,
P21,en,1,voice_only,72,0,0,0,v6_voice_b0cfac7f4c_1.mp4,en,rav18,dis,voice_only,voice:strong,voice_check,buttons,7,,dis,5,,,2769,0,0,0,1,
P21,en,1,voice_only,73,0,0,0,v6_voice_7642129e05_1.mp4,en,rav12,fear,voice_only,voice:normal,voice_check,buttons,7,,fear,4,,,1656,0,0,0,1,
P21,en,1,voice_only,74,0,0,0,v6_voice_17e973c755_1.mp4,en,rav14,hap,voice_only,voice:strong,voice_check,buttons,7,,sur,6,,,771,0,0,0,0,
P21,en,1,voice_only,75,0,0,0,v6_voice_50a83a8476_1.mp4,en,rav18,dis,voice_only,voice:normal,voice_check,buttons,7,,dis,5,,,845,0,0,0,1,
P21,en,1,voice_only,76,0,0,0,v6_voice_aaea5d0aab_1.mp4,en,rav12,fear,voice_only,voice:strong,voice_check,buttons,7,,fear,6,,,1018,0,0,0,1,
P21,en,1,voice_only,77,0,0,0,v6_voice_cd8f85d3b2_1.mp4,en,rav04,hap,voice_only,voice:normal,voice_check,buttons,7,,neu,,,,789,0,0,0,0,
P21,en,1,voice_only,78,0,0,0,v6_voice_70e2096718_1.mp4,en,rav20,fear,voice_only,voice:strong,voice_check,buttons,7,,fear,7,,,859,0,0,0,1,
P21,en,1,voice_only,79,0,0,0,v6_voice_a66c973128_1.mp4,en,rav06,ang,voice_only,voice:normal,voice_check,buttons,7,,ang,4,,,618,0,0,0,1,
P21,en,1,voice_only,80,0,0,0,v6_voice_5daeb1533f_1.mp4,en,rav04,hap,voice_only,voice:strong,voice_check,buttons,7,,hap,7,,,1144,0,0,0,1,
P22,en,1,single,0,0,0,0,v6_single_802ffa53c5_1.mp4,en,rav20,fear,AV,,,buttons,7,,fear,4,3,,3509,0,0,0,1,
P22,en,1,single,1,0,0,0,v6_single_24bf624e7d_2.mp4,en,rav16,hap,AV,,,buttons,7,,hap,5,6,,3019,0,0,0,1,
P22,en,1,single,2,0,0,0,v6_single_a721e1869f_3.mp4,en,rav18,dis,AV,,,buttons,7,,fear,4,2,,1939,0,0,0,0,
P22,en,1,single,3,0,0,0,v6_single_739783e84d_1.mp4,en,rav10,fear,AV,,,buttons,7,,fear,5,5,,1007,0,0,0,1,
P22,en,1,single,4,0,0,0,v6_single_76ee15a092_2.mp4,en,rav04,hap,AV,,,buttons,7,,hap,5,4,,2423,0,0,0,1,
P22,en,1,single,5,0,0,0,v6_single_7b8afe562a_3.mp4,en,rav06,ang,AV,,,buttons,7,,ang,6,3,,1262,0,0,0,1,
P22,en,1,practice,6,1,0,0,v6_practice_cd0abf6ffd_2.mp4,en,rav22,ang,AV_pair,L:H|R:E,practice:H_vs_E@strong,buttons,7,same,S0,,,,5682,0,0,0,,
P22,en,1,practice,7,1,0,0,v6_practice_85af89ed95_1.mp4,en,rav10,hap,AV_pair,L:E|R:H,practice:H_vs_E@strong,buttons,7,left,L2,,,,1348,0,0,0,,
P22,en,1,pair,8,0,0,0,v6_pair_8073668068_2.mp4,en,rav02,dis,AV_pair,L:H|R:R,H_vs_R@strong,buttons,7,same,S0,,,,1049,0,0,0,,
P22,en,1,pair,9,0,0,0,v6_pair_1fc4717f31_2.mp4,en,rav16,hap,AV_pair,L:H|R:E,H_vs_E@normal,buttons,7,right,R2,,,,3598,0,0,0,,
P22,en,1,pair,10,0,0,0,v6_pair_13ae59e46d_1.mp4,en,rav02,dis,AV_pair,L:E|R:H,H_vs_E@strong,buttons,7,right,R1,,,,1515,0,0,0,,
P22,en,1,pair,11,0,0,0,v6_pair_3b7f4443aa_2.mp4,en,rav12,fear,AV_pair,L:H|R:E,H_vs_E@normal,buttons,7,right,R3,,,,1077,0,0,0,,
P22,en,1,pair,12,0,0,0,v6_pair_4a472014db_1.mp4,en,rav06,ang,AV_pair,L:E|R:H,H_vs_E@strong,buttons,7,left,L1,,,,1908,0,0,0,,
P22,en,1,pair,13,0,0,0,v6_pair_93629a9394_2.mp4,en,rav06,ang,AV_pair,L:H|R:R,H_vs_R@strong,buttons,7,left,L1,,,,1426,0,0,0,,
P22,en,1,pair,14,0,0,0,v6_pair_db8f08e27f_1.mp4,en,rav10,fear,AV_pair,L:E|R:H,H_vs_E@normal,buttons,7,right,R1,,,,1188,0,0,0,,
P22,en,1,pair,15,0,0,0,v6_pair_69a37819e2_1.mp4,en,rav10,fear,AV_pair,L:E|R:H,H_vs_E@strong,buttons,7,left,L3,,,,1568,0,0,0,,
P22,en,1,pair,16,0,0,0,v6_pair_58bfd0c96b_2.mp4,en,rav24,dis,AV_pair,L:H|R:R,H_vs_R@strong,buttons,7,right,R1,,,,2668,0,0,0,,
P22,en,1,pair,17,0,0,0,v6_pair_5adfe6a4bd_2.mp4,en,rav20,fear,AV_pair,L:H|R:E,H_vs_E@normal,buttons,7,left,L2,,,,1138,0,0,0,,
P22,en,1,pair,18,0,0,0,v6_pair_a97dec2f4e_2.mp4,en,rav14,hap,AV_pair,L:H|R:R,H_vs_R@strong,buttons,7,same,S0,,,,1077,0,0,0,,
P22,en,1,pair,19,0,0,0,v6_pair_53e6c4770b_1.mp4,en,rav14,hap,AV_pair,L:E|R:H,H_vs_E@strong,buttons,7,same,S0,,,,1014,0,0,0,,
P22,en,1,pair,20,0,0,0,v6_pair_0a26430948_2.mp4,en,rav04,hap,AV_pair,L:H|R:E,H_vs_E@normal,buttons,7,left,L3,,,,1046,0,0,0,,
P22,en,1,pair,21,0,0,0,v6_pair_7ef69736a7_2.mp4,en,rav18,dis,AV_pair,L:H|R:R,H_vs_R@strong,buttons,7,right,R1,,,,978,0,0,0,,
P22,en,1,pair,22,0,0,0,v6_pair_33e30e2c1d_1.mp4,en,rav02,dis,AV_pair,L:E|R:H,H_vs_E@normal,buttons,7,same,S0,,,,69428,0,0,0,,
P22,en,1,pair,23,0,0,0,v6_pair_0c7d060d5f_1.mp4,en,rav24,dis,AV_pair,L:E|R:H,H_vs_E@strong,buttons,7,right,R1,,,,1413,0,0,0,,
P22,en,1,pair,24,0,0,0,v6_pair_d3f0adc106_2.mp4,en,rav10,fear,AV_pair,L:H|R:R,H_vs_R@strong,buttons,7,same,S0,,,,87773,0,0,0,,
P22,en,1,pair,25,0,0,0,v6_pair_f5403c44bd_1.mp4,en,rav16,hap,AV_pair,L:R|R:H,H_vs_R@strong,buttons,7,right,R3,,,,1988,0,0,0,,
P22,en,1,pair,26,0,0,0,v6_pair_66fc12fdc8_1.mp4,en,rav14,hap,AV_pair,L:E|R:H,H_vs_E@normal,buttons,7,right,R1,,,,1326,0,0,0,,
P22,en,1,pair,27,0,0,0,v6_pair_7697f115bc_2.mp4,en,rav12,fear,AV_pair,L:H|R:E,H_vs_E@strong,buttons,7,left,L1,,,,2790,0,0,0,,
P22,en,1,pair,28,0,0,0,v6_pair_dc983160dd_1.mp4,en,rav02,ang,AV_pair,L:R|R:H,H_vs_R@strong,buttons,7,right,R1,,,,1694,0,0,0,,
P22,en,1,pair,29,0,0,0,v6_pair_97e6c7f1ce_1.mp4,en,rav18,dis,AV_pair,L:E|R:H,H_vs_E@normal,buttons,7,left,L1,,,,1617,0,0,0,,
P22,en,1,pair,30,0,0,0,v6_pair_c12bac8692_2.mp4,en,rav08,ang,AV_pair,L:H|R:E,H_vs_E@strong,buttons,7,right,R3,,,,1873,0,0,0,,
P22,en,1,pair,31,0,0,0,v6_pair_fb8e3dd060_2.mp4,en,rav08,ang,AV_pair,L:H|R:E,H_vs_E@normal,buttons,7,left,L3,,,,1584,0,0,0,,
P22,en,1,pair,32,0,0,0,v6_pair_faec1498b7_1.mp4,en,rav08,ang,AV_pair,L:R|R:H,H_vs_R@strong,buttons,7,same,S0,,,,1932,0,0,0,,
P22,en,1,pair,33,0,0,0,v6_pair_23d7c570a2_2.mp4,en,rav04,hap,AV_pair,L:H|R:E,H_vs_E@strong,buttons,7,right,R1,,,,1292,0,0,0,,
P22,en,1,pair,34,0,0,0,v6_pair_5caed2de25_1.mp4,en,rav06,ang,AV_pair,L:E|R:H,H_vs_E@normal,buttons,7,right,R2,,,,1110,0,0,0,,
P22,en,1,pair,35,0,0,0,v6_pair_e86b22f765_1.mp4,en,rav24,dis,AV_pair,L:E|R:H,H_vs_E@normal,buttons,7,right,R2,,,,1675,0,0,0,,
P22,en,1,pair,36,0,0,0,v6_pair_3961b3142e_2.mp4,en,rav20,fear,AV_pair,L:H|R:E,H_vs_E@strong,buttons,7,same,S0,,,,1034,0,0,0,,
P22,en,1,pair,37,0,0,0,v6_pair_6f570415b8_1.mp4,en,rav12,fear,AV_pair,L:R|R:H,H_vs_R@strong,buttons,7,left,L1,,,,1298,0,0,0,,
P22,en,1,pair,38,0,0,0,v6_pair_e5c0cf4a07_1.mp4,en,rav04,hap,AV_pair,L:R|R:H,H_vs_R@strong,buttons,7,same,S0,,,,37708,0,0,0,,
P22,en,1,pair,39,0,0,0,v6_pair_0c8482b715_2.mp4,en,rav02,ang,AV_pair,L:H|R:E,H_vs_E@normal,buttons,7,right,R3,,,,1470,0,0,0,,
P22,en,1,pair,40,0,0,0,v6_pair_87b373e751_2.mp4,en,rav16,hap,AV_pair,L:H|R:E,H_vs_E@strong,buttons,7,right,R2,,,,1241,0,0,0,,
P22,en,1,pair_catch,41,0,1,0,v6_catch_6f7a8a44b1_2.mp4,en,rav10,hap,AV_pair,L:still|R:H,correct:right,buttons,2,right,right,,,,3146,0,0,0,1,1
P22,en,1,pair,42,0,0,0,v6_pair_417168a67a_1.mp4,en,rav20,fear,AV_pair,L:R|R:H,H_vs_R@strong,buttons,7,right,R2,,,,1120,0,0,0,,
P22,en,1,pair,43,0,0,0,v6_pair_c38e9eb491_1.mp4,en,rav18,dis,AV_pair,L:E|R:H,H_vs_E@strong,buttons,7,same,S0,,,,3525,0,0,0,,
P22,en,1,pair,44,0,0,0,v6_pair_d81bffa4be_2.mp4,en,rav02,ang,AV_pair,L:H|R:E,H_vs_E@strong,buttons,7,left,L2,,,,1294,0,0,0,,
P22,en,1,pair_ml,45,0,0,0,v6_pair_ml_afa28cd8ae_1.mp4,jp,jp_hap_short_sentence,hap,AV_pair,L:E|R:L,L_vs_E@jp,buttons,7,left,L1,,,,1487,0,0,0,,
P22,en,1,pair_ml,46,0,0,0,v6_pair_ml_c4711cd80a_1.mp4,cn,0002_000488,ang,AV_pair,L:Lrev|R:L,L_vs_Lrev@cn,buttons,7,right,R1,,,,1282,0,0,0,,
P22,en,1,pair_ml,47,0,0,0,v6_pair_ml_f26827db2f_2.mp4,en,en_hap_short_sentence,hap,AV_pair,L:L|R:E,L_vs_E@en,buttons,7,right,R2,,,,1429,0,0,0,,
P22,en,1,pair_ml,48,0,0,0,v6_pair_ml_d6dd46665d_1.mp4,cn,0002_001188,sad,AV_pair,L:Lrev|R:L,L_vs_Lrev@cn,buttons,7,left,L1,,,,1786,0,0,0,,
P22,en,1,pair_ml,49,0,0,0,v6_pair_ml_e5fa8f451a_2.mp4,en,en_ang_short_sentence,ang,AV_pair,L:L|R:Lrev,L_vs_Lrev@en,buttons,7,right,R1,,,,1347,0,0,0,,
P22,en,1,pair_ml,50,0,0,0,v6_pair_ml_c3519312c6_2.mp4,jp,jp_hap_short_sentence,hap,AV_pair,L:L|R:Lrev,L_vs_Lrev@jp,buttons,7,right,R2,,,,2416,0,0,0,,
P22,en,1,pair_ml,51,0,0,0,v6_pair_ml_44c920798b_1.mp4,en,en_ang_short_sentence,ang,AV_pair,L:E|R:L,L_vs_E@en,buttons,7,same,S0,,,,3772,0,0,0,,
P22,en,1,pair_ml,52,0,0,0,v6_pair_ml_9b2f256f7d_1.mp4,cn,0002_000838,hap,AV_pair,L:E|R:L,L_vs_E@cn,buttons,7,right,R1,,,,1224,0,0,0,,
P22,en,1,pair_ml,53,0,0,0,v6_pair_ml_4fc1e0e0d1_2.mp4,jp,jp_sad_short_sentence,sad,AV_pair,L:L|R:E,L_vs_E@jp,buttons,7,same,S0,,,,1055,0,0,0,,
P22,en,1,pair_ml,54,0,0,0,v6_pair_ml_a717ea56f4_2.mp4,cn,0002_000838,hap,AV_pair,L:L|R:Lrev,L_vs_Lrev@cn,buttons,7,right,R2,,,,1516,0,0,0,,
P22,en,1,pair_ml,55,0,0,0,v6_pair_ml_1780ae57a3_1.mp4,jp,jp_sad_short_sentence,sad,AV_pair,L:Lrev|R:L,L_vs_Lrev@jp,buttons,7,left,L2,,,,1816,0,0,0,,
P22,en,1,pair_ml,56,0,0,0,v6_pair_ml_97c8810aa2_1.mp4,en,en_hap_short_sentence,hap,AV_pair,L:Lrev|R:L,L_vs_Lrev@en,buttons,7,same,S0,,,,64471,0,0,0,,
P22,en,1,pair_ml,57,0,0,0,v6_pair_ml_d5ab099d51_2.mp4,cn,0002_001188,sad,AV_pair,L:L|R:E,L_vs_E@cn,buttons,7,left,L2,,,,1105,0,0,0,,
P22,en,1,pair_ml,58,0,0,0,v6_pair_ml_0bc71a1be9_1.mp4,jp,jp_ang_short_sentence,ang,AV_pair,L:Lrev|R:L,L_vs_Lrev@jp,buttons,7,right,R1,,,,1374,0,0,0,,
P22,en,1,pair_ml,59,0,0,0,v6_pair_ml_98df03baec_1.mp4,en,en_sad_short_sentence,sad,AV_pair,L:E|R:L,L_vs_E@en,buttons,7,same,S0,,,,1290,0,0,0,,
P22,en,1,pair_ml,60,0,0,0,v6_pair_ml_7e3e5bb20d_2.mp4,cn,0002_000488,ang,AV_pair,L:L|R:E,L_vs_E@cn,buttons,7,right,R2,,,,1399,0,0,0,,
P22,en,1,pair_ml,61,0,0,0,v6_pair_ml_506942a631_2.mp4,en,en_sad_short_sentence,sad,AV_pair,L:L|R:Lrev,L_vs_Lrev@en,buttons,7,left,L1,,,,1709,0,0,0,,
P22,en,1,pair_ml,62,0,0,0,v6_pair_ml_d921b78eb4_2.mp4,jp,jp_ang_short_sentence,ang,AV_pair,L:L|R:E,L_vs_E@jp,buttons,7,right,R1,,,,1709,0,0,0,,
P22,en,1,pair_mute,63,0,0,0,v6_pair_mute_39140f1f71_2.mp4,en,rav04,hap,AV_pair,L:H|R:E,mute:H_vs_E@strong,buttons,7,right,R1,,,,2185,0,0,0,,
P22,en,1,pair_mute,64,0,0,0,v6_pair_mute_3b6fa3b207_1.mp4,en,rav16,hap,AV_pair,L:E|R:H,mute:H_vs_E@strong,buttons,7,right,R2,,,,1008,0,0,0,,
P22,en,1,pair_mute,65,0,0,0,v6_pair_mute_250e7890e4_1.mp4,en,rav20,fear,AV_pair,L:E|R:H,mute:H_vs_E@strong,buttons,7,right,R1,,,,990,0,0,0,,
P22,en,1,pair_mute,66,0,0,0,v6_pair_mute_30ad4160ab_2.mp4,en,rav18,dis,AV_pair,L:H|R:E,mute:H_vs_E@strong,buttons,7,left,L1,,,,1606,0,0,0,,
P22,en,1,pair_mute,67,0,0,0,v6_pair_mute_555cc59e4b_2.mp4,en,rav10,fear,AV_pair,L:H|R:E,mute:H_vs_E@strong,buttons,7,right,R3,,,,1922,0,0,0,,
P22,en,1,pair_mute,68,0,0,0,v6_pair_mute_005d45f10b_1.mp4,en,rav06,ang,AV_pair,L:E|R:H,mute:H_vs_E@strong,buttons,7,same,S0,,,,103765,0,0,0,,
P22,en,1,voice_only,69,0,0,0,v6_voice_50a83a8476_1.mp4,en,rav18,dis,voice_only,voice:normal,voice_check,buttons,7,,neu,,,,6074,0,0,0,0,
P22,en,1,voice_only,70,0,0,0,v6_voice_08aabec890_1.mp4,en,rav06,ang,voice_only,voice:strong,voice_check,buttons,7,,ang,6,,,1193,0,0,0,1,
P22,en,1,voice_only,71,0,0,0,v6_voice_fb11565c01_1.mp4,en,rav20,fear,voice_only,voice:normal,voice_check,buttons,7,,sur,5,,,5175,0,0,0,0,
P22,en,1,voice_only,72,0,0,0,v6_voice_17e973c755_1.mp4,en,rav14,hap,voice_only,voice:strong,voice_check,buttons,7,,sad,5,,,3028,0,0,0,0,
P22,en,1,voice_only,73,0,0,0,v6_voice_7642129e05_1.mp4,en,rav12,fear,voice_only,voice:normal,voice_check,buttons,7,,hap,2,,,1921,0,0,0,0,
P22,en,1,voice_only,74,0,0,0,v6_voice_5daeb1533f_1.mp4,en,rav04,hap,voice_only,voice:strong,voice_check,buttons,7,,hap,6,,,3271,0,0,0,1,
P22,en,1,voice_only,75,0,0,0,v6_voice_a66c973128_1.mp4,en,rav06,ang,voice_only,voice:normal,voice_check,buttons,7,,neu,,,,911,0,0,0,0,
P22,en,1,voice_only,76,0,0,0,v6_voice_aaea5d0aab_1.mp4,en,rav12,fear,voice_only,voice:strong,voice_check,buttons,7,,neu,,,,51139,0,0,0,0,
P22,en,1,voice_only,77,0,0,0,v6_voice_214566cf57_1.mp4,en,rav14,hap,voice_only,voice:normal,voice_check,buttons,7,,hap,5,,,990,0,0,0,1,
P22,en,1,voice_only,78,0,0,0,v6_voice_b0cfac7f4c_1.mp4,en,rav18,dis,voice_only,voice:strong,voice_check,buttons,7,,dis,5,,,1307,0,0,0,1,
P22,en,1,voice_only,79,0,0,0,v6_voice_cd8f85d3b2_1.mp4,en,rav04,hap,voice_only,voice:normal,voice_check,buttons,7,,neu,,,,900,0,0,0,0,
P22,en,1,voice_only,80,0,0,0,v6_voice_70e2096718_1.mp4,en,rav20,fear,voice_only,voice:strong,voice_check,buttons,7,,fear,7,,,1173,0,0,0,1,
P23,en,1,single,0,0,0,0,v6_single_739783e84d_2.mp4,en,rav10,fear,AV,,,buttons,7,,fear,6,6,,2802,0,0,0,1,
P23,en,1,single,1,0,0,0,v6_single_24bf624e7d_3.mp4,en,rav16,hap,AV,,,buttons,7,,hap,4,5,,3822,0,0,0,1,
P23,en,1,single,2,0,0,0,v6_single_7b8afe562a_1.mp4,en,rav06,ang,AV,,,buttons,7,,ang,7,6,,1944,0,0,0,1,
P23,en,1,single,3,0,0,0,v6_single_76ee15a092_3.mp4,en,rav04,hap,AV,,,buttons,7,,sur,6,6,,2872,0,0,0,0,
P23,en,1,single,4,0,0,0,v6_single_802ffa53c5_2.mp4,en,rav20,fear,AV,,,buttons,7,,fear,6,6,,7872,0,0,0,1,
P23,en,1,single,5,0,0,0,v6_single_a721e1869f_1.mp4,en,rav18,dis,AV,,,buttons,7,,dis,5,3,,1259,0,0,0,1,
P23,en,1,practice,6,1,0,0,v6_practice_cd0abf6ffd_2.mp4,en,rav22,ang,AV_pair,L:H|R:E,practice:H_vs_E@strong,buttons,7,left,L2,,,,5729,0,0,0,,
P23,en,1,practice,7,1,0,0,v6_practice_85af89ed95_1.mp4,en,rav10,hap,AV_pair,L:E|R:H,practice:H_vs_E@strong,buttons,7,left,L2,,,,1404,0,0,0,,
P23,en,1,pair,8,0,0,0,v6_pair_69a37819e2_1.mp4,en,rav10,fear,AV_pair,L:E|R:H,H_vs_E@strong,buttons,7,left,L1,,,,1867,0,0,0,,
P23,en,1,pair,9,0,0,0,v6_pair_0c7d060d5f_1.mp4,en,rav24,dis,AV_pair,L:E|R:H,H_vs_E@strong,buttons,7,same,S0,,,,1669,0,0,0,,
P23,en,1,pair,10,0,0,0,v6_pair_d3f0adc106_2.mp4,en,rav10,fear,AV_pair,L:H|R:R,H_vs_R@strong,buttons,7,left,L1,,,,2353,0,0,0,,
P23,en,1,pair,11,0,0,0,v6_pair_0a26430948_2.mp4,en,rav04,hap,AV_pair,L:H|R:E,H_vs_E@normal,buttons,7,left,L3,,,,2503,0,0,0,,
P23,en,1,pair,12,0,0,0,v6_pair_c38e9eb491_1.mp4,en,rav18,dis,AV_pair,L:E|R:H,H_vs_E@strong,buttons,7,left,L1,,,,2742,0,0,0,,
P23,en,1,pair,13,0,0,0,v6_pair_5adfe6a4bd_2.mp4,en,rav20,fear,AV_pair,L:H|R:E,H_vs_E@normal,buttons,7,same,S0,,,,1428,0,0,0,,
P23,en,1,pair,14,0,0,0,v6_pair_e5c0cf4a07_1.mp4,en,rav04,hap,AV_pair,L:R|R:H,H_vs_R@strong,buttons,7,right,R1,,,,1577,0,0,0,,
P23,en,1,pair,15,0,0,0,v6_pair_87b373e751_2.mp4,en,rav16,hap,AV_pair,L:H|R:E,H_vs_E@strong,buttons,7,left,L1,,,,1389,0,0,0,,
P23,en,1,pair,16,0,0,0,v6_pair_db8f08e27f_1.mp4,en,rav10,fear,AV_pair,L:E|R:H,H_vs_E@normal,buttons,7,left,L2,,,,2077,0,0,0,,
P23,en,1,pair,17,0,0,0,v6_pair_f5403c44bd_1.mp4,en,rav16,hap,AV_pair,L:R|R:H,H_vs_R@strong,buttons,7,same,S0,,,,1753,0,0,0,,
P23,en,1,pair,18,0,0,0,v6_pair_33e30e2c1d_1.mp4,en,rav02,dis,AV_pair,L:E|R:H,H_vs_E@normal,buttons,7,right,R2,,,,1350,0,0,0,,
P23,en,1,pair,19,0,0,0,v6_pair_3961b3142e_2.mp4,en,rav20,fear,AV_pair,L:H|R:E,H_vs_E@strong,buttons,7,same,S0,,,,1397,0,0,0,,
P23,en,1,pair,20,0,0,0,v6_pair_417168a67a_1.mp4,en,rav20,fear,AV_pair,L:R|R:H,H_vs_R@strong,buttons,7,same,S0,,,,1901,0,0,0,,
P23,en,1,pair,21,0,0,0,v6_pair_6f570415b8_1.mp4,en,rav12,fear,AV_pair,L:R|R:H,H_vs_R@strong,buttons,7,right,R2,,,,1020,0,0,0,,
P23,en,1,pair,22,0,0,0,v6_pair_d81bffa4be_2.mp4,en,rav02,ang,AV_pair,L:H|R:E,H_vs_E@strong,buttons,7,left,L2,,,,1020,0,0,0,,
P23,en,1,pair,23,0,0,0,v6_pair_13ae59e46d_1.mp4,en,rav02,dis,AV_pair,L:E|R:H,H_vs_E@strong,buttons,7,right,R1,,,,1462,0,0,0,,
P23,en,1,pair,24,0,0,0,v6_pair_faec1498b7_1.mp4,en,rav08,ang,AV_pair,L:R|R:H,H_vs_R@strong,buttons,7,left,L3,,,,1234,0,0,0,,
P23,en,1,pair,25,0,0,0,v6_pair_66fc12fdc8_1.mp4,en,rav14,hap,AV_pair,L:E|R:H,H_vs_E@normal,buttons,7,right,R1,,,,1522,0,0,0,,
P23,en,1,pair,26,0,0,0,v6_pair_58bfd0c96b_2.mp4,en,rav24,dis,AV_pair,L:H|R:R,H_vs_R@strong,buttons,7,left,L2,,,,1698,0,0,0,,
P23,en,1,pair,27,0,0,0,v6_pair_3b7f4443aa_2.mp4,en,rav12,fear,AV_pair,L:H|R:E,H_vs_E@normal,buttons,7,left,L3,,,,1192,0,0,0,,
P23,en,1,pair,28,0,0,0,v6_pair_e86b22f765_1.mp4,en,rav24,dis,AV_pair,L:E|R:H,H_vs_E@normal,buttons,7,right,R1,,,,2265,0,0,0,,
P23,en,1,pair,29,0,0,0,v6_pair_dc983160dd_1.mp4,en,rav02,ang,AV_pair,L:R|R:H,H_vs_R@strong,buttons,7,right,R1,,,,1004,0,0,0,,
P23,en,1,pair,30,0,0,0,v6_pair_7ef69736a7_2.mp4,en,rav18,dis,AV_pair,L:H|R:R,H_vs_R@strong,buttons,7,left,L1,,,,1700,0,0,0,,
P23,en,1,pair,31,0,0,0,v6_pair_0c8482b715_2.mp4,en,rav02,ang,AV_pair,L:H|R:E,H_vs_E@normal,buttons,7,right,R1,,,,1510,0,0,0,,
P23,en,1,pair,32,0,0,0,v6_pair_53e6c4770b_1.mp4,en,rav14,hap,AV_pair,L:E|R:H,H_vs_E@strong,buttons,7,left,L2,,,,1258,0,0,0,,
P23,en,1,pair,33,0,0,0,v6_pair_1fc4717f31_2.mp4,en,rav16,hap,AV_pair,L:H|R:E,H_vs_E@normal,buttons,7,right,R1,,,,1718,0,0,0,,
P23,en,1,pair,34,0,0,0,v6_pair_c12bac8692_2.mp4,en,rav08,ang,AV_pair,L:H|R:E,H_vs_E@strong,buttons,7,left,L3,,,,1342,0,0,0,,
P23,en,1,pair,35,0,0,0,v6_pair_5caed2de25_1.mp4,en,rav06,ang,AV_pair,L:E|R:H,H_vs_E@normal,buttons,7,left,L1,,,,2048,0,0,0,,
P23,en,1,pair,36,0,0,0,v6_pair_7697f115bc_2.mp4,en,rav12,fear,AV_pair,L:H|R:E,H_vs_E@strong,buttons,7,left,L2,,,,902,0,0,0,,
P23,en,1,pair,37,0,0,0,v6_pair_97e6c7f1ce_1.mp4,en,rav18,dis,AV_pair,L:E|R:H,H_vs_E@normal,buttons,7,right,R2,,,,1088,0,0,0,,
P23,en,1,pair_catch,38,0,1,0,v6_catch_6f7a8a44b1_2.mp4,en,rav10,hap,AV_pair,L:still|R:H,correct:right,buttons,2,right,right,,,,2301,0,0,0,1,1
P23,en,1,pair,39,0,0,0,v6_pair_23d7c570a2_2.mp4,en,rav04,hap,AV_pair,L:H|R:E,H_vs_E@strong,buttons,7,left,L1,,,,2107,0,0,0,,
P23,en,1,pair,40,0,0,0,v6_pair_8073668068_2.mp4,en,rav02,dis,AV_pair,L:H|R:R,H_vs_R@strong,buttons,7,left,L2,,,,1048,0,0,0,,
P23,en,1,pair,41,0,0,0,v6_pair_fb8e3dd060_2.mp4,en,rav08,ang,AV_pair,L:H|R:E,H_vs_E@normal,buttons,7,right,R1,,,,2166,0,0,0,,
P23,en,1,pair,42,0,0,0,v6_pair_93629a9394_2.mp4,en,rav06,ang,AV_pair,L:H|R:R,H_vs_R@strong,buttons,7,left,L1,,,,4162,0,0,0,,
P23,en,1,pair,43,0,0,0,v6_pair_a97dec2f4e_2.mp4,en,rav14,hap,AV_pair,L:H|R:R,H_vs_R@strong,buttons,7,left,L2,,,,1693,0,0,0,,
P23,en,1,pair,44,0,0,0,v6_pair_4a472014db_1.mp4,en,rav06,ang,AV_pair,L:E|R:H,H_vs_E@strong,buttons,7,right,R1,,,,1919,0,0,0,,
P23,en,1,pair_ml,45,0,0,0,v6_pair_ml_506942a631_2.mp4,en,en_sad_short_sentence,sad,AV_pair,L:L|R:Lrev,L_vs_Lrev@en,buttons,7,same,S0,,,,6426,0,0,0,,
P23,en,1,pair_ml,46,0,0,0,v6_pair_ml_0bc71a1be9_1.mp4,jp,jp_ang_short_sentence,ang,AV_pair,L:Lrev|R:L,L_vs_Lrev@jp,buttons,7,right,R1,,,,1542,1,0,0,,
P23,en,1,pair_ml,47,0,0,0,v6_pair_ml_d6dd46665d_1.mp4,cn,0002_001188,sad,AV_pair,L:Lrev|R:L,L_vs_Lrev@cn,buttons,7,left,L2,,,,1628,0,0,0,,
P23,en,1,pair_ml,48,0,0,0,v6_pair_ml_97c8810aa2_1.mp4,en,en_hap_short_sentence,hap,AV_pair,L:Lrev|R:L,L_vs_Lrev@en,buttons,7,left,L3,,,,1161,1,0,0,,
P23,en,1,pair_ml,49,0,0,0,v6_pair_ml_4fc1e0e0d1_2.mp4,jp,jp_sad_short_sentence,sad,AV_pair,L:L|R:E,L_vs_E@jp,buttons,7,left,L1,,,,1811,0,0,0,,
P23,en,1,pair_ml,50,0,0,0,v6_pair_ml_44c920798b_1.mp4,en,en_ang_short_sentence,ang,AV_pair,L:E|R:L,L_vs_E@en,buttons,7,left,L1,,,,2431,1,0,0,,
P23,en,1,pair_ml,51,0,0,0,v6_pair_ml_9b2f256f7d_1.mp4,cn,0002_000838,hap,AV_pair,L:E|R:L,L_vs_E@cn,buttons,7,left,L1,,,,1488,0,0,0,,
P23,en,1,pair_ml,52,0,0,0,v6_pair_ml_98df03baec_1.mp4,en,en_sad_short_sentence,sad,AV_pair,L:E|R:L,L_vs_E@en,buttons,7,right,R1,,,,1387,1,0,0,,
P23,en,1,pair_ml,53,0,0,0,v6_pair_ml_7e3e5bb20d_2.mp4,cn,0002_000488,ang,AV_pair,L:L|R:E,L_vs_E@cn,buttons,7,right,R1,,,,1660,0,0,0,,
P23,en,1,pair_ml,54,0,0,0,v6_pair_ml_1780ae57a3_1.mp4,jp,jp_sad_short_sentence,sad,AV_pair,L:Lrev|R:L,L_vs_Lrev@jp,buttons,7,left,L1,,,,1190,0,0,0,,
P23,en,1,pair_ml,55,0,0,0,v6_pair_ml_f26827db2f_2.mp4,en,en_hap_short_sentence,hap,AV_pair,L:L|R:E,L_vs_E@en,buttons,7,same,S0,,,,1713,0,0,0,,
P23,en,1,pair_ml,56,0,0,0,v6_pair_ml_d921b78eb4_2.mp4,jp,jp_ang_short_sentence,ang,AV_pair,L:L|R:E,L_vs_E@jp,buttons,7,left,L2,,,,1604,0,0,0,,
P23,en,1,pair_ml,57,0,0,0,v6_pair_ml_a717ea56f4_2.mp4,cn,0002_000838,hap,AV_pair,L:L|R:Lrev,L_vs_Lrev@cn,buttons,7,left,L2,,,,1095,0,0,0,,
P23,en,1,pair_ml,58,0,0,0,v6_pair_ml_e5fa8f451a_2.mp4,en,en_ang_short_sentence,ang,AV_pair,L:L|R:Lrev,L_vs_Lrev@en,buttons,7,right,R2,,,,1329,0,0,0,,
P23,en,1,pair_ml,59,0,0,0,v6_pair_ml_c3519312c6_2.mp4,jp,jp_hap_short_sentence,hap,AV_pair,L:L|R:Lrev,L_vs_Lrev@jp,buttons,7,right,R1,,,,1441,0,0,0,,
P23,en,1,pair_ml,60,0,0,0,v6_pair_ml_d5ab099d51_2.mp4,cn,0002_001188,sad,AV_pair,L:L|R:E,L_vs_E@cn,buttons,7,left,L1,,,,1751,0,0,0,,
P23,en,1,pair_ml,61,0,0,0,v6_pair_ml_afa28cd8ae_1.mp4,jp,jp_hap_short_sentence,hap,AV_pair,L:E|R:L,L_vs_E@jp,buttons,7,left,L1,,,,1401,0,0,0,,
P23,en,1,pair_ml,62,0,0,0,v6_pair_ml_c4711cd80a_1.mp4,cn,0002_000488,ang,AV_pair,L:Lrev|R:L,L_vs_Lrev@cn,buttons,7,right,R1,,,,1607,0,0,0,,
P23,en,1,pair_mute,63,0,0,0,v6_pair_mute_555cc59e4b_2.mp4,en,rav10,fear,AV_pair,L:H|R:E,mute:H_vs_E@strong,buttons,7,left,L2,,,,1186,1,0,0,,
P23,en,1,pair_mute,64,0,0,0,v6_pair_mute_30ad4160ab_2.mp4,en,rav18,dis,AV_pair,L:H|R:E,mute:H_vs_E@strong,buttons,7,left,L2,,,,1124,0,0,0,,
P23,en,1,pair_mute,65,0,0,0,v6_pair_mute_250e7890e4_1.mp4,en,rav20,fear,AV_pair,L:E|R:H,mute:H_vs_E@strong,buttons,7,left,L1,,,,1966,0,0,0,,
P23,en,1,pair_mute,66,0,0,0,v6_pair_mute_39140f1f71_2.mp4,en,rav04,hap,AV_pair,L:H|R:E,mute:H_vs_E@strong,buttons,7,left,L1,,,,1545,0,0,0,,
P23,en,1,pair_mute,67,0,0,0,v6_pair_mute_005d45f10b_1.mp4,en,rav06,ang,AV_pair,L:E|R:H,mute:H_vs_E@strong,buttons,7,right,R2,,,,1192,0,0,0,,
P23,en,1,pair_mute,68,0,0,0,v6_pair_mute_3b6fa3b207_1.mp4,en,rav16,hap,AV_pair,L:E|R:H,mute:H_vs_E@strong,buttons,7,left,L1,,,,1583,0,0,0,,
P23,en,1,voice_only,69,0,0,0,v6_voice_7642129e05_1.mp4,en,rav12,fear,voice_only,voice:normal,voice_check,buttons,7,,fear,5,,,3107,0,0,0,1,
P23,en,1,voice_only,70,0,0,0,v6_voice_17e973c755_1.mp4,en,rav14,hap,voice_only,voice:strong,voice_check,buttons,7,,hap,3,,,3220,0,0,0,1,
P23,en,1,voice_only,71,0,0,0,v6_voice_a66c973128_1.mp4,en,rav06,ang,voice_only,voice:normal,voice_check,buttons,7,,dis,2,,,6098,0,0,0,0,
P23,en,1,voice_only,72,0,0,0,v6_voice_70e2096718_1.mp4,en,rav20,fear,voice_only,voice:strong,voice_check,buttons,7,,fear,7,,,2260,0,0,0,1,
P23,en,1,voice_only,73,0,0,0,v6_voice_214566cf57_1.mp4,en,rav14,hap,voice_only,voice:normal,voice_check,buttons,7,,hap,7,,,1358,0,0,0,1,
P23,en,1,voice_only,74,0,0,0,v6_voice_08aabec890_1.mp4,en,rav06,ang,voice_only,voice:strong,voice_check,buttons,7,,ang,7,,,1866,0,0,0,1,
P23,en,1,voice_only,75,0,0,0,v6_voice_cd8f85d3b2_1.mp4,en,rav04,hap,voice_only,voice:normal,voice_check,buttons,7,,hap,4,,,5939,0,0,0,1,
P23,en,1,voice_only,76,0,0,0,v6_voice_aaea5d0aab_1.mp4,en,rav12,fear,voice_only,voice:strong,voice_check,buttons,7,,fear,5,,,2627,0,0,0,1,
P23,en,1,voice_only,77,0,0,0,v6_voice_50a83a8476_1.mp4,en,rav18,dis,voice_only,voice:normal,voice_check,buttons,7,,dis,6,,,1441,0,0,0,1,
P23,en,1,voice_only,78,0,0,0,v6_voice_5daeb1533f_1.mp4,en,rav04,hap,voice_only,voice:strong,voice_check,buttons,7,,hap,6,,,1639,0,0,0,1,
P23,en,1,voice_only,79,0,0,0,v6_voice_fb11565c01_1.mp4,en,rav20,fear,voice_only,voice:normal,voice_check,buttons,7,,fear,5,,,1691,0,0,0,1,
P23,en,1,voice_only,80,0,0,0,v6_voice_b0cfac7f4c_1.mp4,en,rav18,dis,voice_only,voice:strong,voice_check,buttons,7,,dis,7,,,1024,0,0,0,1,
P24,en,1,single,0,0,0,0,v6_single_24bf624e7d_2.mp4,en,rav16,hap,AV,,,buttons,7,,hap,4,5,,3562,0,0,0,1,
P24,en,1,single,1,0,0,0,v6_single_739783e84d_1.mp4,en,rav10,fear,AV,,,buttons,7,,fear,5,5,,5053,0,0,0,1,
P24,en,1,single,2,0,0,0,v6_single_a721e1869f_3.mp4,en,rav18,dis,AV,,,buttons,7,,sur,5,4,,1852,1,0,0,0,
P24,en,1,single,2,0,0,1,v6_single_a721e1869f_3.mp4,en,rav18,dis,AV,,,buttons,7,,fear,5,3,,6970,0,0,0,0,
P24,en,1,single,3,0,0,0,v6_single_76ee15a092_2.mp4,en,rav04,hap,AV,,,buttons,7,,hap,5,4,,2901,0,0,0,1,
P24,en,1,single,4,0,0,0,v6_single_802ffa53c5_1.mp4,en,rav20,fear,AV,,,buttons,7,,fear,5,4,,2598,0,0,0,1,
P24,en,1,single,5,0,0,0,v6_single_7b8afe562a_3.mp4,en,rav06,ang,AV,,,buttons,7,,ang,5,5,,2777,0,0,0,1,
P24,en,1,practice,6,1,0,0,v6_practice_cd0abf6ffd_1.mp4,en,rav22,ang,AV_pair,L:E|R:H,practice:H_vs_E@strong,buttons,7,same,S0,,,,1384,1,0,0,,
P24,en,1,practice,7,1,0,0,v6_practice_85af89ed95_2.mp4,en,rav10,hap,AV_pair,L:H|R:E,practice:H_vs_E@strong,buttons,7,right,R1,,,,2548,2,0,0,,
P24,en,1,pair,8,0,0,0,v6_pair_faec1498b7_2.mp4,en,rav08,ang,AV_pair,L:H|R:R,H_vs_R@strong,buttons,7,right,R1,,,,960,0,0,0,,
P24,en,1,pair,9,0,0,0,v6_pair_87b373e751_1.mp4,en,rav16,hap,AV_pair,L:E|R:H,H_vs_E@strong,buttons,7,left,L1,,,,949,0,0,0,,
P24,en,1,pair,10,0,0,0,v6_pair_7ef69736a7_1.mp4,en,rav18,dis,AV_pair,L:R|R:H,H_vs_R@strong,buttons,7,same,S0,,,,1599,0,0,0,,
P24,en,1,pair,11,0,0,0,v6_pair_0c8482b715_1.mp4,en,rav02,ang,AV_pair,L:E|R:H,H_vs_E@normal,buttons,7,same,S0,,,,2150,0,0,0,,
P24,en,1,pair,12,0,0,0,v6_pair_69a37819e2_2.mp4,en,rav10,fear,AV_pair,L:H|R:E,H_vs_E@strong,buttons,7,right,R1,,,,1096,0,0,0,,
P24,en,1,pair,13,0,0,0,v6_pair_58bfd0c96b_1.mp4,en,rav24,dis,AV_pair,L:R|R:H,H_vs_R@strong,buttons,7,same,S0,,,,817,0,0,0,,
P24,en,1,pair,14,0,0,0,v6_pair_7697f115bc_1.mp4,en,rav12,fear,AV_pair,L:E|R:H,H_vs_E@strong,buttons,7,left,L1,,,,1079,0,0,0,,
P24,en,1,pair,15,0,0,0,v6_pair_97e6c7f1ce_2.mp4,en,rav18,dis,AV_pair,L:H|R:E,H_vs_E@normal,buttons,7,right,R1,,,,873,0,0,0,,
P24,en,1,pair,16,0,0,0,v6_pair_6f570415b8_2.mp4,en,rav12,fear,AV_pair,L:H|R:R,H_vs_R@strong,buttons,7,right,R1,,,,1360,0,0,0,,
P24,en,1,pair,17,0,0,0,v6_pair_3961b3142e_1.mp4,en,rav20,fear,AV_pair,L:E|R:H,H_vs_E@strong,buttons,7,same,S0,,,,1041,0,0,0,,
P24,en,1,pair,18,0,0,0,v6_pair_5adfe6a4bd_1.mp4,en,rav20,fear,AV_pair,L:E|R:H,H_vs_E@normal,buttons,7,left,L1,,,,892,0,0,0,,
P24,en,1,pair,19,0,0,0,v6_pair_e5c0cf4a07_2.mp4,en,rav04,hap,AV_pair,L:H|R:R,H_vs_R@strong,buttons,7,same,S0,,,,843,0,0,0,,
P24,en,1,pair,20,0,0,0,v6_pair_23d7c570a2_1.mp4,en,rav04,hap,AV_pair,L:E|R:H,H_vs_E@strong,buttons,7,left,L1,,,,864,0,0,0,,
P24,en,1,pair,21,0,0,0,v6_pair_d81bffa4be_1.mp4,en,rav02,ang,AV_pair,L:E|R:H,H_vs_E@strong,buttons,7,right,R1,,,,911,0,0,0,,
P24,en,1,pair,22,0,0,0,v6_pair_db8f08e27f_2.mp4,en,rav10,fear,AV_pair,L:H|R:E,H_vs_E@normal,buttons,7,left,L1,,,,932,0,0,0,,
P24,en,1,pair,23,0,0,0,v6_pair_0a26430948_1.mp4,en,rav04,hap,AV_pair,L:E|R:H,H_vs_E@normal,buttons,7,left,L1,,,,807,0,0,0,,
P24,en,1,pair,24,0,0,0,v6_pair_c12bac8692_1.mp4,en,rav08,ang,AV_pair,L:E|R:H,H_vs_E@strong,buttons,7,left,L1,,,,4404,1,0,0,,
P24,en,1,pair,25,0,0,0,v6_pair_c38e9eb491_2.mp4,en,rav18,dis,AV_pair,L:H|R:E,H_vs_E@strong,buttons,7,left,L1,,,,673,0,0,0,,
P24,en,1,pair,26,0,0,0,v6_pair_fb8e3dd060_1.mp4,en,rav08,ang,AV_pair,L:E|R:H,H_vs_E@normal,buttons,7,same,S0,,,,1995,0,0,0,,
P24,en,1,pair,27,0,0,0,v6_pair_8073668068_1.mp4,en,rav02,dis,AV_pair,L:R|R:H,H_vs_R@strong,buttons,7,right,R1,,,,6856,0,0,0,,
P24,en,1,pair,28,0,0,0,v6_pair_417168a67a_2.mp4,en,rav20,fear,AV_pair,L:H|R:R,H_vs_R@strong,buttons,7,same,S0,,,,795,0,0,0,,
P24,en,1,pair,29,0,0,0,v6_pair_e86b22f765_2.mp4,en,rav24,dis,AV_pair,L:H|R:E,H_vs_E@normal,buttons,7,same,S0,,,,1053,0,0,0,,
P24,en,1,pair,30,0,0,0,v6_pair_f5403c44bd_2.mp4,en,rav16,hap,AV_pair,L:H|R:R,H_vs_R@strong,buttons,7,right,R1,,,,857,0,0,0,,
P24,en,1,pair,31,0,0,0,v6_pair_3b7f4443aa_1.mp4,en,rav12,fear,AV_pair,L:E|R:H,H_vs_E@normal,buttons,7,right,R1,,,,895,0,0,0,,
P24,en,1,pair,32,0,0,0,v6_pair_66fc12fdc8_2.mp4,en,rav14,hap,AV_pair,L:H|R:E,H_vs_E@normal,buttons,7,right,R1,,,,1065,1,0,0,,
P24,en,1,pair,33,0,0,0,v6_pair_53e6c4770b_2.mp4,en,rav14,hap,AV_pair,L:H|R:E,H_vs_E@strong,buttons,7,right,R1,,,,753,1,0,0,,
P24,en,1,pair,34,0,0,0,v6_pair_1fc4717f31_1.mp4,en,rav16,hap,AV_pair,L:E|R:H,H_vs_E@normal,buttons,7,right,R1,,,,911,1,0,0,,
P24,en,1,pair,35,0,0,0,v6_pair_0c7d060d5f_2.mp4,en,rav24,dis,AV_pair,L:H|R:E,H_vs_E@strong,buttons,7,right,R1,,,,958,0,0,0,,
P24,en,1,pair,36,0,0,0,v6_pair_dc983160dd_2.mp4,en,rav02,ang,AV_pair,L:H|R:R,H_vs_R@strong,buttons,7,right,R1,,,,1058,0,0,0,,
P24,en,1,pair,37,0,0,0,v6_pair_5caed2de25_2.mp4,en,rav06,ang,AV_pair,L:H|R:E,H_vs_E@normal,buttons,7,right,R2,,,,1758,1,0,0,,
P24,en,1,pair,38,0,0,0,v6_pair_4a472014db_2.mp4,en,rav06,ang,AV_pair,L:H|R:E,H_vs_E@strong,buttons,7,left,L1,,,,891,1,0,0,,
P24,en,1,pair,39,0,0,0,v6_pair_93629a9394_1.mp4,en,rav06,ang,AV_pair,L:R|R:H,H_vs_R@strong,buttons,7,left,L1,,,,701,0,0,0,,
P24,en,1,pair,40,0,0,0,v6_pair_33e30e2c1d_2.mp4,en,rav02,dis,AV_pair,L:H|R:E,H_vs_E@normal,buttons,7,right,R1,,,,763,0,0,0,,
P24,en,1,pair_catch,41,0,1,0,v6_catch_6f7a8a44b1_1.mp4,en,rav10,hap,AV_pair,L:H|R:still,correct:left,buttons,2,left,left,,,,7895,1,0,0,1,1
P24,en,1,pair,42,0,0,0,v6_pair_13ae59e46d_2.mp4,en,rav02,dis,AV_pair,L:H|R:E,H_vs_E@strong,buttons,7,right,R1,,,,759,0,0,0,,
P24,en,1,pair,43,0,0,0,v6_pair_a97dec2f4e_1.mp4,en,rav14,hap,AV_pair,L:R|R:H,H_vs_R@strong,buttons,7,left,L1,,,,702,0,0,0,,
P24,en,1,pair,44,0,0,0,v6_pair_d3f0adc106_1.mp4,en,rav10,fear,AV_pair,L:R|R:H,H_vs_R@strong,buttons,7,right,R1,,,,676,0,0,0,,
P24,en,1,pair_ml,45,0,0,0,v6_pair_ml_d921b78eb4_1.mp4,jp,jp_ang_short_sentence,ang,AV_pair,L:E|R:L,L_vs_E@jp,buttons,7,right,R1,,,,2356,0,0,0,,
P24,en,1,pair_ml,46,0,0,0,v6_pair_ml_d5ab099d51_1.mp4,cn,0002_001188,sad,AV_pair,L:E|R:L,L_vs_E@cn,buttons,7,left,L1,,,,1344,0,0,0,,
P24,en,1,pair_ml,47,0,0,0,v6_pair_ml_97c8810aa2_2.mp4,en,en_hap_short_sentence,hap,AV_pair,L:L|R:Lrev,L_vs_Lrev@en,buttons,7,same,S0,,,,1721,0,0,0,,
P24,en,1,pair_ml,48,0,0,0,v6_pair_ml_0bc71a1be9_2.mp4,jp,jp_ang_short_sentence,ang,AV_pair,L:L|R:Lrev,L_vs_Lrev@jp,buttons,7,left,L1,,,,1432,0,0,0,,
P24,en,1,pair_ml,49,0,0,0,v6_pair_ml_506942a631_1.mp4,en,en_sad_short_sentence,sad,AV_pair,L:Lrev|R:L,L_vs_Lrev@en,buttons,7,right,R1,,,,1007,0,0,0,,
P24,en,1,pair_ml,50,0,0,0,v6_pair_ml_a717ea56f4_1.mp4,cn,0002_000838,hap,AV_pair,L:Lrev|R:L,L_vs_Lrev@cn,buttons,7,right,R1,,,,1037,1,0,0,,
P24,en,1,pair_ml,51,0,0,0,v6_pair_ml_1780ae57a3_2.mp4,jp,jp_sad_short_sentence,sad,AV_pair,L:L|R:Lrev,L_vs_Lrev@jp,buttons,7,right,R1,,,,1112,0,0,0,,
P24,en,1,pair_ml,52,0,0,0,v6_pair_ml_c4711cd80a_2.mp4,cn,0002_000488,ang,AV_pair,L:L|R:Lrev,L_vs_Lrev@cn,buttons,7,left,L1,,,,909,0,0,0,,
P24,en,1,pair_ml,53,0,0,0,v6_pair_ml_f26827db2f_1.mp4,en,en_hap_short_sentence,hap,AV_pair,L:E|R:L,L_vs_E@en,buttons,7,right,R1,,,,887,0,0,0,,
P24,en,1,pair_ml,54,0,0,0,v6_pair_ml_d6dd46665d_2.mp4,cn,0002_001188,sad,AV_pair,L:L|R:Lrev,L_vs_Lrev@cn,buttons,7,right,R1,,,,865,0,0,0,,
P24,en,1,pair_ml,55,0,0,0,v6_pair_ml_44c920798b_2.mp4,en,en_ang_short_sentence,ang,AV_pair,L:L|R:E,L_vs_E@en,buttons,7,right,R1,,,,1057,2,0,0,,
P24,en,1,pair_ml,56,0,0,0,v6_pair_ml_c3519312c6_1.mp4,jp,jp_hap_short_sentence,hap,AV_pair,L:Lrev|R:L,L_vs_Lrev@jp,buttons,7,left,L1,,,,1742,0,0,0,,
P24,en,1,pair_ml,57,0,0,0,v6_pair_ml_7e3e5bb20d_1.mp4,cn,0002_000488,ang,AV_pair,L:E|R:L,L_vs_E@cn,buttons,7,left,L1,,,,1060,2,0,0,,
P24,en,1,pair_ml,58,0,0,0,v6_pair_ml_afa28cd8ae_2.mp4,jp,jp_hap_short_sentence,hap,AV_pair,L:L|R:E,L_vs_E@jp,buttons,7,left,L1,,,,1377,0,0,0,,
P24,en,1,pair_ml,59,0,0,0,v6_pair_ml_98df03baec_2.mp4,en,en_sad_short_sentence,sad,AV_pair,L:L|R:E,L_vs_E@en,buttons,7,left,L1,,,,1384,2,0,0,,
P24,en,1,pair_ml,60,0,0,0,v6_pair_ml_9b2f256f7d_2.mp4,cn,0002_000838,hap,AV_pair,L:L|R:E,L_vs_E@cn,buttons,7,right,R1,,,,1234,0,0,0,,
P24,en,1,pair_ml,61,0,0,0,v6_pair_ml_4fc1e0e0d1_1.mp4,jp,jp_sad_short_sentence,sad,AV_pair,L:E|R:L,L_vs_E@jp,buttons,7,right,R1,,,,1713,0,0,0,,
P24,en,1,pair_ml,62,0,0,0,v6_pair_ml_e5fa8f451a_1.mp4,en,en_ang_short_sentence,ang,AV_pair,L:Lrev|R:L,L_vs_Lrev@en,buttons,7,left,L2,,,,2213,0,0,0,,
P24,en,1,pair_mute,63,0,0,0,v6_pair_mute_005d45f10b_2.mp4,en,rav06,ang,AV_pair,L:H|R:E,mute:H_vs_E@strong,buttons,7,left,L1,,,,1740,3,0,0,,
P24,en,1,pair_mute,64,0,0,0,v6_pair_mute_250e7890e4_2.mp4,en,rav20,fear,AV_pair,L:H|R:E,mute:H_vs_E@strong,buttons,7,left,L1,,,,1880,0,0,0,,
P24,en,1,pair_mute,65,0,0,0,v6_pair_mute_39140f1f71_1.mp4,en,rav04,hap,AV_pair,L:E|R:H,mute:H_vs_E@strong,buttons,7,right,R2,,,,839,0,0,0,,
P24,en,1,pair_mute,66,0,0,0,v6_pair_mute_3b6fa3b207_2.mp4,en,rav16,hap,AV_pair,L:H|R:E,mute:H_vs_E@strong,buttons,7,left,L1,,,,969,0,0,0,,
P24,en,1,pair_mute,67,0,0,0,v6_pair_mute_30ad4160ab_1.mp4,en,rav18,dis,AV_pair,L:E|R:H,mute:H_vs_E@strong,buttons,7,right,R1,,,,923,0,0,0,,
P24,en,1,pair_mute,68,0,0,0,v6_pair_mute_555cc59e4b_1.mp4,en,rav10,fear,AV_pair,L:E|R:H,mute:H_vs_E@strong,buttons,7,right,R1,,,,1070,0,0,0,,
P24,en,1,voice_only,69,0,0,0,v6_voice_214566cf57_1.mp4,en,rav14,hap,voice_only,voice:normal,voice_check,buttons,7,,sur,5,,,2169,1,0,0,0,
P24,en,1,voice_only,70,0,0,0,v6_voice_08aabec890_1.mp4,en,rav06,ang,voice_only,voice:strong,voice_check,buttons,7,,ang,7,,,1125,0,0,0,1,
P24,en,1,voice_only,71,0,0,0,v6_voice_50a83a8476_1.mp4,en,rav18,dis,voice_only,voice:normal,voice_check,buttons,7,,sur,5,,,1115,0,0,0,0,
P24,en,1,voice_only,72,0,0,0,v6_voice_aaea5d0aab_1.mp4,en,rav12,fear,voice_only,voice:strong,voice_check,buttons,7,,fear,6,,,1713,0,0,0,1,
P24,en,1,voice_only,73,0,0,0,v6_voice_a66c973128_1.mp4,en,rav06,ang,voice_only,voice:normal,voice_check,buttons,7,,ang,5,,,1166,0,0,0,1,
P24,en,1,voice_only,74,0,0,0,v6_voice_17e973c755_1.mp4,en,rav14,hap,voice_only,voice:strong,voice_check,buttons,7,,hap,6,,,3327,0,0,0,1,
P24,en,1,voice_only,75,0,0,0,v6_voice_fb11565c01_1.mp4,en,rav20,fear,voice_only,voice:normal,voice_check,buttons,7,,fear,6,,,2006,0,0,0,1,
P24,en,1,voice_only,76,0,0,0,v6_voice_5daeb1533f_1.mp4,en,rav04,hap,voice_only,voice:strong,voice_check,buttons,7,,sur,6,,,792,0,0,0,0,
P24,en,1,voice_only,77,0,0,0,v6_voice_7642129e05_1.mp4,en,rav12,fear,voice_only,voice:normal,voice_check,buttons,7,,fear,6,,,1257,0,0,0,1,
P24,en,1,voice_only,78,0,0,0,v6_voice_b0cfac7f4c_1.mp4,en,rav18,dis,voice_only,voice:strong,voice_check,buttons,7,,sur,5,,,3536,0,0,0,0,
P24,en,1,voice_only,79,0,0,0,v6_voice_cd8f85d3b2_1.mp4,en,rav04,hap,voice_only,voice:normal,voice_check,buttons,7,,neu,,,,4330,0,0,0,0,
P24,en,1,voice_only,80,0,0,0,v6_voice_70e2096718_1.mp4,en,rav20,fear,voice_only,voice:strong,voice_check,buttons,7,,fear,7,,,2194,0,0,0,1,
P25,en,1,single,0,0,0,0,v6_single_a721e1869f_2.mp4,en,rav18,dis,AV,,,buttons,7,,fear,4,5,,3584,0,0,0,0,
P25,en,1,single,1,0,0,0,v6_single_802ffa53c5_3.mp4,en,rav20,fear,AV,,,buttons,7,,fear,6,5,,1380,0,0,0,1,
P25,en,1,single,2,0,0,0,v6_single_24bf624e7d_1.mp4,en,rav16,hap,AV,,,buttons,7,,hap,5,5,,4512,0,0,0,1,
P25,en,1,single,3,0,0,0,v6_single_739783e84d_3.mp4,en,rav10,fear,AV,,,buttons,7,,fear,5,5,,1163,0,0,0,1,
P25,en,1,single,4,0,0,0,v6_single_76ee15a092_1.mp4,en,rav04,hap,AV,,,buttons,7,,hap,6,6,,3253,0,0,0,1,
P25,en,1,single,5,0,0,0,v6_single_7b8afe562a_2.mp4,en,rav06,ang,AV,,,buttons,7,,ang,6,6,,2756,0,0,0,1,
P25,en,1,practice,6,1,0,0,v6_practice_cd0abf6ffd_2.mp4,en,rav22,ang,AV_pair,L:H|R:E,practice:H_vs_E@strong,buttons,7,same,S0,,,,4838,0,0,0,,
P25,en,1,practice,7,1,0,0,v6_practice_85af89ed95_1.mp4,en,rav10,hap,AV_pair,L:E|R:H,practice:H_vs_E@strong,buttons,7,right,R2,,,,4108,0,0,0,,
P25,en,1,pair,8,0,0,0,v6_pair_66fc12fdc8_1.mp4,en,rav14,hap,AV_pair,L:E|R:H,H_vs_E@normal,buttons,7,same,S0,,,,1543,0,0,0,,
P25,en,1,pair,9,0,0,0,v6_pair_7ef69736a7_2.mp4,en,rav18,dis,AV_pair,L:H|R:R,H_vs_R@strong,buttons,7,right,R1,,,,1383,0,0,0,,
P25,en,1,pair_catch,10,0,1,0,v6_catch_6f7a8a44b1_2.mp4,en,rav10,hap,AV_pair,L:still|R:H,correct:right,buttons,2,right,right,,,,5693,0,0,0,1,1
P25,en,1,pair,11,0,0,0,v6_pair_c38e9eb491_1.mp4,en,rav18,dis,AV_pair,L:E|R:H,H_vs_E@strong,buttons,7,left,L1,,,,8855,0,0,0,,
P25,en,1,pair,12,0,0,0,v6_pair_6f570415b8_1.mp4,en,rav12,fear,AV_pair,L:R|R:H,H_vs_R@strong,buttons,7,right,R1,,,,1342,0,0,0,,
P25,en,1,pair,13,0,0,0,v6_pair_c12bac8692_2.mp4,en,rav08,ang,AV_pair,L:H|R:E,H_vs_E@strong,buttons,7,left,L2,,,,991,0,0,0,,
P25,en,1,pair,14,0,0,0,v6_pair_db8f08e27f_1.mp4,en,rav10,fear,AV_pair,L:E|R:H,H_vs_E@normal,buttons,7,same,S0,,,,3431,0,0,0,,
P25,en,1,pair,15,0,0,0,v6_pair_13ae59e46d_1.mp4,en,rav02,dis,AV_pair,L:E|R:H,H_vs_E@strong,buttons,7,right,R1,,,,1567,0,0,0,,
P25,en,1,pair,16,0,0,0,v6_pair_69a37819e2_1.mp4,en,rav10,fear,AV_pair,L:E|R:H,H_vs_E@strong,buttons,7,right,R1,,,,967,0,0,0,,
P25,en,1,pair,17,0,0,0,v6_pair_5caed2de25_1.mp4,en,rav06,ang,AV_pair,L:E|R:H,H_vs_E@normal,buttons,7,same,S0,,,,1554,0,0,0,,
P25,en,1,pair,18,0,0,0,v6_pair_0c8482b715_2.mp4,en,rav02,ang,AV_pair,L:H|R:E,H_vs_E@normal,buttons,7,right,R1,,,,2879,0,0,0,,
P25,en,1,pair,19,0,0,0,v6_pair_faec1498b7_1.mp4,en,rav08,ang,AV_pair,L:R|R:H,H_vs_R@strong,buttons,7,left,L1,,,,1174,0,0,0,,
P25,en,1,pair,20,0,0,0,v6_pair_0a26430948_2.mp4,en,rav04,hap,AV_pair,L:H|R:E,H_vs_E@normal,buttons,7,same,S0,,,,788,0,0,0,,
P25,en,1,pair,21,0,0,0,v6_pair_7697f115bc_2.mp4,en,rav12,fear,AV_pair,L:H|R:E,H_vs_E@strong,buttons,7,left,L2,,,,949,0,0,0,,
P25,en,1,pair,22,0,0,0,v6_pair_1fc4717f31_2.mp4,en,rav16,hap,AV_pair,L:H|R:E,H_vs_E@normal,buttons,7,right,R1,,,,3805,0,0,0,,
P25,en,1,pair,23,0,0,0,v6_pair_58bfd0c96b_2.mp4,en,rav24,dis,AV_pair,L:H|R:R,H_vs_R@strong,buttons,7,left,L1,,,,795,0,0,0,,
P25,en,1,pair,24,0,0,0,v6_pair_f5403c44bd_1.mp4,en,rav16,hap,AV_pair,L:R|R:H,H_vs_R@strong,buttons,7,right,R1,,,,2058,0,0,0,,
P25,en,1,pair,25,0,0,0,v6_pair_3961b3142e_2.mp4,en,rav20,fear,AV_pair,L:H|R:E,H_vs_E@strong,buttons,7,left,L1,,,,1015,0,0,0,,
P25,en,1,pair,26,0,0,0,v6_pair_97e6c7f1ce_1.mp4,en,rav18,dis,AV_pair,L:E|R:H,H_vs_E@normal,buttons,7,same,S0,,,,3188,0,0,0,,
P25,en,1,pair,27,0,0,0,v6_pair_0c7d060d5f_1.mp4,en,rav24,dis,AV_pair,L:E|R:H,H_vs_E@strong,buttons,7,right,R1,,,,893,0,0,0,,
P25,en,1,pair,28,0,0,0,v6_pair_93629a9394_2.mp4,en,rav06,ang,AV_pair,L:H|R:R,H_vs_R@strong,buttons,7,right,R1,,,,1652,0,0,0,,
P25,en,1,pair,29,0,0,0,v6_pair_e5c0cf4a07_1.mp4,en,rav04,hap,AV_pair,L:R|R:H,H_vs_R@strong,buttons,7,same,S0,,,,1083,0,0,0,,
P25,en,1,pair,30,0,0,0,v6_pair_3b7f4443aa_2.mp4,en,rav12,fear,AV_pair,L:H|R:E,H_vs_E@normal,buttons,7,same,S0,,,,759,0,0,0,,
P25,en,1,pair,31,0,0,0,v6_pair_a97dec2f4e_2.mp4,en,rav14,hap,AV_pair,L:H|R:R,H_vs_R@strong,buttons,7,left,L1,,,,1030,0,0,0,,
P25,en,1,pair,32,0,0,0,v6_pair_d3f0adc106_2.mp4,en,rav10,fear,AV_pair,L:H|R:R,H_vs_R@strong,buttons,7,right,R1,,,,1577,0,0,0,,
P25,en,1,pair,33,0,0,0,v6_pair_23d7c570a2_2.mp4,en,rav04,hap,AV_pair,L:H|R:E,H_vs_E@strong,buttons,7,left,L1,,,,878,0,0,0,,
P25,en,1,pair,34,0,0,0,v6_pair_e86b22f765_1.mp4,en,rav24,dis,AV_pair,L:E|R:H,H_vs_E@normal,buttons,7,same,S0,,,,915,0,0,0,,
P25,en,1,pair,35,0,0,0,v6_pair_4a472014db_1.mp4,en,rav06,ang,AV_pair,L:E|R:H,H_vs_E@strong,buttons,7,left,L2,,,,3143,0,0,0,,
P25,en,1,pair,36,0,0,0,v6_pair_33e30e2c1d_1.mp4,en,rav02,dis,AV_pair,L:E|R:H,H_vs_E@normal,buttons,7,right,R2,,,,815,0,0,0,,
P25,en,1,pair,37,0,0,0,v6_pair_53e6c4770b_1.mp4,en,rav14,hap,AV_pair,L:E|R:H,H_vs_E@strong,buttons,7,same,S0,,,,2780,0,0,0,,
P25,en,1,pair,38,0,0,0,v6_pair_d81bffa4be_2.mp4,en,rav02,ang,AV_pair,L:H|R:E,H_vs_E@strong,buttons,7,same,S0,,,,3470,0,0,0,,
P25,en,1,pair,39,0,0,0,v6_pair_8073668068_2.mp4,en,rav02,dis,AV_pair,L:H|R:R,H_vs_R@strong,buttons,7,right,R1,,,,2196,0,0,0,,
P25,en,1,pair,40,0,0,0,v6_pair_5adfe6a4bd_2.mp4,en,rav20,fear,AV_pair,L:H|R:E,H_vs_E@normal,buttons,7,same,S0,,,,991,0,0,0,,
P25,en,1,pair,41,0,0,0,v6_pair_417168a67a_1.mp4,en,rav20,fear,AV_pair,L:R|R:H,H_vs_R@strong,buttons,7,right,R1,,,,1934,0,0,0,,
P25,en,1,pair,42,0,0,0,v6_pair_87b373e751_2.mp4,en,rav16,hap,AV_pair,L:H|R:E,H_vs_E@strong,buttons,7,right,R1,,,,695,0,0,0,,
P25,en,1,pair,43,0,0,0,v6_pair_dc983160dd_1.mp4,en,rav02,ang,AV_pair,L:R|R:H,H_vs_R@strong,buttons,7,left,L1,,,,1833,0,0,0,,
P25,en,1,pair,44,0,0,0,v6_pair_fb8e3dd060_2.mp4,en,rav08,ang,AV_pair,L:H|R:E,H_vs_E@normal,buttons,7,left,L1,,,,1564,0,0,0,,
P25,en,1,pair_ml,45,0,0,0,v6_pair_ml_506942a631_2.mp4,en,en_sad_short_sentence,sad,AV_pair,L:L|R:Lrev,L_vs_Lrev@en,buttons,7,same,S0,,,,2148,0,0,0,,
P25,en,1,pair_ml,46,0,0,0,v6_pair_ml_c4711cd80a_1.mp4,cn,0002_000488,ang,AV_pair,L:Lrev|R:L,L_vs_Lrev@cn,buttons,7,same,S0,,,,1193,0,0,0,,
P25,en,1,pair_ml,47,0,0,0,v6_pair_ml_98df03baec_1.mp4,en,en_sad_short_sentence,sad,AV_pair,L:E|R:L,L_vs_E@en,buttons,7,same,S0,,,,795,0,0,0,,
P25,en,1,pair_ml,48,0,0,0,v6_pair_ml_afa28cd8ae_1.mp4,jp,jp_hap_short_sentence,hap,AV_pair,L:E|R:L,L_vs_E@jp,buttons,7,left,L1,,,,695,0,0,0,,
P25,en,1,pair_ml,49,0,0,0,v6_pair_ml_d5ab099d51_2.mp4,cn,0002_001188,sad,AV_pair,L:L|R:E,L_vs_E@cn,buttons,7,left,L1,,,,651,0,0,0,,
P25,en,1,pair_ml,50,0,0,0,v6_pair_ml_97c8810aa2_1.mp4,en,en_hap_short_sentence,hap,AV_pair,L:Lrev|R:L,L_vs_Lrev@en,buttons,7,same,S0,,,,1472,0,0,0,,
P25,en,1,pair_ml,51,0,0,0,v6_pair_ml_d921b78eb4_2.mp4,jp,jp_ang_short_sentence,ang,AV_pair,L:L|R:E,L_vs_E@jp,buttons,7,right,R1,,,,863,0,0,0,,
P25,en,1,pair_ml,52,0,0,0,v6_pair_ml_f26827db2f_2.mp4,en,en_hap_short_sentence,hap,AV_pair,L:L|R:E,L_vs_E@en,buttons,7,same,S0,,,,1779,0,0,0,,
P25,en,1,pair_ml,53,0,0,0,v6_pair_ml_1780ae57a3_1.mp4,jp,jp_sad_short_sentence,sad,AV_pair,L:Lrev|R:L,L_vs_Lrev@jp,buttons,7,left,L1,,,,1291,0,0,0,,
P25,en,1,pair_ml,54,0,0,0,v6_pair_ml_9b2f256f7d_1.mp4,cn,0002_000838,hap,AV_pair,L:E|R:L,L_vs_E@cn,buttons,7,same,S0,,,,429,0,0,0,,
P25,en,1,pair_ml,55,0,0,0,v6_pair_ml_e5fa8f451a_2.mp4,en,en_ang_short_sentence,ang,AV_pair,L:L|R:Lrev,L_vs_Lrev@en,buttons,7,right,R1,,,,941,0,0,0,,
P25,en,1,pair_ml,56,0,0,0,v6_pair_ml_c3519312c6_2.mp4,jp,jp_hap_short_sentence,hap,AV_pair,L:L|R:Lrev,L_vs_Lrev@jp,buttons,7,left,L2,,,,602,0,0,0,,
P25,en,1,pair_ml,57,0,0,0,v6_pair_ml_d6dd46665d_1.mp4,cn,0002_001188,sad,AV_pair,L:Lrev|R:L,L_vs_Lrev@cn,buttons,7,same,S0,,,,621,0,0,0,,
P25,en,1,pair_ml,58,0,0,0,v6_pair_ml_0bc71a1be9_1.mp4,jp,jp_ang_short_sentence,ang,AV_pair,L:Lrev|R:L,L_vs_Lrev@jp,buttons,7,same,S0,,,,991,0,0,0,,
P25,en,1,pair_ml,59,0,0,0,v6_pair_ml_a717ea56f4_2.mp4,cn,0002_000838,hap,AV_pair,L:L|R:Lrev,L_vs_Lrev@cn,buttons,7,same,S0,,,,837,0,0,0,,
P25,en,1,pair_ml,60,0,0,0,v6_pair_ml_44c920798b_1.mp4,en,en_ang_short_sentence,ang,AV_pair,L:E|R:L,L_vs_E@en,buttons,7,same,S0,,,,1152,0,0,0,,
P25,en,1,pair_ml,61,0,0,0,v6_pair_ml_4fc1e0e0d1_2.mp4,jp,jp_sad_short_sentence,sad,AV_pair,L:L|R:E,L_vs_E@jp,buttons,7,left,L2,,,,836,0,0,0,,
P25,en,1,pair_ml,62,0,0,0,v6_pair_ml_7e3e5bb20d_2.mp4,cn,0002_000488,ang,AV_pair,L:L|R:E,L_vs_E@cn,buttons,7,left,L1,,,,584,0,0,0,,
P25,en,1,pair_mute,63,0,0,0,v6_pair_mute_555cc59e4b_2.mp4,en,rav10,fear,AV_pair,L:H|R:E,mute:H_vs_E@strong,buttons,7,same,S0,,,,1448,0,0,0,,
P25,en,1,pair_mute,64,0,0,0,v6_pair_mute_3b6fa3b207_1.mp4,en,rav16,hap,AV_pair,L:E|R:H,mute:H_vs_E@strong,buttons,7,right,R2,,,,736,0,0,0,,
P25,en,1,pair_mute,65,0,0,0,v6_pair_mute_005d45f10b_1.mp4,en,rav06,ang,AV_pair,L:E|R:H,mute:H_vs_E@strong,buttons,7,right,R2,,,,790,0,0,0,,
P25,en,1,pair_mute,66,0,0,0,v6_pair_mute_250e7890e4_1.mp4,en,rav20,fear,AV_pair,L:E|R:H,mute:H_vs_E@strong,buttons,7,right,R1,,,,742,0,0,0,,
P25,en,1,pair_mute,67,0,0,0,v6_pair_mute_39140f1f71_2.mp4,en,rav04,hap,AV_pair,L:H|R:E,mute:H_vs_E@strong,buttons,7,right,R1,,,,874,0,0,0,,
P25,en,1,pair_mute,68,0,0,0,v6_pair_mute_30ad4160ab_2.mp4,en,rav18,dis,AV_pair,L:H|R:E,mute:H_vs_E@strong,buttons,7,right,R1,,,,771,0,0,0,,
P25,en,1,voice_only,69,0,0,0,v6_voice_17e973c755_1.mp4,en,rav14,hap,voice_only,voice:strong,voice_check,buttons,7,,sur,5,,,3227,0,0,0,0,
P25,en,1,voice_only,70,0,0,0,v6_voice_7642129e05_1.mp4,en,rav12,fear,voice_only,voice:normal,voice_check,buttons,7,,fear,6,,,6534,0,0,0,1,
P25,en,1,voice_only,71,0,0,0,v6_voice_b0cfac7f4c_1.mp4,en,rav18,dis,voice_only,voice:strong,voice_check,buttons,7,,sad,4,,,1997,0,0,0,0,
P25,en,1,voice_only,72,0,0,0,v6_voice_fb11565c01_1.mp4,en,rav20,fear,voice_only,voice:normal,voice_check,buttons,7,,neu,,,,1714,0,0,0,0,
P25,en,1,voice_only,73,0,0,0,v6_voice_5daeb1533f_1.mp4,en,rav04,hap,voice_only,voice:strong,voice_check,buttons,7,,hap,5,,,861,0,0,0,1,
P25,en,1,voice_only,74,0,0,0,v6_voice_a66c973128_1.mp4,en,rav06,ang,voice_only,voice:normal,voice_check,buttons,7,,sad,4,,,3882,0,0,0,0,
P25,en,1,voice_only,75,0,0,0,v6_voice_70e2096718_1.mp4,en,rav20,fear,voice_only,voice:strong,voice_check,buttons,7,,fear,6,,,1489,0,0,0,1,
P25,en,1,voice_only,76,0,0,0,v6_voice_50a83a8476_1.mp4,en,rav18,dis,voice_only,voice:normal,voice_check,buttons,7,,ang,5,,,1821,0,0,0,0,
P25,en,1,voice_only,77,0,0,0,v6_voice_aaea5d0aab_1.mp4,en,rav12,fear,voice_only,voice:strong,voice_check,buttons,7,,sur,6,,,828,0,0,0,0,
P25,en,1,voice_only,78,0,0,0,v6_voice_cd8f85d3b2_1.mp4,en,rav04,hap,voice_only,voice:normal,voice_check,buttons,7,,neu,,,,3154,0,0,0,0,
P25,en,1,voice_only,79,0,0,0,v6_voice_08aabec890_1.mp4,en,rav06,ang,voice_only,voice:strong,voice_check,buttons,7,,ang,7,,,631,0,0,0,1,
P25,en,1,voice_only,80,0,0,0,v6_voice_214566cf57_1.mp4,en,rav14,hap,voice_only,voice:normal,voice_check,buttons,7,,hap,6,,,782,0,0,0,1,
P26,en,0,single,0,0,0,0,v6_single_24bf624e7d_3.mp4,en,rav16,hap,AV,,,buttons,7,,hap,6,5,,2447,0,0,0,1,
P26,en,0,single,1,0,0,0,v6_single_802ffa53c5_2.mp4,en,rav20,fear,AV,,,buttons,7,,fear,4,6,,3509,0,0,0,1,
P26,en,0,single,2,0,0,0,v6_single_76ee15a092_3.mp4,en,rav04,hap,AV,,,buttons,7,,hap,6,7,,3130,0,0,0,1,
P26,en,0,single,3,0,0,0,v6_single_7b8afe562a_1.mp4,en,rav06,ang,AV,,,buttons,7,,ang,4,3,,2654,0,0,0,1,
P26,en,0,single,4,0,0,0,v6_single_739783e84d_2.mp4,en,rav10,fear,AV,,,buttons,7,,sur,5,4,,2240,0,0,0,0,
P26,en,0,single,5,0,0,0,v6_single_a721e1869f_1.mp4,en,rav18,dis,AV,,,buttons,7,,sad,4,5,,1952,0,0,0,0,
P26,en,0,practice,6,1,0,0,v6_practice_cd0abf6ffd_1.mp4,en,rav22,ang,AV_pair,L:E|R:H,practice:H_vs_E@strong,buttons,7,left,L1,,,,6170,0,0,0,,
P26,en,0,practice,7,1,0,0,v6_practice_85af89ed95_2.mp4,en,rav10,hap,AV_pair,L:H|R:E,practice:H_vs_E@strong,buttons,7,same,S0,,,,1853,0,0,0,,
P26,en,0,pair,8,0,0,0,v6_pair_7697f115bc_1.mp4,en,rav12,fear,AV_pair,L:E|R:H,H_vs_E@strong,buttons,7,left,L1,,,,2775,0,0,0,,
P26,en,0,pair,9,0,0,0,v6_pair_fb8e3dd060_1.mp4,en,rav08,ang,AV_pair,L:E|R:H,H_vs_E@normal,buttons,7,same,S0,,,,1698,0,0,0,,
P26,en,0,pair,10,0,0,0,v6_pair_53e6c4770b_2.mp4,en,rav14,hap,AV_pair,L:H|R:E,H_vs_E@strong,buttons,7,same,S0,,,,836,0,0,0,,
P26,en,0,pair,11,0,0,0,v6_pair_a97dec2f4e_1.mp4,en,rav14,hap,AV_pair,L:R|R:H,H_vs_R@strong,buttons,7,same,S0,,,,1603,0,0,0,,
P26,en,0,pair,12,0,0,0,v6_pair_c38e9eb491_2.mp4,en,rav18,dis,AV_pair,L:H|R:E,H_vs_E@strong,buttons,7,left,L1,,,,1107,0,0,0,,
P26,en,0,pair,13,0,0,0,v6_pair_417168a67a_2.mp4,en,rav20,fear,AV_pair,L:H|R:R,H_vs_R@strong,buttons,7,left,L1,,,,1221,0,0,0,,
P26,en,0,pair_catch,14,0,1,0,v6_catch_6f7a8a44b1_1.mp4,en,rav10,hap,AV_pair,L:H|R:still,correct:left,buttons,2,right,right,,,,3771,0,0,0,0,0
P26,en,0,pair,15,0,0,0,v6_pair_23d7c570a2_1.mp4,en,rav04,hap,AV_pair,L:E|R:H,H_vs_E@strong,buttons,7,same,S0,,,,1235,0,0,0,,
P26,en,0,pair,16,0,0,0,v6_pair_0c7d060d5f_2.mp4,en,rav24,dis,AV_pair,L:H|R:E,H_vs_E@strong,buttons,7,right,R1,,,,2735,0,0,0,,
P26,en,0,pair,17,0,0,0,v6_pair_db8f08e27f_2.mp4,en,rav10,fear,AV_pair,L:H|R:E,H_vs_E@normal,buttons,7,same,S0,,,,1794,0,0,0,,
P26,en,0,pair,18,0,0,0,v6_pair_5adfe6a4bd_1.mp4,en,rav20,fear,AV_pair,L:E|R:H,H_vs_E@normal,buttons,7,right,R1,,,,8315,0,0,0,,
P26,en,0,pair,19,0,0,0,v6_pair_93629a9394_1.mp4,en,rav06,ang,AV_pair,L:R|R:H,H_vs_R@strong,buttons,7,left,L1,,,,1730,0,0,0,,
P26,en,0,pair,20,0,0,0,v6_pair_13ae59e46d_2.mp4,en,rav02,dis,AV_pair,L:H|R:E,H_vs_E@strong,buttons,7,same,S0,,,,1376,0,0,0,,
P26,en,0,pair,21,0,0,0,v6_pair_1fc4717f31_1.mp4,en,rav16,hap,AV_pair,L:E|R:H,H_vs_E@normal,buttons,7,same,S0,,,,864,0,0,0,,
P26,en,0,pair,22,0,0,0,v6_pair_58bfd0c96b_1.mp4,en,rav24,dis,AV_pair,L:R|R:H,H_vs_R@strong,buttons,7,same,S0,,,,1003,0,0,0,,
P26,en,0,pair,23,0,0,0,v6_pair_0c8482b715_1.mp4,en,rav02,ang,AV_pair,L:E|R:H,H_vs_E@normal,buttons,7,same,S0,,,,1030,0,0,0,,
P26,en,0,pair,24,0,0,0,v6_pair_6f570415b8_2.mp4,en,rav12,fear,AV_pair,L:H|R:R,H_vs_R@strong,buttons,7,same,S0,,,,885,0,0,0,,
P26,en,0,pair,25,0,0,0,v6_pair_7ef69736a7_1.mp4,en,rav18,dis,AV_pair,L:R|R:H,H_vs_R@strong,buttons,7,left,L1,,,,1331,0,0,0,,
P26,en,0,pair,26,0,0,0,v6_pair_33e30e2c1d_2.mp4,en,rav02,dis,AV_pair,L:H|R:E,H_vs_E@normal,buttons,7,left,L1,,,,849,0,0,0,,
P26,en,0,pair,27,0,0,0,v6_pair_4a472014db_2.mp4,en,rav06,ang,AV_pair,L:H|R:E,H_vs_E@strong,buttons,7,same,S0,,,,1079,0,0,0,,
P26,en,0,pair,28,0,0,0,v6_pair_8073668068_1.mp4,en,rav02,dis,AV_pair,L:R|R:H,H_vs_R@strong,buttons,7,same,S0,,,,1059,0,0,0,,
P26,en,0,pair,29,0,0,0,v6_pair_66fc12fdc8_2.mp4,en,rav14,hap,AV_pair,L:H|R:E,H_vs_E@normal,buttons,7,right,R1,,,,1309,0,0,0,,
P26,en,0,pair,30,0,0,0,v6_pair_f5403c44bd_2.mp4,en,rav16,hap,AV_pair,L:H|R:R,H_vs_R@strong,buttons,7,right,R1,,,,890,0,0,0,,
P26,en,0,pair,31,0,0,0,v6_pair_3b7f4443aa_1.mp4,en,rav12,fear,AV_pair,L:E|R:H,H_vs_E@normal,buttons,7,right,R1,,,,1149,0,0,0,,
P26,en,0,pair,32,0,0,0,v6_pair_e5c0cf4a07_2.mp4,en,rav04,hap,AV_pair,L:H|R:R,H_vs_R@strong,buttons,7,same,S0,,,,1006,0,0,0,,
P26,en,0,pair,33,0,0,0,v6_pair_3961b3142e_1.mp4,en,rav20,fear,AV_pair,L:E|R:H,H_vs_E@strong,buttons,7,same,S0,,,,1011,0,0,0,,
P26,en,0,pair,34,0,0,0,v6_pair_d3f0adc106_1.mp4,en,rav10,fear,AV_pair,L:R|R:H,H_vs_R@strong,buttons,7,same,S0,,,,992,0,0,0,,
P26,en,0,pair,35,0,0,0,v6_pair_97e6c7f1ce_2.mp4,en,rav18,dis,AV_pair,L:H|R:E,H_vs_E@normal,buttons,7,same,S0,,,,962,0,0,0,,
P26,en,0,pair,36,0,0,0,v6_pair_0a26430948_1.mp4,en,rav04,hap,AV_pair,L:E|R:H,H_vs_E@normal,buttons,7,right,R1,,,,1715,0,0,0,,
P26,en,0,pair,37,0,0,0,v6_pair_87b373e751_1.mp4,en,rav16,hap,AV_pair,L:E|R:H,H_vs_E@strong,buttons,7,same,S0,,,,926,0,0,0,,
P26,en,0,pair,38,0,0,0,v6_pair_5caed2de25_2.mp4,en,rav06,ang,AV_pair,L:H|R:E,H_vs_E@normal,buttons,7,same,S0,,,,1168,0,0,0,,
P26,en,0,pair,39,0,0,0,v6_pair_69a37819e2_2.mp4,en,rav10,fear,AV_pair,L:H|R:E,H_vs_E@strong,buttons,7,same,S0,,,,1000,0,0,0,,
P26,en,0,pair,40,0,0,0,v6_pair_d81bffa4be_1.mp4,en,rav02,ang,AV_pair,L:E|R:H,H_vs_E@strong,buttons,7,same,S0,,,,1002,0,0,0,,
P26,en,0,pair,41,0,0,0,v6_pair_dc983160dd_2.mp4,en,rav02,ang,AV_pair,L:H|R:R,H_vs_R@strong,buttons,7,same,S0,,,,1020,0,0,0,,
P26,en,0,pair,42,0,0,0,v6_pair_c12bac8692_1.mp4,en,rav08,ang,AV_pair,L:E|R:H,H_vs_E@strong,buttons,7,same,S0,,,,1080,0,0,0,,
P26,en,0,pair,43,0,0,0,v6_pair_faec1498b7_2.mp4,en,rav08,ang,AV_pair,L:H|R:R,H_vs_R@strong,buttons,7,same,S0,,,,1069,0,0,0,,
P26,en,0,pair,44,0,0,0,v6_pair_e86b22f765_2.mp4,en,rav24,dis,AV_pair,L:H|R:E,H_vs_E@normal,buttons,7,same,S0,,,,1220,0,0,0,,
P26,en,0,pair_ml,45,0,0,0,v6_pair_ml_e5fa8f451a_1.mp4,en,en_ang_short_sentence,ang,AV_pair,L:Lrev|R:L,L_vs_Lrev@en,buttons,7,same,S0,,,,1139,0,0,0,,
P26,en,0,pair_ml,46,0,0,0,v6_pair_ml_d5ab099d51_1.mp4,cn,0002_001188,sad,AV_pair,L:E|R:L,L_vs_E@cn,buttons,7,right,R1,,,,1081,0,0,0,,
P26,en,0,pair_ml,47,0,0,0,v6_pair_ml_afa28cd8ae_2.mp4,jp,jp_hap_short_sentence,hap,AV_pair,L:L|R:E,L_vs_E@jp,buttons,7,same,S0,,,,904,0,0,0,,
P26,en,0,pair_ml,48,0,0,0,v6_pair_ml_d6dd46665d_2.mp4,cn,0002_001188,sad,AV_pair,L:L|R:Lrev,L_vs_Lrev@cn,buttons,7,same,S0,,,,829,0,0,0,,
P26,en,0,pair_ml,49,0,0,0,v6_pair_ml_d921b78eb4_1.mp4,jp,jp_ang_short_sentence,ang,AV_pair,L:E|R:L,L_vs_E@jp,buttons,7,right,R1,,,,1390,0,0,0,,
P26,en,0,pair_ml,50,0,0,0,v6_pair_ml_f26827db2f_1.mp4,en,en_hap_short_sentence,hap,AV_pair,L:E|R:L,L_vs_E@en,buttons,7,same,S0,,,,906,0,0,0,,
P26,en,0,pair_ml,51,0,0,0,v6_pair_ml_1780ae57a3_2.mp4,jp,jp_sad_short_sentence,sad,AV_pair,L:L|R:Lrev,L_vs_Lrev@jp,buttons,7,same,S0,,,,777,0,0,0,,
P26,en,0,pair_ml,52,0,0,0,v6_pair_ml_97c8810aa2_2.mp4,en,en_hap_short_sentence,hap,AV_pair,L:L|R:Lrev,L_vs_Lrev@en,buttons,7,same,S0,,,,750,0,0,0,,
P26,en,0,pair_ml,53,0,0,0,v6_pair_ml_0bc71a1be9_2.mp4,jp,jp_ang_short_sentence,ang,AV_pair,L:L|R:Lrev,L_vs_Lrev@jp,buttons,7,same,S0,,,,732,0,0,0,,
P26,en,0,pair_ml,54,0,0,0,v6_pair_ml_a717ea56f4_1.mp4,cn,0002_000838,hap,AV_pair,L:Lrev|R:L,L_vs_Lrev@cn,buttons,7,same,S0,,,,878,0,0,0,,
P26,en,0,pair_ml,55,0,0,0,v6_pair_ml_4fc1e0e0d1_1.mp4,jp,jp_sad_short_sentence,sad,AV_pair,L:E|R:L,L_vs_E@jp,buttons,7,right,R1,,,,1282,0,0,0,,
P26,en,0,pair_ml,56,0,0,0,v6_pair_ml_c4711cd80a_2.mp4,cn,0002_000488,ang,AV_pair,L:L|R:Lrev,L_vs_Lrev@cn,buttons,7,same,S0,,,,799,0,0,0,,
P26,en,0,pair_ml,57,0,0,0,v6_pair_ml_c3519312c6_1.mp4,jp,jp_hap_short_sentence,hap,AV_pair,L:Lrev|R:L,L_vs_Lrev@jp,buttons,7,same,S0,,,,853,0,0,0,,
P26,en,0,pair_ml,58,0,0,0,v6_pair_ml_506942a631_1.mp4,en,en_sad_short_sentence,sad,AV_pair,L:Lrev|R:L,L_vs_Lrev@en,buttons,7,same,S0,,,,984,0,0,0,,
P26,en,0,pair_ml,59,0,0,0,v6_pair_ml_7e3e5bb20d_1.mp4,cn,0002_000488,ang,AV_pair,L:E|R:L,L_vs_E@cn,buttons,7,same,S0,,,,1061,0,0,0,,
P26,en,0,pair_ml,60,0,0,0,v6_pair_ml_98df03baec_2.mp4,en,en_sad_short_sentence,sad,AV_pair,L:L|R:E,L_vs_E@en,buttons,7,right,R1,,,,4704,0,0,0,,
P26,en,0,pair_ml,61,0,0,0,v6_pair_ml_9b2f256f7d_2.mp4,cn,0002_000838,hap,AV_pair,L:L|R:E,L_vs_E@cn,buttons,7,same,S0,,,,991,0,0,0,,
P26,en,0,pair_ml,62,0,0,0,v6_pair_ml_44c920798b_2.mp4,en,en_ang_short_sentence,ang,AV_pair,L:L|R:E,L_vs_E@en,buttons,7,same,S0,,,,947,0,0,0,,
P26,en,0,pair_mute,63,0,0,0,v6_pair_mute_39140f1f71_1.mp4,en,rav04,hap,AV_pair,L:E|R:H,mute:H_vs_E@strong,buttons,7,same,S0,,,,1336,0,0,0,,
P26,en,0,pair_mute,64,0,0,0,v6_pair_mute_555cc59e4b_1.mp4,en,rav10,fear,AV_pair,L:E|R:H,mute:H_vs_E@strong,buttons,7,same,S0,,,,1117,0,0,0,,
P26,en,0,pair_mute,65,0,0,0,v6_pair_mute_3b6fa3b207_2.mp4,en,rav16,hap,AV_pair,L:H|R:E,mute:H_vs_E@strong,buttons,7,same,S0,,,,1209,0,0,0,,
P26,en,0,pair_mute,66,0,0,0,v6_pair_mute_30ad4160ab_1.mp4,en,rav18,dis,AV_pair,L:E|R:H,mute:H_vs_E@strong,buttons,7,same,S0,,,,877,0,0,0,,
P26,en,0,pair_mute,67,0,0,0,v6_pair_mute_250e7890e4_2.mp4,en,rav20,fear,AV_pair,L:H|R:E,mute:H_vs_E@strong,buttons,7,same,S0,,,,882,0,0,0,,
P26,en,0,pair_mute,68,0,0,0,v6_pair_mute_005d45f10b_2.mp4,en,rav06,ang,AV_pair,L:H|R:E,mute:H_vs_E@strong,buttons,7,same,S0,,,,1069,0,0,0,,
P26,en,0,voice_only,69,0,0,0,v6_voice_7642129e05_1.mp4,en,rav12,fear,voice_only,voice:normal,voice_check,buttons,7,,sur,3,,,4550,0,0,0,0,
P26,en,0,voice_only,70,0,0,0,v6_voice_5daeb1533f_1.mp4,en,rav04,hap,voice_only,voice:strong,voice_check,buttons,7,,hap,4,,,2279,0,0,0,1,
P26,en,0,voice_only,71,0,0,0,v6_voice_fb11565c01_1.mp4,en,rav20,fear,voice_only,voice:normal,voice_check,buttons,7,,dis,5,,,2369,0,0,0,0,
P26,en,0,voice_only,72,0,0,0,v6_voice_17e973c755_1.mp4,en,rav14,hap,voice_only,voice:strong,voice_check,buttons,7,,fear,5,,,1490,0,0,0,0,
P26,en,0,voice_only,73,0,0,0,v6_voice_50a83a8476_1.mp4,en,rav18,dis,voice_only,voice:normal,voice_check,buttons,7,,sur,5,,,1948,0,0,0,0,
P26,en,0,voice_only,74,0,0,0,v6_voice_aaea5d0aab_1.mp4,en,rav12,fear,voice_only,voice:strong,voice_check,buttons,7,,fear,6,,,2341,0,0,0,1,
P26,en,0,voice_only,75,0,0,0,v6_voice_cd8f85d3b2_1.mp4,en,rav04,hap,voice_only,voice:normal,voice_check,buttons,7,,hap,4,,,4222,0,0,0,1,
P26,en,0,voice_only,76,0,0,0,v6_voice_b0cfac7f4c_1.mp4,en,rav18,dis,voice_only,voice:strong,voice_check,buttons,7,,sur,5,,,989,0,0,0,0,
P26,en,0,voice_only,77,0,0,0,v6_voice_a66c973128_1.mp4,en,rav06,ang,voice_only,voice:normal,voice_check,buttons,7,,fear,5,,,832,0,0,0,0,
P26,en,0,voice_only,78,0,0,0,v6_voice_70e2096718_1.mp4,en,rav20,fear,voice_only,voice:strong,voice_check,buttons,7,,fear,5,,,1009,0,0,0,1,
P26,en,0,voice_only,79,0,0,0,v6_voice_214566cf57_1.mp4,en,rav14,hap,voice_only,voice:normal,voice_check,buttons,7,,dis,6,,,1347,0,0,0,0,
P26,en,0,voice_only,80,0,0,0,v6_voice_08aabec890_1.mp4,en,rav06,ang,voice_only,voice:strong,voice_check,buttons,7,,ang,4,,,3326,0,0,0,1,
P27,en,1,single,0,0,0,0,v6_single_7b8afe562a_3.mp4,en,rav06,ang,AV,,,buttons,7,,ang,4,5,,1449,0,0,0,1,
P27,en,1,single,1,0,0,0,v6_single_802ffa53c5_1.mp4,en,rav20,fear,AV,,,buttons,7,,fear,2,3,,1698,0,0,0,1,
P27,en,1,single,2,0,0,0,v6_single_24bf624e7d_2.mp4,en,rav16,hap,AV,,,buttons,7,,hap,5,5,,2069,0,0,0,1,
P27,en,1,single,3,0,0,0,v6_single_739783e84d_1.mp4,en,rav10,fear,AV,,,buttons,7,,fear,4,4,,1729,0,0,0,1,
P27,en,1,single,4,0,0,0,v6_single_76ee15a092_2.mp4,en,rav04,hap,AV,,,buttons,7,,hap,3,3,,2231,0,0,0,1,
P27,en,1,single,5,0,0,0,v6_single_a721e1869f_3.mp4,en,rav18,dis,AV,,,buttons,7,,dis,4,3,,2394,0,0,0,1,
P27,en,1,practice,6,1,0,0,v6_practice_cd0abf6ffd_2.mp4,en,rav22,ang,AV_pair,L:H|R:E,practice:H_vs_E@strong,buttons,7,same,S0,,,,6037,0,0,0,,
P27,en,1,practice,7,1,0,0,v6_practice_85af89ed95_1.mp4,en,rav10,hap,AV_pair,L:E|R:H,practice:H_vs_E@strong,buttons,7,right,R1,,,,3919,0,0,0,,
P27,en,1,pair,8,0,0,0,v6_pair_3b7f4443aa_2.mp4,en,rav12,fear,AV_pair,L:H|R:E,H_vs_E@normal,buttons,7,same,S0,,,,1085,0,0,0,,
P27,en,1,pair,9,0,0,0,v6_pair_7697f115bc_2.mp4,en,rav12,fear,AV_pair,L:H|R:E,H_vs_E@strong,buttons,7,right,R1,,,,2819,0,0,0,,
P27,en,1,pair,10,0,0,0,v6_pair_87b373e751_2.mp4,en,rav16,hap,AV_pair,L:H|R:E,H_vs_E@strong,buttons,7,same,S0,,,,905,0,0,0,,
P27,en,1,pair,11,0,0,0,v6_pair_0a26430948_2.mp4,en,rav04,hap,AV_pair,L:H|R:E,H_vs_E@normal,buttons,7,right,R2,,,,1888,0,0,0,,
P27,en,1,pair,12,0,0,0,v6_pair_4a472014db_1.mp4,en,rav06,ang,AV_pair,L:E|R:H,H_vs_E@strong,buttons,7,left,L1,,,,1015,0,0,0,,
P27,en,1,pair,13,0,0,0,v6_pair_7ef69736a7_2.mp4,en,rav18,dis,AV_pair,L:H|R:R,H_vs_R@strong,buttons,7,right,R2,,,,1050,0,0,0,,
P27,en,1,pair,14,0,0,0,v6_pair_c38e9eb491_1.mp4,en,rav18,dis,AV_pair,L:E|R:H,H_vs_E@strong,buttons,7,same,S0,,,,1396,0,0,0,,
P27,en,1,pair,15,0,0,0,v6_pair_f5403c44bd_1.mp4,en,rav16,hap,AV_pair,L:R|R:H,H_vs_R@strong,buttons,7,same,S0,,,,984,0,0,0,,
P27,en,1,pair,16,0,0,0,v6_pair_0c7d060d5f_1.mp4,en,rav24,dis,AV_pair,L:E|R:H,H_vs_E@strong,buttons,7,same,S0,,,,820,0,0,0,,
P27,en,1,pair,17,0,0,0,v6_pair_a97dec2f4e_2.mp4,en,rav14,hap,AV_pair,L:H|R:R,H_vs_R@strong,buttons,7,same,S0,,,,440,0,0,0,,
P27,en,1,pair,18,0,0,0,v6_pair_69a37819e2_1.mp4,en,rav10,fear,AV_pair,L:E|R:H,H_vs_E@strong,buttons,7,same,S0,,,,682,0,0,0,,
P27,en,1,pair,19,0,0,0,v6_pair_db8f08e27f_1.mp4,en,rav10,fear,AV_pair,L:E|R:H,H_vs_E@normal,buttons,7,same,S0,,,,431,0,0,0,,
P27,en,1,pair,20,0,0,0,v6_pair_13ae59e46d_1.mp4,en,rav02,dis,AV_pair,L:E|R:H,H_vs_E@strong,buttons,7,same,S0,,,,1529,0,0,0,,
P27,en,1,pair,21,0,0,0,v6_pair_fb8e3dd060_2.mp4,en,rav08,ang,AV_pair,L:H|R:E,H_vs_E@normal,buttons,7,right,R1,,,,1103,0,0,0,,
P27,en,1,pair,22,0,0,0,v6_pair_58bfd0c96b_2.mp4,en,rav24,dis,AV_pair,L:H|R:R,H_vs_R@strong,buttons,7,same,S0,,,,844,0,0,0,,
P27,en,1,pair,23,0,0,0,v6_pair_e86b22f765_1.mp4,en,rav24,dis,AV_pair,L:E|R:H,H_vs_E@normal,buttons,7,same,S0,,,,1379,0,0,0,,
P27,en,1,pair,24,0,0,0,v6_pair_dc983160dd_1.mp4,en,rav02,ang,AV_pair,L:R|R:H,H_vs_R@strong,buttons,7,right,R1,,,,853,0,0,0,,
P27,en,1,pair,25,0,0,0,v6_pair_93629a9394_2.mp4,en,rav06,ang,AV_pair,L:H|R:R,H_vs_R@strong,buttons,7,left,L2,,,,1064,0,0,0,,
P27,en,1,pair,26,0,0,0,v6_pair_c12bac8692_2.mp4,en,rav08,ang,AV_pair,L:H|R:E,H_vs_E@strong,buttons,7,same,S0,,,,914,0,0,0,,
P27,en,1,pair,27,0,0,0,v6_pair_417168a67a_1.mp4,en,rav20,fear,AV_pair,L:R|R:H,H_vs_R@strong,buttons,7,same,S0,,,,390,0,0,0,,
P27,en,1,pair,28,0,0,0,v6_pair_66fc12fdc8_1.mp4,en,rav14,hap,AV_pair,L:E|R:H,H_vs_E@normal,buttons,7,same,S0,,,,528,0,0,0,,
P27,en,1,pair,29,0,0,0,v6_pair_6f570415b8_1.mp4,en,rav12,fear,AV_pair,L:R|R:H,H_vs_R@strong,buttons,7,same,S0,,,,257,0,0,0,,
P27,en,1,pair,30,0,0,0,v6_pair_3961b3142e_2.mp4,en,rav20,fear,AV_pair,L:H|R:E,H_vs_E@strong,buttons,7,same,S0,,,,303,0,0,0,,
P27,en,1,pair,31,0,0,0,v6_pair_23d7c570a2_2.mp4,en,rav04,hap,AV_pair,L:H|R:E,H_vs_E@strong,buttons,7,left,L1,,,,697,0,0,0,,
P27,en,1,pair,32,0,0,0,v6_pair_97e6c7f1ce_1.mp4,en,rav18,dis,AV_pair,L:E|R:H,H_vs_E@normal,buttons,7,same,S0,,,,349,0,0,0,,
P27,en,1,pair,33,0,0,0,v6_pair_5adfe6a4bd_2.mp4,en,rav20,fear,AV_pair,L:H|R:E,H_vs_E@normal,buttons,7,same,S0,,,,533,0,0,0,,
P27,en,1,pair,34,0,0,0,v6_pair_e5c0cf4a07_1.mp4,en,rav04,hap,AV_pair,L:R|R:H,H_vs_R@strong,buttons,7,same,S0,,,,332,0,0,0,,
P27,en,1,pair,35,0,0,0,v6_pair_53e6c4770b_1.mp4,en,rav14,hap,AV_pair,L:E|R:H,H_vs_E@strong,buttons,7,same,S0,,,,595,0,0,0,,
P27,en,1,pair,36,0,0,0,v6_pair_33e30e2c1d_1.mp4,en,rav02,dis,AV_pair,L:E|R:H,H_vs_E@normal,buttons,7,same,S0,,,,366,0,0,0,,
P27,en,1,pair,37,0,0,0,v6_pair_faec1498b7_1.mp4,en,rav08,ang,AV_pair,L:R|R:H,H_vs_R@strong,buttons,7,right,R1,,,,1470,0,0,0,,
P27,en,1,pair,38,0,0,0,v6_pair_d3f0adc106_2.mp4,en,rav10,fear,AV_pair,L:H|R:R,H_vs_R@strong,buttons,7,left,L1,,,,855,0,0,0,,
P27,en,1,pair,39,0,0,0,v6_pair_0c8482b715_2.mp4,en,rav02,ang,AV_pair,L:H|R:E,H_vs_E@normal,buttons,7,same,S0,,,,295,0,0,0,,
P27,en,1,pair,40,0,0,0,v6_pair_d81bffa4be_2.mp4,en,rav02,ang,AV_pair,L:H|R:E,H_vs_E@strong,buttons,7,same,S0,,,,794,0,0,0,,
P27,en,1,pair_catch,41,0,1,0,v6_catch_6f7a8a44b1_2.mp4,en,rav10,hap,AV_pair,L:still|R:H,correct:right,buttons,2,right,right,,,,3098,0,0,0,1,1
P27,en,1,pair,42,0,0,0,v6_pair_5caed2de25_1.mp4,en,rav06,ang,AV_pair,L:E|R:H,H_vs_E@normal,buttons,7,same,S0,,,,1953,0,0,0,,
P27,en,1,pair,43,0,0,0,v6_pair_8073668068_2.mp4,en,rav02,dis,AV_pair,L:H|R:R,H_vs_R@strong,buttons,7,same,S0,,,,370,0,0,0,,
P27,en,1,pair,44,0,0,0,v6_pair_1fc4717f31_2.mp4,en,rav16,hap,AV_pair,L:H|R:E,H_vs_E@normal,buttons,7,same,S0,,,,378,0,0,0,,
P27,en,1,pair_ml,45,0,0,0,v6_pair_ml_a717ea56f4_2.mp4,cn,0002_000838,hap,AV_pair,L:L|R:Lrev,L_vs_Lrev@cn,buttons,7,same,S0,,,,535,0,0,0,,
P27,en,1,pair_ml,46,0,0,0,v6_pair_ml_44c920798b_1.mp4,en,en_ang_short_sentence,ang,AV_pair,L:E|R:L,L_vs_E@en,buttons,7,same,S0,,,,544,0,0,0,,
P27,en,1,pair_ml,47,0,0,0,v6_pair_ml_9b2f256f7d_1.mp4,cn,0002_000838,hap,AV_pair,L:E|R:L,L_vs_E@cn,buttons,7,same,S0,,,,234,0,0,0,,
P27,en,1,pair_ml,48,0,0,0,v6_pair_ml_0bc71a1be9_1.mp4,jp,jp_ang_short_sentence,ang,AV_pair,L:Lrev|R:L,L_vs_Lrev@jp,buttons,7,same,S0,,,,367,0,0,0,,
P27,en,1,pair_ml,49,0,0,0,v6_pair_ml_506942a631_2.mp4,en,en_sad_short_sentence,sad,AV_pair,L:L|R:Lrev,L_vs_Lrev@en,buttons,7,same,S0,,,,623,0,0,0,,
P27,en,1,pair_ml,50,0,0,0,v6_pair_ml_afa28cd8ae_1.mp4,jp,jp_hap_short_sentence,hap,AV_pair,L:E|R:L,L_vs_E@jp,buttons,7,same,S0,,,,381,0,0,0,,
P27,en,1,pair_ml,51,0,0,0,v6_pair_ml_e5fa8f451a_2.mp4,en,en_ang_short_sentence,ang,AV_pair,L:L|R:Lrev,L_vs_Lrev@en,buttons,7,same,S0,,,,379,0,0,0,,
P27,en,1,pair_ml,52,0,0,0,v6_pair_ml_d5ab099d51_2.mp4,cn,0002_001188,sad,AV_pair,L:L|R:E,L_vs_E@cn,buttons,7,same,S0,,,,330,0,0,0,,
P27,en,1,pair_ml,53,0,0,0,v6_pair_ml_c3519312c6_2.mp4,jp,jp_hap_short_sentence,hap,AV_pair,L:L|R:Lrev,L_vs_Lrev@jp,buttons,7,same,S0,,,,435,0,0,0,,
P27,en,1,pair_ml,54,0,0,0,v6_pair_ml_98df03baec_1.mp4,en,en_sad_short_sentence,sad,AV_pair,L:E|R:L,L_vs_E@en,buttons,7,same,S0,,,,459,0,0,0,,
P27,en,1,pair_ml,55,0,0,0,v6_pair_ml_d921b78eb4_2.mp4,jp,jp_ang_short_sentence,ang,AV_pair,L:L|R:E,L_vs_E@jp,buttons,7,same,S0,,,,430,0,0,0,,
P27,en,1,pair_ml,56,0,0,0,v6_pair_ml_f26827db2f_2.mp4,en,en_hap_short_sentence,hap,AV_pair,L:L|R:E,L_vs_E@en,buttons,7,same,S0,,,,365,0,0,0,,
P27,en,1,pair_ml,57,0,0,0,v6_pair_ml_7e3e5bb20d_2.mp4,cn,0002_000488,ang,AV_pair,L:L|R:E,L_vs_E@cn,buttons,7,same,S0,,,,509,0,0,0,,
P27,en,1,pair_ml,58,0,0,0,v6_pair_ml_1780ae57a3_1.mp4,jp,jp_sad_short_sentence,sad,AV_pair,L:Lrev|R:L,L_vs_Lrev@jp,buttons,7,left,L1,,,,1349,1,0,0,,
P27,en,1,pair_ml,59,0,0,0,v6_pair_ml_c4711cd80a_1.mp4,cn,0002_000488,ang,AV_pair,L:Lrev|R:L,L_vs_Lrev@cn,buttons,7,right,R3,,,,1324,0,0,0,,
P27,en,1,pair_ml,60,0,0,0,v6_pair_ml_4fc1e0e0d1_2.mp4,jp,jp_sad_short_sentence,sad,AV_pair,L:L|R:E,L_vs_E@jp,buttons,7,left,L1,,,,590,1,0,0,,
P27,en,1,pair_ml,61,0,0,0,v6_pair_ml_97c8810aa2_1.mp4,en,en_hap_short_sentence,hap,AV_pair,L:Lrev|R:L,L_vs_Lrev@en,buttons,7,same,S0,,,,426,0,0,0,,
P27,en,1,pair_ml,62,0,0,0,v6_pair_ml_d6dd46665d_1.mp4,cn,0002_001188,sad,AV_pair,L:Lrev|R:L,L_vs_Lrev@cn,buttons,7,same,S0,,,,339,0,0,0,,
P27,en,1,pair_mute,63,0,0,0,v6_pair_mute_3b6fa3b207_1.mp4,en,rav16,hap,AV_pair,L:E|R:H,mute:H_vs_E@strong,buttons,7,right,R1,,,,976,1,0,0,,
P27,en,1,pair_mute,64,0,0,0,v6_pair_mute_555cc59e4b_2.mp4,en,rav10,fear,AV_pair,L:H|R:E,mute:H_vs_E@strong,buttons,7,left,L1,,,,736,0,0,0,,
P27,en,1,pair_mute,65,0,0,0,v6_pair_mute_005d45f10b_1.mp4,en,rav06,ang,AV_pair,L:E|R:H,mute:H_vs_E@strong,buttons,7,right,R1,,,,460,0,0,0,,
P27,en,1,pair_mute,66,0,0,0,v6_pair_mute_39140f1f71_2.mp4,en,rav04,hap,AV_pair,L:H|R:E,mute:H_vs_E@strong,buttons,7,left,L1,,,,649,0,0,0,,
P27,en,1,pair_mute,67,0,0,0,v6_pair_mute_250e7890e4_1.mp4,en,rav20,fear,AV_pair,L:E|R:H,mute:H_vs_E@strong,buttons,7,same,S0,,,,503,0,0,0,,
P27,en,1,pair_mute,68,0,0,0,v6_pair_mute_30ad4160ab_2.mp4,en,rav18,dis,AV_pair,L:H|R:E,mute:H_vs_E@strong,buttons,7,left,L1,,,,673,0,0,0,,
P27,en,1,voice_only,69,0,0,0,v6_voice_5daeb1533f_1.mp4,en,rav04,hap,voice_only,voice:strong,voice_check,buttons,7,,sur,5,,,3122,0,0,0,0,
P27,en,1,voice_only,70,0,0,0,v6_voice_7642129e05_1.mp4,en,rav12,fear,voice_only,voice:normal,voice_check,buttons,7,,ang,3,,,9072,0,0,0,0,
P27,en,1,voice_only,71,0,0,0,v6_voice_17e973c755_1.mp4,en,rav14,hap,voice_only,voice:strong,voice_check,buttons,7,,hap,5,,,3865,0,0,0,1,
P27,en,1,voice_only,72,0,0,0,v6_voice_fb11565c01_1.mp4,en,rav20,fear,voice_only,voice:normal,voice_check,buttons,7,,fear,6,,,1543,0,0,0,1,
P27,en,1,voice_only,73,0,0,0,v6_voice_b0cfac7f4c_1.mp4,en,rav18,dis,voice_only,voice:strong,voice_check,buttons,7,,dis,3,,,2134,0,0,0,1,
P27,en,1,voice_only,74,0,0,0,v6_voice_a66c973128_1.mp4,en,rav06,ang,voice_only,voice:normal,voice_check,buttons,7,,ang,5,,,578,0,0,0,1,
P27,en,1,voice_only,75,0,0,0,v6_voice_70e2096718_1.mp4,en,rav20,fear,voice_only,voice:strong,voice_check,buttons,7,,fear,7,,,600,0,0,0,1,
P27,en,1,voice_only,76,0,0,0,v6_voice_cd8f85d3b2_1.mp4,en,rav04,hap,voice_only,voice:normal,voice_check,buttons,7,,neu,,,,796,0,0,0,0,
P27,en,1,voice_only,77,0,0,0,v6_voice_08aabec890_1.mp4,en,rav06,ang,voice_only,voice:strong,voice_check,buttons,7,,ang,7,,,488,0,0,0,1,
P27,en,1,voice_only,78,0,0,0,v6_voice_214566cf57_1.mp4,en,rav14,hap,voice_only,voice:normal,voice_check,buttons,7,,neu,,,,1963,0,0,0,0,
P27,en,1,voice_only,79,0,0,0,v6_voice_aaea5d0aab_1.mp4,en,rav12,fear,voice_only,voice:strong,voice_check,buttons,7,,fear,5,,,1985,0,0,0,1,
P27,en,1,voice_only,80,0,0,0,v6_voice_50a83a8476_1.mp4,en,rav18,dis,voice_only,voice:normal,voice_check,buttons,7,,dis,4,,,1196,0,0,0,1,
P28,en,1,single,0,0,0,0,v6_single_7b8afe562a_3.mp4,en,rav06,ang,AV,,,buttons,7,,ang,5,3,,6032,0,0,0,1,
P28,en,1,single,1,0,0,0,v6_single_76ee15a092_2.mp4,en,rav04,hap,AV,,,buttons,7,,hap,4,4,,2723,0,0,0,1,
P28,en,1,single,2,0,0,0,v6_single_a721e1869f_3.mp4,en,rav18,dis,AV,,,buttons,7,,dis,5,5,,3509,0,0,0,1,
P28,en,1,single,3,0,0,0,v6_single_739783e84d_1.mp4,en,rav10,fear,AV,,,buttons,7,,fear,6,6,,3626,0,0,0,1,
P28,en,1,single,4,0,0,0,v6_single_24bf624e7d_2.mp4,en,rav16,hap,AV,,,buttons,7,,hap,5,5,,1910,0,0,0,1,
P28,en,1,single,5,0,0,0,v6_single_802ffa53c5_1.mp4,en,rav20,fear,AV,,,buttons,7,,fear,2,3,,4280,0,0,0,1,
P28,en,1,practice,6,1,0,0,v6_practice_cd0abf6ffd_1.mp4,en,rav22,ang,AV_pair,L:E|R:H,practice:H_vs_E@strong,buttons,7,left,L1,,,,2424,1,0,0,,
P28,en,1,practice,7,1,0,0,v6_practice_85af89ed95_2.mp4,en,rav10,hap,AV_pair,L:H|R:E,practice:H_vs_E@strong,buttons,7,same,S0,,,,2203,1,0,0,,
P28,en,1,pair,8,0,0,0,v6_pair_dc983160dd_2.mp4,en,rav02,ang,AV_pair,L:H|R:R,H_vs_R@strong,buttons,7,right,R1,,,,2203,1,0,0,,
P28,en,1,pair,9,0,0,0,v6_pair_db8f08e27f_2.mp4,en,rav10,fear,AV_pair,L:H|R:E,H_vs_E@normal,buttons,7,same,S0,,,,1194,0,0,0,,
P28,en,1,pair,10,0,0,0,v6_pair_417168a67a_2.mp4,en,rav20,fear,AV_pair,L:H|R:R,H_vs_R@strong,buttons,7,same,S0,,,,3953,0,0,0,,
P28,en,1,pair,11,0,0,0,v6_pair_5adfe6a4bd_1.mp4,en,rav20,fear,AV_pair,L:E|R:H,H_vs_E@normal,buttons,7,same,S0,,,,699,1,0,0,,
P28,en,1,pair,12,0,0,0,v6_pair_23d7c570a2_1.mp4,en,rav04,hap,AV_pair,L:E|R:H,H_vs_E@strong,buttons,7,left,L1,,,,836,1,0,0,,
P28,en,1,pair,13,0,0,0,v6_pair_3961b3142e_1.mp4,en,rav20,fear,AV_pair,L:E|R:H,H_vs_E@strong,buttons,7,same,S0,,,,1675,1,0,0,,
P28,en,1,pair,14,0,0,0,v6_pair_e5c0cf4a07_2.mp4,en,rav04,hap,AV_pair,L:H|R:R,H_vs_R@strong,buttons,7,left,L1,,,,693,0,0,0,,
P28,en,1,pair,15,0,0,0,v6_pair_3b7f4443aa_1.mp4,en,rav12,fear,AV_pair,L:E|R:H,H_vs_E@normal,buttons,7,right,R1,,,,1213,1,0,0,,
P28,en,1,pair,16,0,0,0,v6_pair_4a472014db_2.mp4,en,rav06,ang,AV_pair,L:H|R:E,H_vs_E@strong,buttons,7,same,S0,,,,871,1,0,0,,
P28,en,1,pair_catch,17,0,1,0,v6_catch_6f7a8a44b1_1.mp4,en,rav10,hap,AV_pair,L:H|R:still,correct:left,buttons,2,left,left,,,,2814,0,0,0,1,1
P28,en,1,pair,18,0,0,0,v6_pair_d3f0adc106_1.mp4,en,rav10,fear,AV_pair,L:R|R:H,H_vs_R@strong,buttons,7,left,L2,,,,2023,1,0,0,,
P28,en,1,pair,19,0,0,0,v6_pair_d81bffa4be_1.mp4,en,rav02,ang,AV_pair,L:E|R:H,H_vs_E@strong,buttons,7,left,L2,,,,674,2,0,0,,
P28,en,1,pair,20,0,0,0,v6_pair_93629a9394_1.mp4,en,rav06,ang,AV_pair,L:R|R:H,H_vs_R@strong,buttons,7,same,S0,,,,3655,1,0,0,,
P28,en,1,pair,21,0,0,0,v6_pair_0c8482b715_1.mp4,en,rav02,ang,AV_pair,L:E|R:H,H_vs_E@normal,buttons,7,right,R1,,,,1141,2,0,0,,
P28,en,1,pair,22,0,0,0,v6_pair_a97dec2f4e_1.mp4,en,rav14,hap,AV_pair,L:R|R:H,H_vs_R@strong,buttons,7,same,S0,,,,897,2,0,0,,
P28,en,1,pair,23,0,0,0,v6_pair_33e30e2c1d_2.mp4,en,rav02,dis,AV_pair,L:H|R:E,H_vs_E@normal,buttons,7,same,S0,,,,1188,0,0,0,,
P28,en,1,pair,24,0,0,0,v6_pair_66fc12fdc8_2.mp4,en,rav14,hap,AV_pair,L:H|R:E,H_vs_E@normal,buttons,7,same,S0,,,,1151,2,0,0,,
P28,en,1,pair,25,0,0,0,v6_pair_6f570415b8_2.mp4,en,rav12,fear,AV_pair,L:H|R:R,H_vs_R@strong,buttons,7,right,R1,,,,1005,1,0,0,,
P28,en,1,pair,26,0,0,0,v6_pair_1fc4717f31_1.mp4,en,rav16,hap,AV_pair,L:E|R:H,H_vs_E@normal,buttons,7,right,R1,,,,871,2,0,0,,
P28,en,1,pair,27,0,0,0,v6_pair_f5403c44bd_2.mp4,en,rav16,hap,AV_pair,L:H|R:R,H_vs_R@strong,buttons,7,right,R1,,,,887,1,0,0,,
P28,en,1,pair,28,0,0,0,v6_pair_0c7d060d5f_2.mp4,en,rav24,dis,AV_pair,L:H|R:E,H_vs_E@strong,buttons,7,same,S0,,,,2391,3,0,0,,
P28,en,1,pair,29,0,0,0,v6_pair_58bfd0c96b_1.mp4,en,rav24,dis,AV_pair,L:R|R:H,H_vs_R@strong,buttons,7,left,L1,,,,1247,0,0,0,,
P28,en,1,pair,30,0,0,0,v6_pair_53e6c4770b_2.mp4,en,rav14,hap,AV_pair,L:H|R:E,H_vs_E@strong,buttons,7,left,L1,,,,1390,1,0,0,,
P28,en,1,pair,31,0,0,0,v6_pair_fb8e3dd060_1.mp4,en,rav08,ang,AV_pair,L:E|R:H,H_vs_E@normal,buttons,7,right,R1,,,,1712,0,0,0,,
P28,en,1,pair,32,0,0,0,v6_pair_13ae59e46d_2.mp4,en,rav02,dis,AV_pair,L:H|R:E,H_vs_E@strong,buttons,7,right,R1,,,,779,1,0,0,,
P28,en,1,pair,33,0,0,0,v6_pair_faec1498b7_2.mp4,en,rav08,ang,AV_pair,L:H|R:R,H_vs_R@strong,buttons,7,left,L1,,,,1808,0,0,0,,
P28,en,1,pair,34,0,0,0,v6_pair_7697f115bc_1.mp4,en,rav12,fear,AV_pair,L:E|R:H,H_vs_E@strong,buttons,7,right,R1,,,,1192,0,0,0,,
P28,en,1,pair,35,0,0,0,v6_pair_7ef69736a7_1.mp4,en,rav18,dis,AV_pair,L:R|R:H,H_vs_R@strong,buttons,7,same,S0,,,,1522,1,0,0,,
P28,en,1,pair,36,0,0,0,v6_pair_97e6c7f1ce_2.mp4,en,rav18,dis,AV_pair,L:H|R:E,H_vs_E@normal,buttons,7,left,L1,,,,982,1,0,0,,
P28,en,1,pair,37,0,0,0,v6_pair_c38e9eb491_2.mp4,en,rav18,dis,AV_pair,L:H|R:E,H_vs_E@strong,buttons,7,right,R1,,,,857,2,0,0,,
P28,en,1,pair,38,0,0,0,v6_pair_8073668068_1.mp4,en,rav02,dis,AV_pair,L:R|R:H,H_vs_R@strong,buttons,7,same,S0,,,,1093,1,0,0,,
P28,en,1,pair,39,0,0,0,v6_pair_0a26430948_1.mp4,en,rav04,hap,AV_pair,L:E|R:H,H_vs_E@normal,buttons,7,right,R1,,,,1245,1,0,0,,
P28,en,1,pair,40,0,0,0,v6_pair_5caed2de25_2.mp4,en,rav06,ang,AV_pair,L:H|R:E,H_vs_E@normal,buttons,7,left,L2,,,,1372,0,0,0,,
P28,en,1,pair,41,0,0,0,v6_pair_e86b22f765_2.mp4,en,rav24,dis,AV_pair,L:H|R:E,H_vs_E@normal,buttons,7,left,L1,,,,2493,2,0,0,,
P28,en,1,pair,42,0,0,0,v6_pair_69a37819e2_2.mp4,en,rav10,fear,AV_pair,L:H|R:E,H_vs_E@strong,buttons,7,left,L2,,,,845,1,0,0,,
P28,en,1,pair,43,0,0,0,v6_pair_87b373e751_1.mp4,en,rav16,hap,AV_pair,L:E|R:H,H_vs_E@strong,buttons,7,right,R2,,,,919,1,0,0,,
P28,en,1,pair,44,0,0,0,v6_pair_c12bac8692_1.mp4,en,rav08,ang,AV_pair,L:E|R:H,H_vs_E@strong,buttons,7,right,R2,,,,1342,0,0,0,,
P28,en,1,pair_ml,45,0,0,0,v6_pair_ml_7e3e5bb20d_1.mp4,cn,0002_000488,ang,AV_pair,L:E|R:L,L_vs_E@cn,buttons,7,same,S0,,,,1272,0,0,0,,
P28,en,1,pair_ml,46,0,0,0,v6_pair_ml_1780ae57a3_2.mp4,jp,jp_sad_short_sentence,sad,AV_pair,L:L|R:Lrev,L_vs_Lrev@jp,buttons,7,right,R1,,,,1549,0,0,0,,
P28,en,1,pair_ml,47,0,0,0,v6_pair_ml_a717ea56f4_1.mp4,cn,0002_000838,hap,AV_pair,L:Lrev|R:L,L_vs_Lrev@cn,buttons,7,same,S0,,,,967,1,0,0,,
P28,en,1,pair_ml,48,0,0,0,v6_pair_ml_e5fa8f451a_1.mp4,en,en_ang_short_sentence,ang,AV_pair,L:Lrev|R:L,L_vs_Lrev@en,buttons,7,same,S0,,,,10633,0,0,0,,
P28,en,1,pair_ml,49,0,0,0,v6_pair_ml_c3519312c6_1.mp4,jp,jp_hap_short_sentence,hap,AV_pair,L:Lrev|R:L,L_vs_Lrev@jp,buttons,7,same,S0,,,,1188,1,0,0,,
P28,en,1,pair_ml,50,0,0,0,v6_pair_ml_d6dd46665d_2.mp4,cn,0002_001188,sad,AV_pair,L:L|R:Lrev,L_vs_Lrev@cn,buttons,7,left,L1,,,,4129,0,0,0,,
P28,en,1,pair_ml,51,0,0,0,v6_pair_ml_0bc71a1be9_2.mp4,jp,jp_ang_short_sentence,ang,AV_pair,L:L|R:Lrev,L_vs_Lrev@jp,buttons,7,right,R1,,,,13947,1,0,0,,
P28,en,1,pair_ml,52,0,0,0,v6_pair_ml_d5ab099d51_1.mp4,cn,0002_001188,sad,AV_pair,L:E|R:L,L_vs_E@cn,buttons,7,right,R1,,,,2313,0,0,0,,
P28,en,1,pair_ml,53,0,0,0,v6_pair_ml_44c920798b_2.mp4,en,en_ang_short_sentence,ang,AV_pair,L:L|R:E,L_vs_E@en,buttons,7,right,R1,,,,2388,1,0,0,,
P28,en,1,pair_ml,54,0,0,0,v6_pair_ml_9b2f256f7d_2.mp4,cn,0002_000838,hap,AV_pair,L:L|R:E,L_vs_E@cn,buttons,7,right,R1,,,,896,1,0,0,,
P28,en,1,pair_ml,55,0,0,0,v6_pair_ml_4fc1e0e0d1_1.mp4,jp,jp_sad_short_sentence,sad,AV_pair,L:E|R:L,L_vs_E@jp,buttons,7,left,L1,,,,878,0,0,0,,
P28,en,1,pair_ml,56,0,0,0,v6_pair_ml_97c8810aa2_2.mp4,en,en_hap_short_sentence,hap,AV_pair,L:L|R:Lrev,L_vs_Lrev@en,buttons,7,left,L1,,,,1078,1,0,0,,
P28,en,1,pair_ml,57,0,0,0,v6_pair_ml_d921b78eb4_1.mp4,jp,jp_ang_short_sentence,ang,AV_pair,L:E|R:L,L_vs_E@jp,buttons,7,left,L1,,,,1433,0,0,0,,
P28,en,1,pair_ml,58,0,0,0,v6_pair_ml_f26827db2f_1.mp4,en,en_hap_short_sentence,hap,AV_pair,L:E|R:L,L_vs_E@en,buttons,7,same,S0,,,,779,0,0,0,,
P28,en,1,pair_ml,59,0,0,0,v6_pair_ml_c4711cd80a_2.mp4,cn,0002_000488,ang,AV_pair,L:L|R:Lrev,L_vs_Lrev@cn,buttons,7,right,R1,,,,1696,0,0,0,,
P28,en,1,pair_ml,60,0,0,0,v6_pair_ml_506942a631_1.mp4,en,en_sad_short_sentence,sad,AV_pair,L:Lrev|R:L,L_vs_Lrev@en,buttons,7,same,S0,,,,1785,0,0,0,,
P28,en,1,pair_ml,61,0,0,0,v6_pair_ml_afa28cd8ae_2.mp4,jp,jp_hap_short_sentence,hap,AV_pair,L:L|R:E,L_vs_E@jp,buttons,7,left,L1,,,,1538,1,0,0,,
P28,en,1,pair_ml,62,0,0,0,v6_pair_ml_98df03baec_2.mp4,en,en_sad_short_sentence,sad,AV_pair,L:L|R:E,L_vs_E@en,buttons,7,left,L1,,,,1758,1,0,0,,
P28,en,1,pair_mute,63,0,0,0,v6_pair_mute_30ad4160ab_1.mp4,en,rav18,dis,AV_pair,L:E|R:H,mute:H_vs_E@strong,buttons,7,same,S0,,,,1522,1,0,0,,
P28,en,1,pair_mute,64,0,0,0,v6_pair_mute_555cc59e4b_1.mp4,en,rav10,fear,AV_pair,L:E|R:H,mute:H_vs_E@strong,buttons,7,right,R1,,,,1203,0,0,0,,
P28,en,1,pair_mute,65,0,0,0,v6_pair_mute_3b6fa3b207_2.mp4,en,rav16,hap,AV_pair,L:H|R:E,mute:H_vs_E@strong,buttons,7,right,R1,,,,1970,0,0,0,,
P28,en,1,pair_mute,66,0,0,0,v6_pair_mute_005d45f10b_2.mp4,en,rav06,ang,AV_pair,L:H|R:E,mute:H_vs_E@strong,buttons,7,left,L1,,,,2452,0,0,0,,
P28,en,1,pair_mute,67,0,0,0,v6_pair_mute_39140f1f71_1.mp4,en,rav04,hap,AV_pair,L:E|R:H,mute:H_vs_E@strong,buttons,7,right,R1,,,,1309,1,0,0,,
P28,en,1,pair_mute,68,0,0,0,v6_pair_mute_250e7890e4_2.mp4,en,rav20,fear,AV_pair,L:H|R:E,mute:H_vs_E@strong,buttons,7,same,S0,,,,1186,0,0,0,,
P28,en,1,voice_only,69,0,0,0,v6_voice_50a83a8476_1.mp4,en,rav18,dis,voice_only,voice:normal,voice_check,buttons,7,,dis,5,,,5630,0,0,0,1,
P28,en,1,voice_only,70,0,0,0,v6_voice_aaea5d0aab_1.mp4,en,rav12,fear,voice_only,voice:strong,voice_check,buttons,7,,fear,7,,,868,0,0,0,1,
P28,en,1,voice_only,71,0,0,0,v6_voice_214566cf57_1.mp4,en,rav14,hap,voice_only,voice:normal,voice_check,buttons,7,,sur,6,,,7195,0,0,0,0,
P28,en,1,voice_only,72,0,0,0,v6_voice_08aabec890_1.mp4,en,rav06,ang,voice_only,voice:strong,voice_check,buttons,7,,ang,7,,,720,0,0,0,1,
P28,en,1,voice_only,73,0,0,0,v6_voice_fb11565c01_1.mp4,en,rav20,fear,voice_only,voice:normal,voice_check,buttons,7,,sad,4,,,4740,0,0,0,0,
P28,en,1,voice_only,74,0,0,0,v6_voice_17e973c755_1.mp4,en,rav14,hap,voice_only,voice:strong,voice_check,buttons,7,,hap,4,,,1652,0,0,0,1,
P28,en,1,voice_only,75,0,0,0,v6_voice_7642129e05_1.mp4,en,rav12,fear,voice_only,voice:normal,voice_check,buttons,7,,sad,4,,,1286,0,0,0,0,
P28,en,1,voice_only,76,0,0,0,v6_voice_b0cfac7f4c_1.mp4,en,rav18,dis,voice_only,voice:strong,voice_check,buttons,7,,ang,5,,,823,0,0,0,0,
P28,en,1,voice_only,77,0,0,0,v6_voice_cd8f85d3b2_1.mp4,en,rav04,hap,voice_only,voice:normal,voice_check,buttons,7,,neu,,,,3443,0,0,0,0,
P28,en,1,voice_only,78,0,0,0,v6_voice_70e2096718_1.mp4,en,rav20,fear,voice_only,voice:strong,voice_check,buttons,7,,fear,7,,,665,0,0,0,1,
P28,en,1,voice_only,79,0,0,0,v6_voice_a66c973128_1.mp4,en,rav06,ang,voice_only,voice:normal,voice_check,buttons,7,,ang,6,,,865,0,0,0,1,
P28,en,1,voice_only,79,0,0,1,v6_voice_a66c973128_1.mp4,en,rav06,ang,voice_only,voice:normal,voice_check,buttons,7,,ang,5,,,629,0,0,0,1,
P28,en,1,voice_only,80,0,0,0,v6_voice_5daeb1533f_1.mp4,en,rav04,hap,voice_only,voice:strong,voice_check,buttons,7,,sur,6,,,1041,0,0,0,0,
P29,en,1,single,0,0,0,0,v6_single_a721e1869f_2.mp4,en,rav18,dis,AV,,,buttons,7,,fear,2,1,,7108,1,0,0,0,
P29,en,1,single,1,0,0,0,v6_single_739783e84d_3.mp4,en,rav10,fear,AV,,,buttons,7,,fear,5,2,,2025,0,0,0,1,
P29,en,1,single,2,0,0,0,v6_single_7b8afe562a_2.mp4,en,rav06,ang,AV,,,buttons,7,,ang,4,2,,1531,0,0,0,1,
P29,en,1,single,3,0,0,0,v6_single_24bf624e7d_1.mp4,en,rav16,hap,AV,,,buttons,7,,hap,4,2,,2797,0,0,0,1,
P29,en,1,single,4,0,0,0,v6_single_802ffa53c5_3.mp4,en,rav20,fear,AV,,,buttons,7,,fear,3,2,,6874,0,0,0,1,
P29,en,1,single,5,0,0,0,v6_single_76ee15a092_1.mp4,en,rav04,hap,AV,,,buttons,7,,hap,5,3,,889,0,0,0,1,
P29,en,1,practice,6,1,0,0,v6_practice_cd0abf6ffd_1.mp4,en,rav22,ang,AV_pair,L:E|R:H,practice:H_vs_E@strong,buttons,7,right,R1,,,,3434,2,0,0,,
P29,en,1,practice,7,1,0,0,v6_practice_85af89ed95_2.mp4,en,rav10,hap,AV_pair,L:H|R:E,practice:H_vs_E@strong,buttons,7,left,L1,,,,1840,1,0,0,,
P29,en,1,pair,8,0,0,0,v6_pair_8073668068_1.mp4,en,rav02,dis,AV_pair,L:R|R:H,H_vs_R@strong,buttons,7,left,L1,,,,1416,0,0,0,,
P29,en,1,pair,9,0,0,0,v6_pair_7697f115bc_1.mp4,en,rav12,fear,AV_pair,L:E|R:H,H_vs_E@strong,buttons,7,left,L2,,,,3078,0,0,0,,
P29,en,1,pair,10,0,0,0,v6_pair_23d7c570a2_1.mp4,en,rav04,hap,AV_pair,L:E|R:H,H_vs_E@strong,buttons,7,right,R2,,,,1486,0,0,0,,
P29,en,1,pair,11,0,0,0,v6_pair_db8f08e27f_2.mp4,en,rav10,fear,AV_pair,L:H|R:E,H_vs_E@normal,buttons,7,same,S0,,,,2782,0,0,0,,
P29,en,1,pair,12,0,0,0,v6_pair_53e6c4770b_2.mp4,en,rav14,hap,AV_pair,L:H|R:E,H_vs_E@strong,buttons,7,left,L2,,,,710,0,0,0,,
P29,en,1,pair,13,0,0,0,v6_pair_33e30e2c1d_2.mp4,en,rav02,dis,AV_pair,L:H|R:E,H_vs_E@normal,buttons,7,same,S0,,,,978,0,0,0,,
P29,en,1,pair,14,0,0,0,v6_pair_3961b3142e_1.mp4,en,rav20,fear,AV_pair,L:E|R:H,H_vs_E@strong,buttons,7,same,S0,,,,2525,0,0,0,,
P29,en,1,pair,15,0,0,0,v6_pair_0c8482b715_1.mp4,en,rav02,ang,AV_pair,L:E|R:H,H_vs_E@normal,buttons,7,left,L1,,,,1498,1,0,0,,
P29,en,1,pair,16,0,0,0,v6_pair_58bfd0c96b_1.mp4,en,rav24,dis,AV_pair,L:R|R:H,H_vs_R@strong,buttons,7,right,R2,,,,1392,0,0,0,,
P29,en,1,pair,17,0,0,0,v6_pair_66fc12fdc8_2.mp4,en,rav14,hap,AV_pair,L:H|R:E,H_vs_E@normal,buttons,7,left,L1,,,,2231,0,0,0,,
P29,en,1,pair,18,0,0,0,v6_pair_7ef69736a7_1.mp4,en,rav18,dis,AV_pair,L:R|R:H,H_vs_R@strong,buttons,7,right,R1,,,,1002,0,0,0,,
P29,en,1,pair,19,0,0,0,v6_pair_69a37819e2_2.mp4,en,rav10,fear,AV_pair,L:H|R:E,H_vs_E@strong,buttons,7,same,S0,,,,1509,0,0,0,,
P29,en,1,pair,20,0,0,0,v6_pair_5caed2de25_2.mp4,en,rav06,ang,AV_pair,L:H|R:E,H_vs_E@normal,buttons,7,left,L1,,,,1743,0,0,0,,
P29,en,1,pair,21,0,0,0,v6_pair_d3f0adc106_1.mp4,en,rav10,fear,AV_pair,L:R|R:H,H_vs_R@strong,buttons,7,same,S0,,,,1052,0,0,0,,
P29,en,1,pair,22,0,0,0,v6_pair_fb8e3dd060_1.mp4,en,rav08,ang,AV_pair,L:E|R:H,H_vs_E@normal,buttons,7,left,L1,,,,1093,0,0,0,,
P29,en,1,pair,23,0,0,0,v6_pair_c38e9eb491_2.mp4,en,rav18,dis,AV_pair,L:H|R:E,H_vs_E@strong,buttons,7,right,R1,,,,763,0,0,0,,
P29,en,1,pair,24,0,0,0,v6_pair_6f570415b8_2.mp4,en,rav12,fear,AV_pair,L:H|R:R,H_vs_R@strong,buttons,7,left,L2,,,,1252,0,0,0,,
P29,en,1,pair,25,0,0,0,v6_pair_417168a67a_2.mp4,en,rav20,fear,AV_pair,L:H|R:R,H_vs_R@strong,buttons,7,left,L1,,,,2923,0,0,0,,
P29,en,1,pair,26,0,0,0,v6_pair_0a26430948_1.mp4,en,rav04,hap,AV_pair,L:E|R:H,H_vs_E@normal,buttons,7,left,L2,,,,1205,0,0,0,,
P29,en,1,pair,27,0,0,0,v6_pair_dc983160dd_2.mp4,en,rav02,ang,AV_pair,L:H|R:R,H_vs_R@strong,buttons,7,same,S0,,,,713,0,0,0,,
P29,en,1,pair,28,0,0,0,v6_pair_3b7f4443aa_1.mp4,en,rav12,fear,AV_pair,L:E|R:H,H_vs_E@normal,buttons,7,left,L1,,,,979,1,0,0,,
P29,en,1,pair_catch,29,0,1,0,v6_catch_6f7a8a44b1_1.mp4,en,rav10,hap,AV_pair,L:H|R:still,correct:left,buttons,2,left,left,,,,3182,0,0,0,1,1
P29,en,1,pair,30,0,0,0,v6_pair_c12bac8692_1.mp4,en,rav08,ang,AV_pair,L:E|R:H,H_vs_E@strong,buttons,7,left,L1,,,,744,1,0,0,,
P29,en,1,pair,31,0,0,0,v6_pair_e86b22f765_2.mp4,en,rav24,dis,AV_pair,L:H|R:E,H_vs_E@normal,buttons,7,right,R3,,,,847,0,0,0,,
P29,en,1,pair,32,0,0,0,v6_pair_87b373e751_1.mp4,en,rav16,hap,AV_pair,L:E|R:H,H_vs_E@strong,buttons,7,right,R1,,,,527,0,0,0,,
P29,en,1,pair,33,0,0,0,v6_pair_97e6c7f1ce_2.mp4,en,rav18,dis,AV_pair,L:H|R:E,H_vs_E@normal,buttons,7,right,R2,,,,616,0,0,0,,
P29,en,1,pair,34,0,0,0,v6_pair_faec1498b7_2.mp4,en,rav08,ang,AV_pair,L:H|R:R,H_vs_R@strong,buttons,7,left,L2,,,,552,1,0,0,,
P29,en,1,pair,35,0,0,0,v6_pair_4a472014db_2.mp4,en,rav06,ang,AV_pair,L:H|R:E,H_vs_E@strong,buttons,7,same,S0,,,,496,1,0,0,,
P29,en,1,pair,36,0,0,0,v6_pair_93629a9394_1.mp4,en,rav06,ang,AV_pair,L:R|R:H,H_vs_R@strong,buttons,7,left,L1,,,,1354,0,0,0,,
P29,en,1,pair,37,0,0,0,v6_pair_5adfe6a4bd_1.mp4,en,rav20,fear,AV_pair,L:E|R:H,H_vs_E@normal,buttons,7,right,R2,,,,646,0,0,0,,
P29,en,1,pair,38,0,0,0,v6_pair_1fc4717f31_1.mp4,en,rav16,hap,AV_pair,L:E|R:H,H_vs_E@normal,buttons,7,same,S0,,,,809,0,0,0,,
P29,en,1,pair,39,0,0,0,v6_pair_0c7d060d5f_2.mp4,en,rav24,dis,AV_pair,L:H|R:E,H_vs_E@strong,buttons,7,right,R1,,,,492,0,0,0,,
P29,en,1,pair,40,0,0,0,v6_pair_e5c0cf4a07_2.mp4,en,rav04,hap,AV_pair,L:H|R:R,H_vs_R@strong,buttons,7,right,R2,,,,411,0,0,0,,
P29,en,1,pair,41,0,0,0,v6_pair_a97dec2f4e_1.mp4,en,rav14,hap,AV_pair,L:R|R:H,H_vs_R@strong,buttons,7,left,L1,,,,827,0,0,0,,
P29,en,1,pair,42,0,0,0,v6_pair_d81bffa4be_1.mp4,en,rav02,ang,AV_pair,L:E|R:H,H_vs_E@strong,buttons,7,same,S0,,,,661,0,0,0,,
P29,en,1,pair,43,0,0,0,v6_pair_13ae59e46d_2.mp4,en,rav02,dis,AV_pair,L:H|R:E,H_vs_E@strong,buttons,7,right,R2,,,,2034,0,0,0,,
P29,en,1,pair,44,0,0,0,v6_pair_f5403c44bd_2.mp4,en,rav16,hap,AV_pair,L:H|R:R,H_vs_R@strong,buttons,7,same,S0,,,,1115,0,0,0,,
P29,en,1,pair_ml,45,0,0,0,v6_pair_ml_9b2f256f7d_2.mp4,cn,0002_000838,hap,AV_pair,L:L|R:E,L_vs_E@cn,buttons,7,left,L1,,,,824,1,0,0,,
P29,en,1,pair_ml,46,0,0,0,v6_pair_ml_0bc71a1be9_2.mp4,jp,jp_ang_short_sentence,ang,AV_pair,L:L|R:Lrev,L_vs_Lrev@jp,buttons,7,same,S0,,,,1231,0,0,0,,
P29,en,1,pair_ml,47,0,0,0,v6_pair_ml_98df03baec_2.mp4,en,en_sad_short_sentence,sad,AV_pair,L:L|R:E,L_vs_E@en,buttons,7,right,R2,,,,1659,1,0,0,,
P29,en,1,pair_ml,48,0,0,0,v6_pair_ml_7e3e5bb20d_1.mp4,cn,0002_000488,ang,AV_pair,L:E|R:L,L_vs_E@cn,buttons,7,right,R1,,,,854,0,0,0,,
P29,en,1,pair_ml,49,0,0,0,v6_pair_ml_afa28cd8ae_2.mp4,jp,jp_hap_short_sentence,hap,AV_pair,L:L|R:E,L_vs_E@jp,buttons,7,left,L1,,,,1035,0,0,0,,
P29,en,1,pair_ml,50,0,0,0,v6_pair_ml_506942a631_1.mp4,en,en_sad_short_sentence,sad,AV_pair,L:Lrev|R:L,L_vs_Lrev@en,buttons,7,left,L1,,,,1126,0,0,0,,
P29,en,1,pair_ml,51,0,0,0,v6_pair_ml_a717ea56f4_1.mp4,cn,0002_000838,hap,AV_pair,L:Lrev|R:L,L_vs_Lrev@cn,buttons,7,same,S0,,,,528,0,0,0,,
P29,en,1,pair_ml,52,0,0,0,v6_pair_ml_1780ae57a3_2.mp4,jp,jp_sad_short_sentence,sad,AV_pair,L:L|R:Lrev,L_vs_Lrev@jp,buttons,7,right,R2,,,,548,1,0,0,,
P29,en,1,pair_ml,53,0,0,0,v6_pair_ml_f26827db2f_1.mp4,en,en_hap_short_sentence,hap,AV_pair,L:E|R:L,L_vs_E@en,buttons,7,same,S0,,,,1509,0,0,0,,
P29,en,1,pair_ml,54,0,0,0,v6_pair_ml_d5ab099d51_1.mp4,cn,0002_001188,sad,AV_pair,L:E|R:L,L_vs_E@cn,buttons,7,same,S0,,,,763,0,0,0,,
P29,en,1,pair_ml,55,0,0,0,v6_pair_ml_44c920798b_2.mp4,en,en_ang_short_sentence,ang,AV_pair,L:L|R:E,L_vs_E@en,buttons,7,left,L1,,,,942,0,0,0,,
P29,en,1,pair_ml,56,0,0,0,v6_pair_ml_c3519312c6_1.mp4,jp,jp_hap_short_sentence,hap,AV_pair,L:Lrev|R:L,L_vs_Lrev@jp,buttons,7,same,S0,,,,856,0,0,0,,
P29,en,1,pair_ml,57,0,0,0,v6_pair_ml_d6dd46665d_2.mp4,cn,0002_001188,sad,AV_pair,L:L|R:Lrev,L_vs_Lrev@cn,buttons,7,right,R2,,,,566,0,0,0,,
P29,en,1,pair_ml,58,0,0,0,v6_pair_ml_d921b78eb4_1.mp4,jp,jp_ang_short_sentence,ang,AV_pair,L:E|R:L,L_vs_E@jp,buttons,7,same,S0,,,,1315,0,0,0,,
P29,en,1,pair_ml,59,0,0,0,v6_pair_ml_97c8810aa2_2.mp4,en,en_hap_short_sentence,hap,AV_pair,L:L|R:Lrev,L_vs_Lrev@en,buttons,7,left,L1,,,,848,0,0,0,,
P29,en,1,pair_ml,60,0,0,0,v6_pair_ml_c4711cd80a_2.mp4,cn,0002_000488,ang,AV_pair,L:L|R:Lrev,L_vs_Lrev@cn,buttons,7,same,S0,,,,825,0,0,0,,
P29,en,1,pair_ml,61,0,0,0,v6_pair_ml_4fc1e0e0d1_1.mp4,jp,jp_sad_short_sentence,sad,AV_pair,L:E|R:L,L_vs_E@jp,buttons,7,right,R1,,,,1025,0,0,0,,
P29,en,1,pair_ml,62,0,0,0,v6_pair_ml_e5fa8f451a_1.mp4,en,en_ang_short_sentence,ang,AV_pair,L:Lrev|R:L,L_vs_Lrev@en,buttons,7,same,S0,,,,847,0,0,0,,
P29,en,1,pair_mute,63,0,0,0,v6_pair_mute_250e7890e4_2.mp4,en,rav20,fear,AV_pair,L:H|R:E,mute:H_vs_E@strong,buttons,7,left,L3,,,,2684,1,0,0,,
P29,en,1,pair_mute,64,0,0,0,v6_pair_mute_30ad4160ab_1.mp4,en,rav18,dis,AV_pair,L:E|R:H,mute:H_vs_E@strong,buttons,7,right,R3,,,,1148,0,0,0,,
P29,en,1,pair_mute,65,0,0,0,v6_pair_mute_39140f1f71_1.mp4,en,rav04,hap,AV_pair,L:E|R:H,mute:H_vs_E@strong,buttons,7,right,R3,,,,1112,0,0,0,,
P29,en,1,pair_mute,66,0,0,0,v6_pair_mute_3b6fa3b207_2.mp4,en,rav16,hap,AV_pair,L:H|R:E,mute:H_vs_E@strong,buttons,7,left,L1,,,,1374,0,0,0,,
P29,en,1,pair_mute,67,0,0,0,v6_pair_mute_005d45f10b_2.mp4,en,rav06,ang,AV_pair,L:H|R:E,mute:H_vs_E@strong,buttons,7,left,L3,,,,1372,0,0,0,,
P29,en,1,pair_mute,68,0,0,0,v6_pair_mute_555cc59e4b_1.mp4,en,rav10,fear,AV_pair,L:E|R:H,mute:H_vs_E@strong,buttons,7,right,R2,,,,2252,0,0,0,,
P29,en,1,voice_only,69,0,0,0,v6_voice_214566cf57_1.mp4,en,rav14,hap,voice_only,voice:normal,voice_check,buttons,7,,hap,4,,,5114,0,0,0,1,
P29,en,1,voice_only,70,0,0,0,v6_voice_08aabec890_1.mp4,en,rav06,ang,voice_only,voice:strong,voice_check,buttons,7,,ang,7,,,2343,0,0,0,1,
P29,en,1,voice_only,71,0,0,0,v6_voice_7642129e05_1.mp4,en,rav12,fear,voice_only,voice:normal,voice_check,buttons,7,,fear,5,,,2981,0,0,0,1,
P29,en,1,voice_only,72,0,0,0,v6_voice_5daeb1533f_1.mp4,en,rav04,hap,voice_only,voice:strong,voice_check,buttons,7,,hap,5,,,707,0,0,0,1,
P29,en,1,voice_only,73,0,0,0,v6_voice_fb11565c01_1.mp4,en,rav20,fear,voice_only,voice:normal,voice_check,buttons,7,,fear,6,,,1041,0,0,0,1,
P29,en,1,voice_only,74,0,0,0,v6_voice_b0cfac7f4c_1.mp4,en,rav18,dis,voice_only,voice:strong,voice_check,buttons,7,,dis,5,,,1045,0,0,0,1,
P29,en,1,voice_only,75,0,0,0,v6_voice_a66c973128_1.mp4,en,rav06,ang,voice_only,voice:normal,voice_check,buttons,7,,dis,4,,,1591,1,0,0,0,
P29,en,1,voice_only,76,0,0,0,v6_voice_17e973c755_1.mp4,en,rav14,hap,voice_only,voice:strong,voice_check,buttons,7,,hap,4,,,6771,0,0,0,1,
P29,en,1,voice_only,77,0,0,0,v6_voice_50a83a8476_1.mp4,en,rav18,dis,voice_only,voice:normal,voice_check,buttons,7,,dis,5,,,2322,0,0,0,1,
P29,en,1,voice_only,78,0,0,0,v6_voice_70e2096718_1.mp4,en,rav20,fear,voice_only,voice:strong,voice_check,buttons,7,,fear,7,,,2125,0,0,0,1,
P29,en,1,voice_only,79,0,0,0,v6_voice_cd8f85d3b2_1.mp4,en,rav04,hap,voice_only,voice:normal,voice_check,buttons,7,,sur,3,,,6809,0,0,0,0,
P29,en,1,voice_only,80,0,0,0,v6_voice_aaea5d0aab_1.mp4,en,rav12,fear,voice_only,voice:strong,voice_check,buttons,7,,fear,5,,,755,0,0,0,1,
P30,en,1,single,0,0,0,0,v6_single_802ffa53c5_1.mp4,en,rav20,fear,AV,,,buttons,7,,fear,3,2,,7461,0,0,0,1,
P30,en,1,single,1,0,0,0,v6_single_a721e1869f_3.mp4,en,rav18,dis,AV,,,buttons,7,,fear,4,4,,10634,0,0,0,0,
P30,en,1,single,1,0,0,1,v6_single_a721e1869f_3.mp4,en,rav18,dis,AV,,,buttons,7,,fear,2,2,,1011,2,0,0,0,
P30,en,1,single,2,0,0,0,v6_single_24bf624e7d_2.mp4,en,rav16,hap,AV,,,buttons,7,,hap,3,4,,1766,1,0,0,1,
P30,en,1,single,3,0,0,0,v6_single_7b8afe562a_3.mp4,en,rav06,ang,AV,,,buttons,7,,ang,1,2,,1979,0,0,0,1,
P30,en,1,single,4,0,0,0,v6_single_76ee15a092_2.mp4,en,rav04,hap,AV,,,buttons,7,,sur,4,3,,7341,1,0,0,0,
P30,en,1,single,5,0,0,0,v6_single_739783e84d_1.mp4,en,rav10,fear,AV,,,buttons,7,,fear,4,6,,1631,0,0,0,1,
P30,en,1,practice,6,1,0,0,v6_practice_85af89ed95_1.mp4,en,rav10,hap,AV_pair,L:E|R:H,practice:H_vs_E@strong,buttons,7,same,S0,,,,924,2,0,0,,
P30,en,1,practice,7,1,0,0,v6_practice_cd0abf6ffd_2.mp4,en,rav22,ang,AV_pair,L:H|R:E,practice:H_vs_E@strong,buttons,7,left,L1,,,,2658,2,0,0,,
P30,en,1,pair,8,0,0,0,v6_pair_0c8482b715_2.mp4,en,rav02,ang,AV_pair,L:H|R:E,H_vs_E@normal,buttons,7,left,L1,,,,1414,2,0,0,,
P30,en,1,pair,9,0,0,0,v6_pair_53e6c4770b_1.mp4,en,rav14,hap,AV_pair,L:E|R:H,H_vs_E@strong,buttons,7,same,S0,,,,1093,1,0,0,,
P30,en,1,pair,10,0,0,0,v6_pair_8073668068_2.mp4,en,rav02,dis,AV_pair,L:H|R:R,H_vs_R@strong,buttons,7,same,S0,,,,1631,1,0,0,,
P30,en,1,pair,11,0,0,0,v6_pair_4a472014db_1.mp4,en,rav06,ang,AV_pair,L:E|R:H,H_vs_E@strong,buttons,7,left,L2,,,,863,1,0,0,,
P30,en,1,pair,12,0,0,0,v6_pair_33e30e2c1d_1.mp4,en,rav02,dis,AV_pair,L:E|R:H,H_vs_E@normal,buttons,7,same,S0,,,,1030,1,0,0,,
P30,en,1,pair,13,0,0,0,v6_pair_3961b3142e_2.mp4,en,rav20,fear,AV_pair,L:H|R:E,H_vs_E@strong,buttons,7,left,L1,,,,1142,3,0,0,,
P30,en,1,pair,14,0,0,0,v6_pair_417168a67a_1.mp4,en,rav20,fear,AV_pair,L:R|R:H,H_vs_R@strong,buttons,7,same,S0,,,,1193,1,0,0,,
P30,en,1,pair,15,0,0,0,v6_pair_0c7d060d5f_1.mp4,en,rav24,dis,AV_pair,L:E|R:H,H_vs_E@strong,buttons,7,same,S0,,,,2832,3,0,0,,
P30,en,1,pair,16,0,0,0,v6_pair_13ae59e46d_1.mp4,en,rav02,dis,AV_pair,L:E|R:H,H_vs_E@strong,buttons,7,same,S0,,,,2347,5,0,0,,
P30,en,1,pair,17,0,0,0,v6_pair_97e6c7f1ce_1.mp4,en,rav18,dis,AV_pair,L:E|R:H,H_vs_E@normal,buttons,7,right,R1,,,,2409,2,0,0,,
P30,en,1,pair_catch,18,0,1,0,v6_catch_6f7a8a44b1_2.mp4,en,rav10,hap,AV_pair,L:still|R:H,correct:right,buttons,2,right,right,,,,3236,0,0,0,1,1
P30,en,1,pair,19,0,0,0,v6_pair_6f570415b8_1.mp4,en,rav12,fear,AV_pair,L:R|R:H,H_vs_R@strong,buttons,7,right,R1,,,,777,4,0,0,,
P30,en,1,pair,20,0,0,0,v6_pair_7ef69736a7_2.mp4,en,rav18,dis,AV_pair,L:H|R:R,H_vs_R@strong,buttons,7,right,R2,,,,1699,3,0,0,,
P30,en,1,pair,21,0,0,0,v6_pair_c38e9eb491_1.mp4,en,rav18,dis,AV_pair,L:E|R:H,H_vs_E@strong,buttons,7,right,R2,,,,724,1,0,0,,
P30,en,1,pair,22,0,0,0,v6_pair_fb8e3dd060_2.mp4,en,rav08,ang,AV_pair,L:H|R:E,H_vs_E@normal,buttons,7,same,S0,,,,687,4,0,0,,
P30,en,1,pair,23,0,0,0,v6_pair_5adfe6a4bd_2.mp4,en,rav20,fear,AV_pair,L:H|R:E,H_vs_E@normal,buttons,7,right,R2,,,,1210,2,0,0,,
P30,en,1,pair,24,0,0,0,v6_pair_d81bffa4be_2.mp4,en,rav02,ang,AV_pair,L:H|R:E,H_vs_E@strong,buttons,7,same,S0,,,,818,3,0,0,,
P30,en,1,pair,25,0,0,0,v6_pair_f5403c44bd_1.mp4,en,rav16,hap,AV_pair,L:R|R:H,H_vs_R@strong,buttons,7,right,R1,,,,1286,2,0,0,,
P30,en,1,pair,26,0,0,0,v6_pair_87b373e751_2.mp4,en,rav16,hap,AV_pair,L:H|R:E,H_vs_E@strong,buttons,7,same,S0,,,,1526,3,0,0,,
P30,en,1,pair,27,0,0,0,v6_pair_58bfd0c96b_2.mp4,en,rav24,dis,AV_pair,L:H|R:R,H_vs_R@strong,buttons,7,right,R1,,,,1694,2,0,0,,
P30,en,1,pair,28,0,0,0,v6_pair_db8f08e27f_1.mp4,en,rav10,fear,AV_pair,L:E|R:H,H_vs_E@normal,buttons,7,left,L1,,,,894,3,0,0,,
P30,en,1,pair,29,0,0,0,v6_pair_e5c0cf4a07_1.mp4,en,rav04,hap,AV_pair,L:R|R:H,H_vs_R@strong,buttons,7,right,R1,,,,729,3,0,0,,
P30,en,1,pair,30,0,0,0,v6_pair_1fc4717f31_2.mp4,en,rav16,hap,AV_pair,L:H|R:E,H_vs_E@normal,buttons,7,left,L1,,,,1606,3,0,0,,
P30,en,1,pair,31,0,0,0,v6_pair_69a37819e2_1.mp4,en,rav10,fear,AV_pair,L:E|R:H,H_vs_E@strong,buttons,7,left,L2,,,,2097,0,0,0,,
P30,en,1,pair,32,0,0,0,v6_pair_a97dec2f4e_2.mp4,en,rav14,hap,AV_pair,L:H|R:R,H_vs_R@strong,buttons,7,same,S0,,,,1822,0,0,0,,
P30,en,1,pair,33,0,0,0,v6_pair_93629a9394_2.mp4,en,rav06,ang,AV_pair,L:H|R:R,H_vs_R@strong,buttons,7,left,L1,,,,1014,1,0,0,,
P30,en,1,pair,34,0,0,0,v6_pair_7697f115bc_2.mp4,en,rav12,fear,AV_pair,L:H|R:E,H_vs_E@strong,buttons,7,left,L1,,,,1255,1,0,0,,
P30,en,1,pair,35,0,0,0,v6_pair_e86b22f765_1.mp4,en,rav24,dis,AV_pair,L:E|R:H,H_vs_E@normal,buttons,7,left,L1,,,,1327,3,0,0,,
P30,en,1,pair,36,0,0,0,v6_pair_0a26430948_2.mp4,en,rav04,hap,AV_pair,L:H|R:E,H_vs_E@normal,buttons,7,right,R1,,,,1365,3,0,0,,
P30,en,1,pair,37,0,0,0,v6_pair_dc983160dd_1.mp4,en,rav02,ang,AV_pair,L:R|R:H,H_vs_R@strong,buttons,7,same,S0,,,,1091,1,0,0,,
P30,en,1,pair,38,0,0,0,v6_pair_23d7c570a2_2.mp4,en,rav04,hap,AV_pair,L:H|R:E,H_vs_E@strong,buttons,7,left,L1,,,,1014,3,0,0,,
P30,en,1,pair,39,0,0,0,v6_pair_66fc12fdc8_1.mp4,en,rav14,hap,AV_pair,L:E|R:H,H_vs_E@normal,buttons,7,same,S0,,,,1311,0,0,0,,
P30,en,1,pair,40,0,0,0,v6_pair_d3f0adc106_2.mp4,en,rav10,fear,AV_pair,L:H|R:R,H_vs_R@strong,buttons,7,left,L1,,,,1141,3,0,0,,
P30,en,1,pair,41,0,0,0,v6_pair_c12bac8692_2.mp4,en,rav08,ang,AV_pair,L:H|R:E,H_vs_E@strong,buttons,7,right,R1,,,,2539,4,0,0,,
P30,en,1,pair,42,0,0,0,v6_pair_3b7f4443aa_2.mp4,en,rav12,fear,AV_pair,L:H|R:E,H_vs_E@normal,buttons,7,left,L1,,,,1044,2,0,0,,
P30,en,1,pair,43,0,0,0,v6_pair_faec1498b7_1.mp4,en,rav08,ang,AV_pair,L:R|R:H,H_vs_R@strong,buttons,7,same,S0,,,,1668,3,0,0,,
P30,en,1,pair,44,0,0,0,v6_pair_5caed2de25_1.mp4,en,rav06,ang,AV_pair,L:E|R:H,H_vs_E@normal,buttons,7,right,R1,,,,1199,2,0,0,,
P30,en,1,pair_ml,45,0,0,0,v6_pair_ml_c4711cd80a_1.mp4,cn,0002_000488,ang,AV_pair,L:Lrev|R:L,L_vs_Lrev@cn,buttons,7,same,S0,,,,705,3,0,0,,
P30,en,1,pair_ml,46,0,0,0,v6_pair_ml_afa28cd8ae_1.mp4,jp,jp_hap_short_sentence,hap,AV_pair,L:E|R:L,L_vs_E@jp,buttons,7,same,S0,,,,1307,2,0,0,,
P30,en,1,pair_ml,47,0,0,0,v6_pair_ml_d6dd46665d_1.mp4,cn,0002_001188,sad,AV_pair,L:Lrev|R:L,L_vs_Lrev@cn,buttons,7,left,L1,,,,2004,2,0,0,,
P30,en,1,pair_ml,48,0,0,0,v6_pair_ml_f26827db2f_2.mp4,en,en_hap_short_sentence,hap,AV_pair,L:L|R:E,L_vs_E@en,buttons,7,same,S0,,,,1141,2,0,0,,
P30,en,1,pair_ml,49,0,0,0,v6_pair_ml_0bc71a1be9_1.mp4,jp,jp_ang_short_sentence,ang,AV_pair,L:Lrev|R:L,L_vs_Lrev@jp,buttons,7,left,L1,,,,1559,4,0,0,,
P30,en,1,pair_ml,50,0,0,0,v6_pair_ml_d5ab099d51_2.mp4,cn,0002_001188,sad,AV_pair,L:L|R:E,L_vs_E@cn,buttons,7,right,R1,,,,2223,2,0,0,,
P30,en,1,pair_ml,51,0,0,0,v6_pair_ml_e5fa8f451a_2.mp4,en,en_ang_short_sentence,ang,AV_pair,L:L|R:Lrev,L_vs_Lrev@en,buttons,7,left,L1,,,,901,3,0,0,,
P30,en,1,pair_ml,52,0,0,0,v6_pair_ml_a717ea56f4_2.mp4,cn,0002_000838,hap,AV_pair,L:L|R:Lrev,L_vs_Lrev@cn,buttons,7,same,S0,,,,791,3,0,0,,
P30,en,1,pair_ml,53,0,0,0,v6_pair_ml_506942a631_2.mp4,en,en_sad_short_sentence,sad,AV_pair,L:L|R:Lrev,L_vs_Lrev@en,buttons,7,same,S0,,,,1062,4,0,0,,
P30,en,1,pair_ml,54,0,0,0,v6_pair_ml_9b2f256f7d_1.mp4,cn,0002_000838,hap,AV_pair,L:E|R:L,L_vs_E@cn,buttons,7,right,R1,,,,887,3,0,0,,
P30,en,1,pair_ml,55,0,0,0,v6_pair_ml_1780ae57a3_1.mp4,jp,jp_sad_short_sentence,sad,AV_pair,L:Lrev|R:L,L_vs_Lrev@jp,buttons,7,right,R1,,,,993,3,0,0,,
P30,en,1,pair_ml,56,0,0,0,v6_pair_ml_97c8810aa2_1.mp4,en,en_hap_short_sentence,hap,AV_pair,L:Lrev|R:L,L_vs_Lrev@en,buttons,7,same,S0,,,,1327,1,0,0,,
P30,en,1,pair_ml,57,0,0,0,v6_pair_ml_d921b78eb4_2.mp4,jp,jp_ang_short_sentence,ang,AV_pair,L:L|R:E,L_vs_E@jp,buttons,7,left,L1,,,,1838,3,0,0,,
P30,en,1,pair_ml,58,0,0,0,v6_pair_ml_98df03baec_1.mp4,en,en_sad_short_sentence,sad,AV_pair,L:E|R:L,L_vs_E@en,buttons,7,left,L1,,,,1039,4,0,0,,
P30,en,1,pair_ml,59,0,0,0,v6_pair_ml_c3519312c6_2.mp4,jp,jp_hap_short_sentence,hap,AV_pair,L:L|R:Lrev,L_vs_Lrev@jp,buttons,7,same,S0,,,,854,2,0,0,,
P30,en,1,pair_ml,60,0,0,0,v6_pair_ml_44c920798b_1.mp4,en,en_ang_short_sentence,ang,AV_pair,L:E|R:L,L_vs_E@en,buttons,7,same,S0,,,,1002,3,0,0,,
P30,en,1,pair_ml,61,0,0,0,v6_pair_ml_4fc1e0e0d1_2.mp4,jp,jp_sad_short_sentence,sad,AV_pair,L:L|R:E,L_vs_E@jp,buttons,7,right,R1,,,,877,1,0,0,,
P30,en,1,pair_ml,62,0,0,0,v6_pair_ml_7e3e5bb20d_2.mp4,cn,0002_000488,ang,AV_pair,L:L|R:E,L_vs_E@cn,buttons,7,left,L2,,,,1038,4,0,0,,
P30,en,1,pair_mute,63,0,0,0,v6_pair_mute_005d45f10b_1.mp4,en,rav06,ang,AV_pair,L:E|R:H,mute:H_vs_E@strong,buttons,7,right,R1,,,,920,2,0,0,,
P30,en,1,pair_mute,64,0,0,0,v6_pair_mute_30ad4160ab_2.mp4,en,rav18,dis,AV_pair,L:H|R:E,mute:H_vs_E@strong,buttons,7,left,L1,,,,1152,2,0,0,,
P30,en,1,pair_mute,65,0,0,0,v6_pair_mute_3b6fa3b207_1.mp4,en,rav16,hap,AV_pair,L:E|R:H,mute:H_vs_E@strong,buttons,7,right,R1,,,,1016,1,0,0,,
P30,en,1,pair_mute,66,0,0,0,v6_pair_mute_555cc59e4b_2.mp4,en,rav10,fear,AV_pair,L:H|R:E,mute:H_vs_E@strong,buttons,7,left,L1,,,,1118,1,0,0,,
P30,en,1,pair_mute,67,0,0,0,v6_pair_mute_250e7890e4_1.mp4,en,rav20,fear,AV_pair,L:E|R:H,mute:H_vs_E@strong,buttons,7,same,S0,,,,655,1,0,0,,
P30,en,1,pair_mute,68,0,0,0,v6_pair_mute_39140f1f71_2.mp4,en,rav04,hap,AV_pair,L:H|R:E,mute:H_vs_E@strong,buttons,7,left,L1,,,,1034,2,0,0,,
P30,en,1,voice_only,69,0,0,0,v6_voice_aaea5d0aab_1.mp4,en,rav12,fear,voice_only,voice:strong,voice_check,buttons,7,,fear,6,,,1647,1,0,0,1,
P30,en,1,voice_only,70,0,0,0,v6_voice_a66c973128_1.mp4,en,rav06,ang,voice_only,voice:normal,voice_check,buttons,7,,ang,4,,,758,1,0,0,1,
P30,en,1,voice_only,71,0,0,0,v6_voice_17e973c755_1.mp4,en,rav14,hap,voice_only,voice:strong,voice_check,buttons,7,,fear,3,,,7254,1,0,0,0,
P30,en,1,voice_only,72,0,0,0,v6_voice_7642129e05_1.mp4,en,rav12,fear,voice_only,voice:normal,voice_check,buttons,7,,neu,,,,4899,2,0,0,0,
P30,en,1,voice_only,73,0,0,0,v6_voice_08aabec890_1.mp4,en,rav06,ang,voice_only,voice:strong,voice_check,buttons,7,,ang,7,,,1504,1,0,0,1,
P30,en,1,voice_only,74,0,0,0,v6_voice_cd8f85d3b2_1.mp4,en,rav04,hap,voice_only,voice:normal,voice_check,buttons,7,,neu,,,,3395,0,0,0,0,
P30,en,1,voice_only,75,0,0,0,v6_voice_b0cfac7f4c_1.mp4,en,rav18,dis,voice_only,voice:strong,voice_check,buttons,7,,dis,3,,,4652,0,0,0,1,
P30,en,1,voice_only,76,0,0,0,v6_voice_fb11565c01_1.mp4,en,rav20,fear,voice_only,voice:normal,voice_check,buttons,7,,sad,4,,,3023,1,0,0,0,
P30,en,1,voice_only,77,0,0,0,v6_voice_5daeb1533f_1.mp4,en,rav04,hap,voice_only,voice:strong,voice_check,buttons,7,,sur,6,,,743,0,0,0,0,
P30,en,1,voice_only,78,0,0,0,v6_voice_50a83a8476_1.mp4,en,rav18,dis,voice_only,voice:normal,voice_check,buttons,7,,dis,4,,,1566,1,0,0,1,
P30,en,1,voice_only,79,0,0,0,v6_voice_70e2096718_1.mp4,en,rav20,fear,voice_only,voice:strong,voice_check,buttons,7,,ang,6,,,767,1,0,0,0,
P30,en,1,voice_only,80,0,0,0,v6_voice_214566cf57_1.mp4,en,rav14,hap,voice_only,voice:normal,voice_check,buttons,7,,hap,3,,,4598,1,0,0,1,
P31,en,1,single,0,0,0,0,v6_single_7b8afe562a_2.mp4,en,rav06,ang,AV,,,buttons,7,,ang,4,3,,5423,0,0,0,1,
P31,en,1,single,1,0,0,0,v6_single_76ee15a092_1.mp4,en,rav04,hap,AV,,,buttons,7,,fear,5,4,,2687,0,0,0,0,
P31,en,1,single,2,0,0,0,v6_single_739783e84d_3.mp4,en,rav10,fear,AV,,,buttons,7,,fear,5,3,,4991,0,0,0,1,
P31,en,1,single,3,0,0,0,v6_single_24bf624e7d_1.mp4,en,rav16,hap,AV,,,buttons,7,,neu,,5,,5793,0,0,0,0,
P31,en,1,single,4,0,0,0,v6_single_802ffa53c5_3.mp4,en,rav20,fear,AV,,,buttons,7,,fear,6,5,,1658,0,0,0,1,
P31,en,1,single,5,0,0,0,v6_single_a721e1869f_2.mp4,en,rav18,dis,AV,,,buttons,7,,dis,6,5,,3007,0,0,0,1,
P31,en,1,practice,6,1,0,0,v6_practice_85af89ed95_1.mp4,en,rav10,hap,AV_pair,L:E|R:H,practice:H_vs_E@strong,buttons,7,left,L1,,,,4741,0,0,0,,
P31,en,1,practice,7,1,0,0,v6_practice_cd0abf6ffd_2.mp4,en,rav22,ang,AV_pair,L:H|R:E,practice:H_vs_E@strong,buttons,7,left,L1,,,,3049,0,0,0,,
P31,en,1,pair,8,0,0,0,v6_pair_5caed2de25_1.mp4,en,rav06,ang,AV_pair,L:E|R:H,H_vs_E@normal,buttons,7,same,S0,,,,1192,0,0,0,,
P31,en,1,pair,9,0,0,0,v6_pair_faec1498b7_1.mp4,en,rav08,ang,AV_pair,L:R|R:H,H_vs_R@strong,buttons,7,right,R1,,,,3060,0,0,0,,
P31,en,1,pair_catch,10,0,1,0,v6_catch_6f7a8a44b1_2.mp4,en,rav10,hap,AV_pair,L:still|R:H,correct:right,buttons,2,right,right,,,,3770,0,0,0,1,1
P31,en,1,pair,11,0,0,0,v6_pair_5adfe6a4bd_2.mp4,en,rav20,fear,AV_pair,L:H|R:E,H_vs_E@normal,buttons,7,same,S0,,,,1525,0,0,0,,
P31,en,1,pair,12,0,0,0,v6_pair_f5403c44bd_1.mp4,en,rav16,hap,AV_pair,L:R|R:H,H_vs_R@strong,buttons,7,left,L1,,,,2276,0,0,0,,
P31,en,1,pair,13,0,0,0,v6_pair_0a26430948_2.mp4,en,rav04,hap,AV_pair,L:H|R:E,H_vs_E@normal,buttons,7,right,R2,,,,2059,0,0,0,,
P31,en,1,pair,14,0,0,0,v6_pair_69a37819e2_1.mp4,en,rav10,fear,AV_pair,L:E|R:H,H_vs_E@strong,buttons,7,right,R1,,,,658,0,0,0,,
P31,en,1,pair,15,0,0,0,v6_pair_33e30e2c1d_1.mp4,en,rav02,dis,AV_pair,L:E|R:H,H_vs_E@normal,buttons,7,right,R1,,,,1174,0,0,0,,
P31,en,1,pair,16,0,0,0,v6_pair_d3f0adc106_2.mp4,en,rav10,fear,AV_pair,L:H|R:R,H_vs_R@strong,buttons,7,left,L1,,,,1388,0,0,0,,
P31,en,1,pair,17,0,0,0,v6_pair_d81bffa4be_2.mp4,en,rav02,ang,AV_pair,L:H|R:E,H_vs_E@strong,buttons,7,right,R1,,,,1008,0,0,0,,
P31,en,1,pair,18,0,0,0,v6_pair_e5c0cf4a07_1.mp4,en,rav04,hap,AV_pair,L:R|R:H,H_vs_R@strong,buttons,7,right,R1,,,,1560,0,0,0,,
P31,en,1,pair,19,0,0,0,v6_pair_c12bac8692_2.mp4,en,rav08,ang,AV_pair,L:H|R:E,H_vs_E@strong,buttons,7,left,L2,,,,1408,0,0,0,,
P31,en,1,pair,20,0,0,0,v6_pair_dc983160dd_1.mp4,en,rav02,ang,AV_pair,L:R|R:H,H_vs_R@strong,buttons,7,same,S0,,,,787,0,0,0,,
P31,en,1,pair,21,0,0,0,v6_pair_e86b22f765_1.mp4,en,rav24,dis,AV_pair,L:E|R:H,H_vs_E@normal,buttons,7,left,L1,,,,1156,0,0,0,,
P31,en,1,pair,22,0,0,0,v6_pair_97e6c7f1ce_1.mp4,en,rav18,dis,AV_pair,L:E|R:H,H_vs_E@normal,buttons,7,right,R1,,,,1723,0,0,0,,
P31,en,1,pair,23,0,0,0,v6_pair_a97dec2f4e_2.mp4,en,rav14,hap,AV_pair,L:H|R:R,H_vs_R@strong,buttons,7,same,S0,,,,773,0,0,0,,
P31,en,1,pair,24,0,0,0,v6_pair_23d7c570a2_2.mp4,en,rav04,hap,AV_pair,L:H|R:E,H_vs_E@strong,buttons,7,left,L1,,,,803,0,0,0,,
P31,en,1,pair,25,0,0,0,v6_pair_db8f08e27f_1.mp4,en,rav10,fear,AV_pair,L:E|R:H,H_vs_E@normal,buttons,7,right,R1,,,,940,0,0,0,,
P31,en,1,pair,26,0,0,0,v6_pair_53e6c4770b_1.mp4,en,rav14,hap,AV_pair,L:E|R:H,H_vs_E@strong,buttons,7,right,R1,,,,1075,0,0,0,,
P31,en,1,pair,27,0,0,0,v6_pair_58bfd0c96b_2.mp4,en,rav24,dis,AV_pair,L:H|R:R,H_vs_R@strong,buttons,7,left,L1,,,,823,0,0,0,,
P31,en,1,pair,28,0,0,0,v6_pair_4a472014db_1.mp4,en,rav06,ang,AV_pair,L:E|R:H,H_vs_E@strong,buttons,7,right,R1,,,,608,0,0,0,,
P31,en,1,pair,29,0,0,0,v6_pair_93629a9394_2.mp4,en,rav06,ang,AV_pair,L:H|R:R,H_vs_R@strong,buttons,7,same,S0,,,,1242,0,0,0,,
P31,en,1,pair,30,0,0,0,v6_pair_fb8e3dd060_2.mp4,en,rav08,ang,AV_pair,L:H|R:E,H_vs_E@normal,buttons,7,left,L1,,,,525,0,0,0,,
P31,en,1,pair,31,0,0,0,v6_pair_0c7d060d5f_1.mp4,en,rav24,dis,AV_pair,L:E|R:H,H_vs_E@strong,buttons,7,left,L1,,,,1606,0,0,0,,
P31,en,1,pair,32,0,0,0,v6_pair_417168a67a_1.mp4,en,rav20,fear,AV_pair,L:R|R:H,H_vs_R@strong,buttons,7,right,R2,,,,870,0,0,0,,
P31,en,1,pair,33,0,0,0,v6_pair_6f570415b8_1.mp4,en,rav12,fear,AV_pair,L:R|R:H,H_vs_R@strong,buttons,7,left,L1,,,,571,0,0,0,,
P31,en,1,pair,34,0,0,0,v6_pair_3b7f4443aa_2.mp4,en,rav12,fear,AV_pair,L:H|R:E,H_vs_E@normal,buttons,7,left,L2,,,,505,0,0,0,,
P31,en,1,pair,35,0,0,0,v6_pair_7697f115bc_2.mp4,en,rav12,fear,AV_pair,L:H|R:E,H_vs_E@strong,buttons,7,left,L2,,,,423,0,0,0,,
P31,en,1,pair,36,0,0,0,v6_pair_8073668068_2.mp4,en,rav02,dis,AV_pair,L:H|R:R,H_vs_R@strong,buttons,7,right,R1,,,,940,0,0,0,,
P31,en,1,pair,37,0,0,0,v6_pair_66fc12fdc8_1.mp4,en,rav14,hap,AV_pair,L:E|R:H,H_vs_E@normal,buttons,7,same,S0,,,,959,0,0,0,,
P31,en,1,pair,38,0,0,0,v6_pair_87b373e751_2.mp4,en,rav16,hap,AV_pair,L:H|R:E,H_vs_E@strong,buttons,7,right,R1,,,,6374,0,0,0,,
P31,en,1,pair,39,0,0,0,v6_pair_13ae59e46d_1.mp4,en,rav02,dis,AV_pair,L:E|R:H,H_vs_E@strong,buttons,7,right,R1,,,,873,0,0,0,,
P31,en,1,pair,40,0,0,0,v6_pair_1fc4717f31_2.mp4,en,rav16,hap,AV_pair,L:H|R:E,H_vs_E@normal,buttons,7,left,L1,,,,856,0,0,0,,
P31,en,1,pair,41,0,0,0,v6_pair_3961b3142e_2.mp4,en,rav20,fear,AV_pair,L:H|R:E,H_vs_E@strong,buttons,7,left,L2,,,,755,0,0,0,,
P31,en,1,pair,42,0,0,0,v6_pair_0c8482b715_2.mp4,en,rav02,ang,AV_pair,L:H|R:E,H_vs_E@normal,buttons,7,left,L1,,,,874,0,0,0,,
P31,en,1,pair,43,0,0,0,v6_pair_7ef69736a7_2.mp4,en,rav18,dis,AV_pair,L:H|R:R,H_vs_R@strong,buttons,7,right,R1,,,,942,0,0,0,,
P31,en,1,pair,44,0,0,0,v6_pair_c38e9eb491_1.mp4,en,rav18,dis,AV_pair,L:E|R:H,H_vs_E@strong,buttons,7,right,R1,,,,508,0,0,0,,
P31,en,1,pair_ml,45,0,0,0,v6_pair_ml_c3519312c6_2.mp4,jp,jp_hap_short_sentence,hap,AV_pair,L:L|R:Lrev,L_vs_Lrev@jp,buttons,7,left,L1,,,,2817,0,0,0,,
P31,en,1,pair_ml,46,0,0,0,v6_pair_ml_7e3e5bb20d_2.mp4,cn,0002_000488,ang,AV_pair,L:L|R:E,L_vs_E@cn,buttons,7,left,L1,,,,721,0,0,0,,
P31,en,1,pair_ml,47,0,0,0,v6_pair_ml_98df03baec_1.mp4,en,en_sad_short_sentence,sad,AV_pair,L:E|R:L,L_vs_E@en,buttons,7,right,R1,,,,938,0,0,0,,
P31,en,1,pair_ml,48,0,0,0,v6_pair_ml_c4711cd80a_1.mp4,cn,0002_000488,ang,AV_pair,L:Lrev|R:L,L_vs_Lrev@cn,buttons,7,left,L1,,,,506,0,0,0,,
P31,en,1,pair_ml,49,0,0,0,v6_pair_ml_506942a631_2.mp4,en,en_sad_short_sentence,sad,AV_pair,L:L|R:Lrev,L_vs_Lrev@en,buttons,7,same,S0,,,,659,0,0,0,,
P31,en,1,pair_ml,50,0,0,0,v6_pair_ml_0bc71a1be9_1.mp4,jp,jp_ang_short_sentence,ang,AV_pair,L:Lrev|R:L,L_vs_Lrev@jp,buttons,7,same,S0,,,,981,0,0,0,,
P31,en,1,pair_ml,51,0,0,0,v6_pair_ml_9b2f256f7d_1.mp4,cn,0002_000838,hap,AV_pair,L:E|R:L,L_vs_E@cn,buttons,7,right,R1,,,,475,0,0,0,,
P31,en,1,pair_ml,52,0,0,0,v6_pair_ml_1780ae57a3_1.mp4,jp,jp_sad_short_sentence,sad,AV_pair,L:Lrev|R:L,L_vs_Lrev@jp,buttons,7,same,S0,,,,939,0,0,0,,
P31,en,1,pair_ml,53,0,0,0,v6_pair_ml_f26827db2f_2.mp4,en,en_hap_short_sentence,hap,AV_pair,L:L|R:E,L_vs_E@en,buttons,7,left,L1,,,,651,0,0,0,,
P31,en,1,pair_ml,54,0,0,0,v6_pair_ml_4fc1e0e0d1_2.mp4,jp,jp_sad_short_sentence,sad,AV_pair,L:L|R:E,L_vs_E@jp,buttons,7,left,L1,,,,437,0,0,0,,
P31,en,1,pair_ml,55,0,0,0,v6_pair_ml_44c920798b_1.mp4,en,en_ang_short_sentence,ang,AV_pair,L:E|R:L,L_vs_E@en,buttons,7,same,S0,,,,1176,0,0,0,,
P31,en,1,pair_ml,56,0,0,0,v6_pair_ml_d5ab099d51_2.mp4,cn,0002_001188,sad,AV_pair,L:L|R:E,L_vs_E@cn,buttons,7,left,L1,,,,791,0,0,0,,
P31,en,1,pair_ml,57,0,0,0,v6_pair_ml_d921b78eb4_2.mp4,jp,jp_ang_short_sentence,ang,AV_pair,L:L|R:E,L_vs_E@jp,buttons,7,left,L1,,,,1631,0,0,0,,
P31,en,1,pair_ml,58,0,0,0,v6_pair_ml_a717ea56f4_2.mp4,cn,0002_000838,hap,AV_pair,L:L|R:Lrev,L_vs_Lrev@cn,buttons,7,right,R1,,,,325,0,0,0,,
P31,en,1,pair_ml,59,0,0,0,v6_pair_ml_e5fa8f451a_2.mp4,en,en_ang_short_sentence,ang,AV_pair,L:L|R:Lrev,L_vs_Lrev@en,buttons,7,same,S0,,,,1045,0,0,0,,
P31,en,1,pair_ml,60,0,0,0,v6_pair_ml_afa28cd8ae_1.mp4,jp,jp_hap_short_sentence,hap,AV_pair,L:E|R:L,L_vs_E@jp,buttons,7,right,R1,,,,1066,0,0,0,,
P31,en,1,pair_ml,61,0,0,0,v6_pair_ml_d6dd46665d_1.mp4,cn,0002_001188,sad,AV_pair,L:Lrev|R:L,L_vs_Lrev@cn,buttons,7,right,R1,,,,1275,0,0,0,,
P31,en,1,pair_ml,62,0,0,0,v6_pair_ml_97c8810aa2_1.mp4,en,en_hap_short_sentence,hap,AV_pair,L:Lrev|R:L,L_vs_Lrev@en,buttons,7,right,R1,,,,917,0,0,0,,
P31,en,1,pair_mute,63,0,0,0,v6_pair_mute_250e7890e4_1.mp4,en,rav20,fear,AV_pair,L:E|R:H,mute:H_vs_E@strong,buttons,7,right,R2,,,,6134,0,0,0,,
P31,en,1,pair_mute,64,0,0,0,v6_pair_mute_39140f1f71_2.mp4,en,rav04,hap,AV_pair,L:H|R:E,mute:H_vs_E@strong,buttons,7,left,L2,,,,649,0,0,0,,
P31,en,1,pair_mute,65,0,0,0,v6_pair_mute_005d45f10b_1.mp4,en,rav06,ang,AV_pair,L:E|R:H,mute:H_vs_E@strong,buttons,7,right,R1,,,,1051,0,0,0,,
P31,en,1,pair_mute,66,0,0,0,v6_pair_mute_30ad4160ab_2.mp4,en,rav18,dis,AV_pair,L:H|R:E,mute:H_vs_E@strong,buttons,7,left,L1,,,,868,0,0,0,,
P31,en,1,pair_mute,67,0,0,0,v6_pair_mute_555cc59e4b_2.mp4,en,rav10,fear,AV_pair,L:H|R:E,mute:H_vs_E@strong,buttons,7,left,L1,,,,483,0,0,0,,
P31,en,1,pair_mute,68,0,0,0,v6_pair_mute_3b6fa3b207_1.mp4,en,rav16,hap,AV_pair,L:E|R:H,mute:H_vs_E@strong,buttons,7,right,R1,,,,717,0,0,0,,
P31,en,1,voice_only,69,0,0,0,v6_voice_aaea5d0aab_1.mp4,en,rav12,fear,voice_only,voice:strong,voice_check,buttons,7,,fear,5,,,5347,0,0,0,1,
P31,en,1,voice_only,70,0,0,0,v6_voice_cd8f85d3b2_1.mp4,en,rav04,hap,voice_only,voice:normal,voice_check,buttons,7,,neu,,,,3283,0,0,0,0,
P31,en,1,voice_only,71,0,0,0,v6_voice_b0cfac7f4c_1.mp4,en,rav18,dis,voice_only,voice:strong,voice_check,buttons,7,,dis,6,,,1155,0,0,0,1,
P31,en,1,voice_only,72,0,0,0,v6_voice_214566cf57_1.mp4,en,rav14,hap,voice_only,voice:normal,voice_check,buttons,7,,hap,5,,,1622,0,0,0,1,
P31,en,1,voice_only,73,0,0,0,v6_voice_70e2096718_1.mp4,en,rav20,fear,voice_only,voice:strong,voice_check,buttons,7,,fear,7,,,2085,0,0,0,1,
P31,en,1,voice_only,74,0,0,0,v6_voice_a66c973128_1.mp4,en,rav06,ang,voice_only,voice:normal,voice_check,buttons,7,,ang,4,,,1274,0,0,0,1,
P31,en,1,voice_only,75,0,0,0,v6_voice_5daeb1533f_1.mp4,en,rav04,hap,voice_only,voice:strong,voice_check,buttons,7,,hap,6,,,718,0,0,0,1,
P31,en,1,voice_only,76,0,0,0,v6_voice_7642129e05_1.mp4,en,rav12,fear,voice_only,voice:normal,voice_check,buttons,7,,sad,3,,,1081,0,0,0,0,
P31,en,1,voice_only,77,0,0,0,v6_voice_17e973c755_1.mp4,en,rav14,hap,voice_only,voice:strong,voice_check,buttons,7,,sur,5,,,491,0,0,0,0,
P31,en,1,voice_only,78,0,0,0,v6_voice_fb11565c01_1.mp4,en,rav20,fear,voice_only,voice:normal,voice_check,buttons,7,,sad,4,,,2011,0,0,0,0,
P31,en,1,voice_only,79,0,0,0,v6_voice_08aabec890_1.mp4,en,rav06,ang,voice_only,voice:strong,voice_check,buttons,7,,ang,5,,,3402,0,0,0,1,
P31,en,1,voice_only,80,0,0,0,v6_voice_50a83a8476_1.mp4,en,rav18,dis,voice_only,voice:normal,voice_check,buttons,7,,dis,3,,,691,0,0,0,1,
P32,en,1,single,0,0,0,0,v6_single_76ee15a092_2.mp4,en,rav04,hap,AV,,,buttons,7,,hap,4,2,,1740,0,1,1,1,
P32,en,1,single,1,0,0,0,v6_single_a721e1869f_3.mp4,en,rav18,dis,AV,,,buttons,7,,ang,5,2,,3712,0,0,0,0,
P32,en,1,single,2,0,0,0,v6_single_802ffa53c5_1.mp4,en,rav20,fear,AV,,,buttons,7,,fear,3,6,,8272,0,0,0,1,
P32,en,1,single,3,0,0,0,v6_single_7b8afe562a_3.mp4,en,rav06,ang,AV,,,buttons,7,,ang,3,5,,1159,0,0,0,1,
P32,en,1,single,4,0,0,0,v6_single_24bf624e7d_2.mp4,en,rav16,hap,AV,,,buttons,7,,hap,4,6,,2310,0,0,0,1,
P32,en,1,single,5,0,0,0,v6_single_739783e84d_1.mp4,en,rav10,fear,AV,,,buttons,7,,fear,2,6,,3394,0,0,0,1,
P32,en,1,practice,6,1,0,0,v6_practice_cd0abf6ffd_1.mp4,en,rav22,ang,AV_pair,L:E|R:H,practice:H_vs_E@strong,buttons,7,left,L1,,,,12395,0,0,0,,
P32,en,1,practice,7,1,0,0,v6_practice_85af89ed95_2.mp4,en,rav10,hap,AV_pair,L:H|R:E,practice:H_vs_E@strong,buttons,7,right,R1,,,,1250,0,0,0,,
P32,en,1,pair,8,0,0,0,v6_pair_3961b3142e_1.mp4,en,rav20,fear,AV_pair,L:E|R:H,H_vs_E@strong,buttons,7,same,S0,,,,1157,0,0,0,,
P32,en,1,pair,9,0,0,0,v6_pair_6f570415b8_2.mp4,en,rav12,fear,AV_pair,L:H|R:R,H_vs_R@strong,buttons,7,right,R1,,,,1242,0,0,0,,
P32,en,1,pair,10,0,0,0,v6_pair_23d7c570a2_1.mp4,en,rav04,hap,AV_pair,L:E|R:H,H_vs_E@strong,buttons,7,left,L1,,,,1320,0,0,0,,
P32,en,1,pair,11,0,0,0,v6_pair_97e6c7f1ce_2.mp4,en,rav18,dis,AV_pair,L:H|R:E,H_vs_E@normal,buttons,7,right,R2,,,,1442,0,0,0,,
P32,en,1,pair,12,0,0,0,v6_pair_dc983160dd_2.mp4,en,rav02,ang,AV_pair,L:H|R:R,H_vs_R@strong,buttons,7,same,S0,,,,933,0,0,0,,
P32,en,1,pair,13,0,0,0,v6_pair_d81bffa4be_1.mp4,en,rav02,ang,AV_pair,L:E|R:H,H_vs_E@strong,buttons,7,same,S0,,,,1223,0,0,0,,
P32,en,1,pair,14,0,0,0,v6_pair_8073668068_1.mp4,en,rav02,dis,AV_pair,L:R|R:H,H_vs_R@strong,buttons,7,same,S0,,,,1637,0,0,0,,
P32,en,1,pair,15,0,0,0,v6_pair_d3f0adc106_1.mp4,en,rav10,fear,AV_pair,L:R|R:H,H_vs_R@strong,buttons,7,right,R1,,,,723,0,0,0,,
P32,en,1,pair,16,0,0,0,v6_pair_69a37819e2_2.mp4,en,rav10,fear,AV_pair,L:H|R:E,H_vs_E@strong,buttons,7,right,R1,,,,1270,0,0,0,,
P32,en,1,pair,17,0,0,0,v6_pair_4a472014db_2.mp4,en,rav06,ang,AV_pair,L:H|R:E,H_vs_E@strong,buttons,7,left,L2,,,,698,0,0,0,,
P32,en,1,pair,18,0,0,0,v6_pair_fb8e3dd060_1.mp4,en,rav08,ang,AV_pair,L:E|R:H,H_vs_E@normal,buttons,7,same,S0,,,,1783,0,0,0,,
P32,en,1,pair,19,0,0,0,v6_pair_7ef69736a7_1.mp4,en,rav18,dis,AV_pair,L:R|R:H,H_vs_R@strong,buttons,7,right,R1,,,,812,0,0,0,,
P32,en,1,pair,20,0,0,0,v6_pair_5adfe6a4bd_1.mp4,en,rav20,fear,AV_pair,L:E|R:H,H_vs_E@normal,buttons,7,same,S0,,,,934,0,0,0,,
P32,en,1,pair,21,0,0,0,v6_pair_db8f08e27f_2.mp4,en,rav10,fear,AV_pair,L:H|R:E,H_vs_E@normal,buttons,7,left,L1,,,,1655,0,0,0,,
P32,en,1,pair,22,0,0,0,v6_pair_53e6c4770b_2.mp4,en,rav14,hap,AV_pair,L:H|R:E,H_vs_E@strong,buttons,7,same,S0,,,,1324,0,0,0,,
P32,en,1,pair,23,0,0,0,v6_pair_faec1498b7_2.mp4,en,rav08,ang,AV_pair,L:H|R:R,H_vs_R@strong,buttons,7,left,L1,,,,1060,0,0,0,,
P32,en,1,pair,24,0,0,0,v6_pair_0c7d060d5f_2.mp4,en,rav24,dis,AV_pair,L:H|R:E,H_vs_E@strong,buttons,7,right,R2,,,,969,0,0,0,,
P32,en,1,pair,25,0,0,0,v6_pair_0c8482b715_1.mp4,en,rav02,ang,AV_pair,L:E|R:H,H_vs_E@normal,buttons,7,same,S0,,,,799,0,0,0,,
P32,en,1,pair,26,0,0,0,v6_pair_e5c0cf4a07_2.mp4,en,rav04,hap,AV_pair,L:H|R:R,H_vs_R@strong,buttons,7,right,R3,,,,1073,0,0,0,,
P32,en,1,pair,27,0,0,0,v6_pair_c38e9eb491_2.mp4,en,rav18,dis,AV_pair,L:H|R:E,H_vs_E@strong,buttons,7,left,L1,,,,1668,0,0,0,,
P32,en,1,pair,28,0,0,0,v6_pair_a97dec2f4e_1.mp4,en,rav14,hap,AV_pair,L:R|R:H,H_vs_R@strong,buttons,7,right,R3,,,,838,0,0,0,,
P32,en,1,pair,29,0,0,0,v6_pair_33e30e2c1d_2.mp4,en,rav02,dis,AV_pair,L:H|R:E,H_vs_E@normal,buttons,7,same,S0,,,,831,0,0,0,,
P32,en,1,pair,30,0,0,0,v6_pair_58bfd0c96b_1.mp4,en,rav24,dis,AV_pair,L:R|R:H,H_vs_R@strong,buttons,7,right,R1,,,,3090,0,0,0,,
P32,en,1,pair,31,0,0,0,v6_pair_f5403c44bd_2.mp4,en,rav16,hap,AV_pair,L:H|R:R,H_vs_R@strong,buttons,7,left,L1,,,,2790,0,0,0,,
P32,en,1,pair,32,0,0,0,v6_pair_66fc12fdc8_2.mp4,en,rav14,hap,AV_pair,L:H|R:E,H_vs_E@normal,buttons,7,right,R1,,,,1022,0,0,0,,
P32,en,1,pair,33,0,0,0,v6_pair_c12bac8692_1.mp4,en,rav08,ang,AV_pair,L:E|R:H,H_vs_E@strong,buttons,7,left,L1,,,,1470,0,0,0,,
P32,en,1,pair,34,0,0,0,v6_pair_1fc4717f31_1.mp4,en,rav16,hap,AV_pair,L:E|R:H,H_vs_E@normal,buttons,7,left,L2,,,,840,0,0,0,,
P32,en,1,pair,35,0,0,0,v6_pair_7697f115bc_1.mp4,en,rav12,fear,AV_pair,L:E|R:H,H_vs_E@strong,buttons,7,left,L1,,,,1392,0,0,0,,
P32,en,1,pair,36,0,0,0,v6_pair_5caed2de25_2.mp4,en,rav06,ang,AV_pair,L:H|R:E,H_vs_E@normal,buttons,7,same,S0,,,,824,0,0,0,,
P32,en,1,pair_catch,37,0,1,0,v6_catch_6f7a8a44b1_1.mp4,en,rav10,hap,AV_pair,L:H|R:still,correct:left,buttons,2,left,left,,,,3884,0,0,0,1,1
P32,en,1,pair,38,0,0,0,v6_pair_93629a9394_1.mp4,en,rav06,ang,AV_pair,L:R|R:H,H_vs_R@strong,buttons,7,right,R2,,,,2032,0,0,0,,
P32,en,1,pair,39,0,0,0,v6_pair_e86b22f765_2.mp4,en,rav24,dis,AV_pair,L:H|R:E,H_vs_E@normal,buttons,7,same,S0,,,,1007,0,0,0,,
P32,en,1,pair,40,0,0,0,v6_pair_13ae59e46d_2.mp4,en,rav02,dis,AV_pair,L:H|R:E,H_vs_E@strong,buttons,7,right,R1,,,,836,0,0,0,,
P32,en,1,pair,41,0,0,0,v6_pair_87b373e751_1.mp4,en,rav16,hap,AV_pair,L:E|R:H,H_vs_E@strong,buttons,7,left,L1,,,,930,0,0,0,,
P32,en,1,pair,42,0,0,0,v6_pair_0a26430948_1.mp4,en,rav04,hap,AV_pair,L:E|R:H,H_vs_E@normal,buttons,7,left,L1,,,,4954,0,0,0,,
P32,en,1,pair,43,0,0,0,v6_pair_3b7f4443aa_1.mp4,en,rav12,fear,AV_pair,L:E|R:H,H_vs_E@normal,buttons,7,right,R2,,,,580,0,0,0,,
P32,en,1,pair,44,0,0,0,v6_pair_417168a67a_2.mp4,en,rav20,fear,AV_pair,L:H|R:R,H_vs_R@strong,buttons,7,left,L2,,,,612,0,0,0,,
P32,en,1,pair_ml,45,0,0,0,v6_pair_ml_d6dd46665d_2.mp4,cn,0002_001188,sad,AV_pair,L:L|R:Lrev,L_vs_Lrev@cn,buttons,7,same,S0,,,,1291,0,0,0,,
P32,en,1,pair_ml,46,0,0,0,v6_pair_ml_d921b78eb4_1.mp4,jp,jp_ang_short_sentence,ang,AV_pair,L:E|R:L,L_vs_E@jp,buttons,7,right,R1,,,,1302,0,0,0,,
P32,en,1,pair_ml,47,0,0,0,v6_pair_ml_a717ea56f4_1.mp4,cn,0002_000838,hap,AV_pair,L:Lrev|R:L,L_vs_Lrev@cn,buttons,7,left,L1,,,,1001,0,0,0,,
P32,en,1,pair_ml,48,0,0,0,v6_pair_ml_0bc71a1be9_2.mp4,jp,jp_ang_short_sentence,ang,AV_pair,L:L|R:Lrev,L_vs_Lrev@jp,buttons,7,same,S0,,,,906,0,0,0,,
P32,en,1,pair_ml,49,0,0,0,v6_pair_ml_98df03baec_2.mp4,en,en_sad_short_sentence,sad,AV_pair,L:L|R:E,L_vs_E@en,buttons,7,right,R1,,,,1154,0,0,0,,
P32,en,1,pair_ml,50,0,0,0,v6_pair_ml_9b2f256f7d_2.mp4,cn,0002_000838,hap,AV_pair,L:L|R:E,L_vs_E@cn,buttons,7,left,L2,,,,648,0,0,0,,
P32,en,1,pair_ml,51,0,0,0,v6_pair_ml_506942a631_1.mp4,en,en_sad_short_sentence,sad,AV_pair,L:Lrev|R:L,L_vs_Lrev@en,buttons,7,left,L1,,,,1083,0,0,0,,
P32,en,1,pair_ml,52,0,0,0,v6_pair_ml_7e3e5bb20d_1.mp4,cn,0002_000488,ang,AV_pair,L:E|R:L,L_vs_E@cn,buttons,7,right,R1,,,,728,0,0,0,,
P32,en,1,pair_ml,53,0,0,0,v6_pair_ml_f26827db2f_1.mp4,en,en_hap_short_sentence,hap,AV_pair,L:E|R:L,L_vs_E@en,buttons,7,right,R1,,,,784,0,0,0,,
P32,en,1,pair_ml,54,0,0,0,v6_pair_ml_d5ab099d51_1.mp4,cn,0002_001188,sad,AV_pair,L:E|R:L,L_vs_E@cn,buttons,7,same,S0,,,,1193,0,0,0,,
P32,en,1,pair_ml,55,0,0,0,v6_pair_ml_afa28cd8ae_2.mp4,jp,jp_hap_short_sentence,hap,AV_pair,L:L|R:E,L_vs_E@jp,buttons,7,left,L1,,,,2051,0,0,0,,
P32,en,1,pair_ml,56,0,0,0,v6_pair_ml_c4711cd80a_2.mp4,cn,0002_000488,ang,AV_pair,L:L|R:Lrev,L_vs_Lrev@cn,buttons,7,right,R1,,,,529,0,0,0,,
P32,en,1,pair_ml,57,0,0,0,v6_pair_ml_1780ae57a3_2.mp4,jp,jp_sad_short_sentence,sad,AV_pair,L:L|R:Lrev,L_vs_Lrev@jp,buttons,7,same,S0,,,,808,0,0,0,,
P32,en,1,pair_ml,58,0,0,0,v6_pair_ml_97c8810aa2_2.mp4,en,en_hap_short_sentence,hap,AV_pair,L:L|R:Lrev,L_vs_Lrev@en,buttons,7,right,R1,,,,758,0,0,0,,
P32,en,1,pair_ml,59,0,0,0,v6_pair_ml_4fc1e0e0d1_1.mp4,jp,jp_sad_short_sentence,sad,AV_pair,L:E|R:L,L_vs_E@jp,buttons,7,right,R2,,,,675,0,0,0,,
P32,en,1,pair_ml,60,0,0,0,v6_pair_ml_44c920798b_2.mp4,en,en_ang_short_sentence,ang,AV_pair,L:L|R:E,L_vs_E@en,buttons,7,right,R1,,,,907,0,0,0,,
P32,en,1,pair_ml,61,0,0,0,v6_pair_ml_c3519312c6_1.mp4,jp,jp_hap_short_sentence,hap,AV_pair,L:Lrev|R:L,L_vs_Lrev@jp,buttons,7,same,S0,,,,778,0,0,0,,
P32,en,1,pair_ml,62,0,0,0,v6_pair_ml_e5fa8f451a_1.mp4,en,en_ang_short_sentence,ang,AV_pair,L:Lrev|R:L,L_vs_Lrev@en,buttons,7,same,S0,,,,620,0,0,0,,
P32,en,1,pair_mute,63,0,0,0,v6_pair_mute_39140f1f71_1.mp4,en,rav04,hap,AV_pair,L:E|R:H,mute:H_vs_E@strong,buttons,7,right,R3,,,,4692,0,0,0,,
P32,en,1,pair_mute,64,0,0,0,v6_pair_mute_3b6fa3b207_2.mp4,en,rav16,hap,AV_pair,L:H|R:E,mute:H_vs_E@strong,buttons,7,left,L2,,,,3548,0,0,0,,
P32,en,1,pair_mute,65,0,0,0,v6_pair_mute_30ad4160ab_1.mp4,en,rav18,dis,AV_pair,L:E|R:H,mute:H_vs_E@strong,buttons,7,right,R2,,,,1735,0,0,0,,
P32,en,1,pair_mute,66,0,0,0,v6_pair_mute_005d45f10b_2.mp4,en,rav06,ang,AV_pair,L:H|R:E,mute:H_vs_E@strong,buttons,7,same,S0,,,,2249,0,0,0,,
P32,en,1,pair_mute,67,0,0,0,v6_pair_mute_555cc59e4b_1.mp4,en,rav10,fear,AV_pair,L:E|R:H,mute:H_vs_E@strong,buttons,7,right,R1,,,,1749,0,0,0,,
P32,en,1,pair_mute,68,0,0,0,v6_pair_mute_250e7890e4_2.mp4,en,rav20,fear,AV_pair,L:H|R:E,mute:H_vs_E@strong,buttons,7,left,L1,,,,1259,0,0,0,,
P32,en,1,voice_only,69,0,0,0,v6_voice_fb11565c01_1.mp4,en,rav20,fear,voice_only,voice:normal,voice_check,buttons,7,,sad,3,,,3729,0,0,0,0,
P32,en,1,voice_only,70,0,0,0,v6_voice_17e973c755_1.mp4,en,rav14,hap,voice_only,voice:strong,voice_check,buttons,7,,hap,5,,,2300,0,0,0,1,
P32,en,1,voice_only,71,0,0,0,v6_voice_50a83a8476_1.mp4,en,rav18,dis,voice_only,voice:normal,voice_check,buttons,7,,dis,5,,,1168,0,0,0,1,
P32,en,1,voice_only,72,0,0,0,v6_voice_70e2096718_1.mp4,en,rav20,fear,voice_only,voice:strong,voice_check,buttons,7,,fear,6,,,743,0,0,0,1,
P32,en,1,voice_only,73,0,0,0,v6_voice_a66c973128_1.mp4,en,rav06,ang,voice_only,voice:normal,voice_check,buttons,7,,ang,3,,,1011,0,0,0,1,
P32,en,1,voice_only,74,0,0,0,v6_voice_aaea5d0aab_1.mp4,en,rav12,fear,voice_only,voice:strong,voice_check,buttons,7,,sur,4,,,1470,0,0,0,0,
P32,en,1,voice_only,75,0,0,0,v6_voice_cd8f85d3b2_1.mp4,en,rav04,hap,voice_only,voice:normal,voice_check,buttons,7,,neu,,,,779,0,0,0,0,
P32,en,1,voice_only,76,0,0,0,v6_voice_08aabec890_1.mp4,en,rav06,ang,voice_only,voice:strong,voice_check,buttons,7,,ang,5,,,571,0,0,0,1,
P32,en,1,voice_only,76,0,0,1,v6_voice_08aabec890_1.mp4,en,rav06,ang,voice_only,voice:strong,voice_check,buttons,7,,ang,5,,,1137,0,0,0,1,
P32,en,1,voice_only,77,0,0,0,v6_voice_214566cf57_1.mp4,en,rav14,hap,voice_only,voice:normal,voice_check,buttons,7,,hap,6,,,1037,0,0,0,1,
P32,en,1,voice_only,78,0,0,0,v6_voice_b0cfac7f4c_1.mp4,en,rav18,dis,voice_only,voice:strong,voice_check,buttons,7,,dis,4,,,1126,0,0,0,1,
P32,en,1,voice_only,79,0,0,0,v6_voice_7642129e05_1.mp4,en,rav12,fear,voice_only,voice:normal,voice_check,buttons,7,,fear,3,,,868,0,0,0,1,
P32,en,1,voice_only,80,0,0,0,v6_voice_5daeb1533f_1.mp4,en,rav04,hap,voice_only,voice:strong,voice_check,buttons,7,,hap,6,,,877,0,0,0,1,
P33,en,1,single,0,0,0,0,v6_single_739783e84d_2.mp4,en,rav10,fear,AV,,,buttons,7,,fear,5,5,,10712,0,0,0,1,
P33,en,1,single,1,0,0,0,v6_single_76ee15a092_3.mp4,en,rav04,hap,AV,,,buttons,7,,hap,4,3,,4101,0,0,0,1,
P33,en,1,single,2,0,0,0,v6_single_802ffa53c5_2.mp4,en,rav20,fear,AV,,,buttons,7,,fear,3,5,,11189,0,0,0,1,
P33,en,1,single,3,0,0,0,v6_single_a721e1869f_1.mp4,en,rav18,dis,AV,,,buttons,7,,dis,2,4,,13853,0,0,0,1,
P33,en,1,single,4,0,0,0,v6_single_24bf624e7d_3.mp4,en,rav16,hap,AV,,,buttons,7,,neu,,5,,5568,0,0,0,0,
P33,en,1,single,5,0,0,0,v6_single_7b8afe562a_1.mp4,en,rav06,ang,AV,,,buttons,7,,ang,2,3,,2277,0,0,0,1,
P33,en,1,practice,6,1,0,0,v6_practice_cd0abf6ffd_2.mp4,en,rav22,ang,AV_pair,L:H|R:E,practice:H_vs_E@strong,buttons,7,left,L2,,,,12299,0,0,0,,
P33,en,1,practice,7,1,0,0,v6_practice_85af89ed95_1.mp4,en,rav10,hap,AV_pair,L:E|R:H,practice:H_vs_E@strong,buttons,7,same,S0,,,,10697,0,0,0,,
P33,en,1,pair,8,0,0,0,v6_pair_7ef69736a7_2.mp4,en,rav18,dis,AV_pair,L:H|R:R,H_vs_R@strong,buttons,7,left,L1,,,,5780,0,0,0,,
P33,en,1,pair,9,0,0,0,v6_pair_faec1498b7_1.mp4,en,rav08,ang,AV_pair,L:R|R:H,H_vs_R@strong,buttons,7,left,L1,,,,4618,0,0,0,,
P33,en,1,pair,10,0,0,0,v6_pair_4a472014db_1.mp4,en,rav06,ang,AV_pair,L:E|R:H,H_vs_E@strong,buttons,7,right,R2,,,,1450,0,0,0,,
P33,en,1,pair,11,0,0,0,v6_pair_69a37819e2_1.mp4,en,rav10,fear,AV_pair,L:E|R:H,H_vs_E@strong,buttons,7,right,R1,,,,4453,0,0,0,,
P33,en,1,pair,12,0,0,0,v6_pair_33e30e2c1d_1.mp4,en,rav02,dis,AV_pair,L:E|R:H,H_vs_E@normal,buttons,7,same,S0,,,,3555,0,0,0,,
P33,en,1,pair,13,0,0,0,v6_pair_7697f115bc_2.mp4,en,rav12,fear,AV_pair,L:H|R:E,H_vs_E@strong,buttons,7,right,R1,,,,3875,0,0,0,,
P33,en,1,pair,14,0,0,0,v6_pair_5adfe6a4bd_2.mp4,en,rav20,fear,AV_pair,L:H|R:E,H_vs_E@normal,buttons,7,left,L1,,,,6878,0,0,0,,
P33,en,1,pair,15,0,0,0,v6_pair_0c7d060d5f_1.mp4,en,rav24,dis,AV_pair,L:E|R:H,H_vs_E@strong,buttons,7,left,L1,,,,5729,0,0,0,,
P33,en,1,pair,16,0,0,0,v6_pair_e86b22f765_1.mp4,en,rav24,dis,AV_pair,L:E|R:H,H_vs_E@normal,buttons,7,right,R1,,,,6342,0,0,0,,
P33,en,1,pair,17,0,0,0,v6_pair_e5c0cf4a07_1.mp4,en,rav04,hap,AV_pair,L:R|R:H,H_vs_R@strong,buttons,7,right,R1,,,,7148,0,0,0,,
P33,en,1,pair,18,0,0,0,v6_pair_1fc4717f31_2.mp4,en,rav16,hap,AV_pair,L:H|R:E,H_vs_E@normal,buttons,7,right,R1,,,,6716,1,0,0,,
P33,en,1,pair,19,0,0,0,v6_pair_d81bffa4be_2.mp4,en,rav02,ang,AV_pair,L:H|R:E,H_vs_E@strong,buttons,7,left,L1,,,,2109,1,0,0,,
P33,en,1,pair,20,0,0,0,v6_pair_58bfd0c96b_2.mp4,en,rav24,dis,AV_pair,L:H|R:R,H_vs_R@strong,buttons,7,right,R1,,,,1373,1,0,0,,
P33,en,1,pair,21,0,0,0,v6_pair_c38e9eb491_1.mp4,en,rav18,dis,AV_pair,L:E|R:H,H_vs_E@strong,buttons,7,right,R1,,,,2428,0,0,0,,
P33,en,1,pair_catch,22,0,1,0,v6_catch_6f7a8a44b1_2.mp4,en,rav10,hap,AV_pair,L:still|R:H,correct:right,buttons,2,right,right,,,,11000,0,0,0,1,1
P33,en,1,pair,23,0,0,0,v6_pair_8073668068_2.mp4,en,rav02,dis,AV_pair,L:H|R:R,H_vs_R@strong,buttons,7,right,R2,,,,2058,1,0,0,,
P33,en,1,pair,24,0,0,0,v6_pair_0c8482b715_2.mp4,en,rav02,ang,AV_pair,L:H|R:E,H_vs_E@normal,buttons,7,right,R1,,,,2772,1,0,0,,
P33,en,1,pair,25,0,0,0,v6_pair_dc983160dd_1.mp4,en,rav02,ang,AV_pair,L:R|R:H,H_vs_R@strong,buttons,7,left,L2,,,,1091,1,0,0,,
P33,en,1,pair,26,0,0,0,v6_pair_6f570415b8_1.mp4,en,rav12,fear,AV_pair,L:R|R:H,H_vs_R@strong,buttons,7,left,L3,,,,1511,1,0,0,,
P33,en,1,pair,27,0,0,0,v6_pair_0a26430948_2.mp4,en,rav04,hap,AV_pair,L:H|R:E,H_vs_E@normal,buttons,7,right,R1,,,,2707,0,0,0,,
P33,en,1,pair,28,0,0,0,v6_pair_53e6c4770b_1.mp4,en,rav14,hap,AV_pair,L:E|R:H,H_vs_E@strong,buttons,7,left,L1,,,,4008,2,0,0,,
P33,en,1,pair,29,0,0,0,v6_pair_13ae59e46d_1.mp4,en,rav02,dis,AV_pair,L:E|R:H,H_vs_E@strong,buttons,7,right,R1,,,,2054,1,0,0,,
P33,en,1,pair,30,0,0,0,v6_pair_93629a9394_2.mp4,en,rav06,ang,AV_pair,L:H|R:R,H_vs_R@strong,buttons,7,left,L2,,,,1301,1,0,0,,
P33,en,1,pair,31,0,0,0,v6_pair_23d7c570a2_2.mp4,en,rav04,hap,AV_pair,L:H|R:E,H_vs_E@strong,buttons,7,right,R1,,,,1720,1,0,0,,
P33,en,1,pair,32,0,0,0,v6_pair_97e6c7f1ce_1.mp4,en,rav18,dis,AV_pair,L:E|R:H,H_vs_E@normal,buttons,7,left,L1,,,,1118,0,0,0,,
P33,en,1,pair,33,0,0,0,v6_pair_d3f0adc106_2.mp4,en,rav10,fear,AV_pair,L:H|R:R,H_vs_R@strong,buttons,7,left,L1,,,,1677,0,0,0,,
P33,en,1,pair,34,0,0,0,v6_pair_3961b3142e_2.mp4,en,rav20,fear,AV_pair,L:H|R:E,H_vs_E@strong,buttons,7,left,L2,,,,2062,1,0,0,,
P33,en,1,pair,35,0,0,0,v6_pair_5caed2de25_1.mp4,en,rav06,ang,AV_pair,L:E|R:H,H_vs_E@normal,buttons,7,left,L2,,,,2827,1,0,0,,
P33,en,1,pair,36,0,0,0,v6_pair_fb8e3dd060_2.mp4,en,rav08,ang,AV_pair,L:H|R:E,H_vs_E@normal,buttons,7,right,R1,,,,1974,0,0,0,,
P33,en,1,pair,37,0,0,0,v6_pair_3b7f4443aa_2.mp4,en,rav12,fear,AV_pair,L:H|R:E,H_vs_E@normal,buttons,7,left,L2,,,,1762,0,0,0,,
P33,en,1,pair,38,0,0,0,v6_pair_f5403c44bd_1.mp4,en,rav16,hap,AV_pair,L:R|R:H,H_vs_R@strong,buttons,7,same,S0,,,,1278,0,0,0,,
P33,en,1,pair,39,0,0,0,v6_pair_db8f08e27f_1.mp4,en,rav10,fear,AV_pair,L:E|R:H,H_vs_E@normal,buttons,7,left,L2,,,,1132,1,0,0,,
P33,en,1,pair,40,0,0,0,v6_pair_c12bac8692_2.mp4,en,rav08,ang,AV_pair,L:H|R:E,H_vs_E@strong,buttons,7,right,R2,,,,1900,1,0,0,,
P33,en,1,pair,41,0,0,0,v6_pair_417168a67a_1.mp4,en,rav20,fear,AV_pair,L:R|R:H,H_vs_R@strong,buttons,7,left,L1,,,,4095,1,0,0,,
P33,en,1,pair,42,0,0,0,v6_pair_66fc12fdc8_1.mp4,en,rav14,hap,AV_pair,L:E|R:H,H_vs_E@normal,buttons,7,right,R2,,,,2143,0,0,0,,
P33,en,1,pair,43,0,0,0,v6_pair_a97dec2f4e_2.mp4,en,rav14,hap,AV_pair,L:H|R:R,H_vs_R@strong,buttons,7,right,R1,,,,2344,1,0,0,,
P33,en,1,pair,44,0,0,0,v6_pair_87b373e751_2.mp4,en,rav16,hap,AV_pair,L:H|R:E,H_vs_E@strong,buttons,7,right,R2,,,,930,1,0,0,,
P33,en,1,pair_ml,45,0,0,0,v6_pair_ml_0bc71a1be9_1.mp4,jp,jp_ang_short_sentence,ang,AV_pair,L:Lrev|R:L,L_vs_Lrev@jp,buttons,7,left,L1,,,,2348,2,0,0,,
P33,en,1,pair_ml,46,0,0,0,v6_pair_ml_97c8810aa2_1.mp4,en,en_hap_short_sentence,hap,AV_pair,L:Lrev|R:L,L_vs_Lrev@en,buttons,7,right,R1,,,,1064,1,0,0,,
P33,en,1,pair_ml,47,0,0,0,v6_pair_ml_d5ab099d51_2.mp4,cn,0002_001188,sad,AV_pair,L:L|R:E,L_vs_E@cn,buttons,7,right,R1,,,,2802,0,0,0,,
P33,en,1,pair_ml,48,0,0,0,v6_pair_ml_afa28cd8ae_1.mp4,jp,jp_hap_short_sentence,hap,AV_pair,L:E|R:L,L_vs_E@jp,buttons,7,right,R2,,,,3348,1,0,0,,
P33,en,1,pair_ml,49,0,0,0,v6_pair_ml_98df03baec_1.mp4,en,en_sad_short_sentence,sad,AV_pair,L:E|R:L,L_vs_E@en,buttons,7,right,R1,,,,1137,1,0,0,,
P33,en,1,pair_ml,50,0,0,0,v6_pair_ml_d921b78eb4_2.mp4,jp,jp_ang_short_sentence,ang,AV_pair,L:L|R:E,L_vs_E@jp,buttons,7,left,L1,,,,1489,1,0,0,,
P33,en,1,pair_ml,51,0,0,0,v6_pair_ml_9b2f256f7d_1.mp4,cn,0002_000838,hap,AV_pair,L:E|R:L,L_vs_E@cn,buttons,7,right,R2,,,,1891,1,0,0,,
P33,en,1,pair_ml,52,0,0,0,v6_pair_ml_e5fa8f451a_2.mp4,en,en_ang_short_sentence,ang,AV_pair,L:L|R:Lrev,L_vs_Lrev@en,buttons,7,left,L2,,,,1220,1,0,0,,
P33,en,1,pair_ml,53,0,0,0,v6_pair_ml_4fc1e0e0d1_2.mp4,jp,jp_sad_short_sentence,sad,AV_pair,L:L|R:E,L_vs_E@jp,buttons,7,right,R2,,,,1039,1,0,0,,
P33,en,1,pair_ml,54,0,0,0,v6_pair_ml_44c920798b_1.mp4,en,en_ang_short_sentence,ang,AV_pair,L:E|R:L,L_vs_E@en,buttons,7,right,R1,,,,3637,0,0,0,,
P33,en,1,pair_ml,55,0,0,0,v6_pair_ml_d6dd46665d_1.mp4,cn,0002_001188,sad,AV_pair,L:Lrev|R:L,L_vs_Lrev@cn,buttons,7,left,L2,,,,916,1,0,0,,
P33,en,1,pair_ml,56,0,0,0,v6_pair_ml_c3519312c6_2.mp4,jp,jp_hap_short_sentence,hap,AV_pair,L:L|R:Lrev,L_vs_Lrev@jp,buttons,7,right,R1,,,,3160,1,0,0,,
P33,en,1,pair_ml,57,0,0,0,v6_pair_ml_7e3e5bb20d_2.mp4,cn,0002_000488,ang,AV_pair,L:L|R:E,L_vs_E@cn,buttons,7,left,L1,,,,1847,1,0,0,,
P33,en,1,pair_ml,58,0,0,0,v6_pair_ml_1780ae57a3_1.mp4,jp,jp_sad_short_sentence,sad,AV_pair,L:Lrev|R:L,L_vs_Lrev@jp,buttons,7,left,L1,,,,2013,1,0,0,,
P33,en,1,pair_ml,59,0,0,0,v6_pair_ml_f26827db2f_2.mp4,en,en_hap_short_sentence,hap,AV_pair,L:L|R:E,L_vs_E@en,buttons,7,left,L1,,,,4280,2,0,0,,
P33,en,1,pair_ml,60,0,0,0,v6_pair_ml_c4711cd80a_1.mp4,cn,0002_000488,ang,AV_pair,L:Lrev|R:L,L_vs_Lrev@cn,buttons,7,left,L1,,,,4292,2,0,0,,
P33,en,1,pair_ml,61,0,0,0,v6_pair_ml_506942a631_2.mp4,en,en_sad_short_sentence,sad,AV_pair,L:L|R:Lrev,L_vs_Lrev@en,buttons,7,right,R2,,,,1530,1,0,0,,
P33,en,1,pair_ml,62,0,0,0,v6_pair_ml_a717ea56f4_2.mp4,cn,0002_000838,hap,AV_pair,L:L|R:Lrev,L_vs_Lrev@cn,buttons,7,right,R2,,,,6837,1,0,0,,
P33,en,1,pair_mute,63,0,0,0,v6_pair_mute_555cc59e4b_2.mp4,en,rav10,fear,AV_pair,L:H|R:E,mute:H_vs_E@strong,buttons,7,left,L1,,,,2171,1,0,0,,
P33,en,1,pair_mute,64,0,0,0,v6_pair_mute_3b6fa3b207_1.mp4,en,rav16,hap,AV_pair,L:E|R:H,mute:H_vs_E@strong,buttons,7,right,R2,,,,839,0,0,0,,
P33,en,1,pair_mute,65,0,0,0,v6_pair_mute_250e7890e4_1.mp4,en,rav20,fear,AV_pair,L:E|R:H,mute:H_vs_E@strong,buttons,7,right,R2,,,,3242,0,0,0,,
P33,en,1,pair_mute,66,0,0,0,v6_pair_mute_005d45f10b_1.mp4,en,rav06,ang,AV_pair,L:E|R:H,mute:H_vs_E@strong,buttons,7,right,R2,,,,2308,2,0,0,,
P33,en,1,pair_mute,67,0,0,0,v6_pair_mute_30ad4160ab_2.mp4,en,rav18,dis,AV_pair,L:H|R:E,mute:H_vs_E@strong,buttons,7,left,L1,,,,997,1,0,0,,
P33,en,1,pair_mute,68,0,0,0,v6_pair_mute_39140f1f71_2.mp4,en,rav04,hap,AV_pair,L:H|R:E,mute:H_vs_E@strong,buttons,7,left,L2,,,,800,0,0,0,,
P33,en,1,voice_only,69,0,0,0,v6_voice_5daeb1533f_1.mp4,en,rav04,hap,voice_only,voice:strong,voice_check,buttons,7,,hap,6,,,7823,0,0,0,1,
P33,en,1,voice_only,70,0,0,0,v6_voice_a66c973128_1.mp4,en,rav06,ang,voice_only,voice:normal,voice_check,buttons,7,,ang,5,,,1838,0,0,0,1,
P33,en,1,voice_only,71,0,0,0,v6_voice_b0cfac7f4c_1.mp4,en,rav18,dis,voice_only,voice:strong,voice_check,buttons,7,,dis,6,,,1894,0,0,0,1,
P33,en,1,voice_only,72,0,0,0,v6_voice_fb11565c01_1.mp4,en,rav20,fear,voice_only,voice:normal,voice_check,buttons,7,,fear,5,,,2598,0,0,0,1,
P33,en,1,voice_only,73,0,0,0,v6_voice_17e973c755_1.mp4,en,rav14,hap,voice_only,voice:strong,voice_check,buttons,7,,fear,5,,,3297,0,0,0,0,
P33,en,1,voice_only,74,0,0,0,v6_voice_50a83a8476_1.mp4,en,rav18,dis,voice_only,voice:normal,voice_check,buttons,7,,dis,2,,,5081,0,0,0,1,
P33,en,1,voice_only,75,0,0,0,v6_voice_aaea5d0aab_1.mp4,en,rav12,fear,voice_only,voice:strong,voice_check,buttons,7,,sur,6,,,3283,0,0,0,0,
P33,en,1,voice_only,76,0,0,0,v6_voice_cd8f85d3b2_1.mp4,en,rav04,hap,voice_only,voice:normal,voice_check,buttons,7,,neu,,,,965,0,0,0,0,
P33,en,1,voice_only,77,0,0,0,v6_voice_70e2096718_1.mp4,en,rav20,fear,voice_only,voice:strong,voice_check,buttons,7,,fear,7,,,2656,0,0,0,1,
P33,en,1,voice_only,78,0,0,0,v6_voice_214566cf57_1.mp4,en,rav14,hap,voice_only,voice:normal,voice_check,buttons,7,,hap,4,,,625,1,0,0,1,
P33,en,1,voice_only,79,0,0,0,v6_voice_08aabec890_1.mp4,en,rav06,ang,voice_only,voice:strong,voice_check,buttons,7,,ang,7,,,3359,0,0,0,1,
P33,en,1,voice_only,80,0,0,0,v6_voice_7642129e05_1.mp4,en,rav12,fear,voice_only,voice:normal,voice_check,buttons,7,,fear,2,,,3850,0,0,0,1,
P34,en,0,single,0,0,0,0,v6_single_24bf624e7d_1.mp4,en,rav16,hap,AV,,,buttons,7,,hap,5,2,,5750,0,0,0,1,
P34,en,0,single,1,0,0,0,v6_single_a721e1869f_2.mp4,en,rav18,dis,AV,,,buttons,7,,dis,4,4,,3250,0,0,0,1,
P34,en,0,single,2,0,0,0,v6_single_802ffa53c5_3.mp4,en,rav20,fear,AV,,,buttons,7,,fear,6,6,,2995,0,0,0,1,
P34,en,0,single,3,0,0,0,v6_single_7b8afe562a_2.mp4,en,rav06,ang,AV,,,buttons,7,,ang,4,5,,1103,0,0,0,1,
P34,en,0,single,4,0,0,0,v6_single_739783e84d_3.mp4,en,rav10,fear,AV,,,buttons,7,,fear,3,6,,3913,1,0,0,1,
P34,en,0,single,5,0,0,0,v6_single_76ee15a092_1.mp4,en,rav04,hap,AV,,,buttons,7,,hap,3,5,,1693,0,0,0,1,
P34,en,0,practice,6,1,0,0,v6_practice_cd0abf6ffd_2.mp4,en,rav22,ang,AV_pair,L:H|R:E,practice:H_vs_E@strong,buttons,7,same,S0,,,,5114,0,0,0,,
P34,en,0,practice,7,1,0,0,v6_practice_85af89ed95_1.mp4,en,rav10,hap,AV_pair,L:E|R:H,practice:H_vs_E@strong,buttons,7,same,S0,,,,2028,0,0,0,,
P34,en,0,pair,8,0,0,0,v6_pair_97e6c7f1ce_1.mp4,en,rav18,dis,AV_pair,L:E|R:H,H_vs_E@normal,buttons,7,left,L1,,,,4250,0,0,0,,
P34,en,0,pair,9,0,0,0,v6_pair_c12bac8692_2.mp4,en,rav08,ang,AV_pair,L:H|R:E,H_vs_E@strong,buttons,7,right,R1,,,,2568,0,0,0,,
P34,en,0,pair_catch,10,0,1,0,v6_catch_6f7a8a44b1_2.mp4,en,rav10,hap,AV_pair,L:still|R:H,correct:right,buttons,2,left,left,,,,2380,0,0,0,0,0
P34,en,0,pair_catch,10,0,1,1,v6_catch_6f7a8a44b1_2.mp4,en,rav10,hap,AV_pair,L:still|R:H,correct:right,buttons,2,right,right,,,,2050,0,0,0,1,1
P34,en,0,pair,11,0,0,0,v6_pair_5adfe6a4bd_2.mp4,en,rav20,fear,AV_pair,L:H|R:E,H_vs_E@normal,buttons,7,same,S0,,,,999,1,0,0,,
P34,en,0,pair,12,0,0,0,v6_pair_a97dec2f4e_2.mp4,en,rav14,hap,AV_pair,L:H|R:R,H_vs_R@strong,buttons,7,same,S0,,,,1243,0,0,0,,
P34,en,0,pair,13,0,0,0,v6_pair_53e6c4770b_1.mp4,en,rav14,hap,AV_pair,L:E|R:H,H_vs_E@strong,buttons,7,same,S0,,,,837,0,0,0,,
P34,en,0,pair,14,0,0,0,v6_pair_1fc4717f31_2.mp4,en,rav16,hap,AV_pair,L:H|R:E,H_vs_E@normal,buttons,7,left,L1,,,,1821,0,0,0,,
P34,en,0,pair,15,0,0,0,v6_pair_58bfd0c96b_2.mp4,en,rav24,dis,AV_pair,L:H|R:R,H_vs_R@strong,buttons,7,same,S0,,,,1922,0,0,0,,
P34,en,0,pair,16,0,0,0,v6_pair_6f570415b8_1.mp4,en,rav12,fear,AV_pair,L:R|R:H,H_vs_R@strong,buttons,7,right,R1,,,,1396,0,0,0,,
P34,en,0,pair,17,0,0,0,v6_pair_d3f0adc106_2.mp4,en,rav10,fear,AV_pair,L:H|R:R,H_vs_R@strong,buttons,7,same,S0,,,,1038,0,0,0,,
P34,en,0,pair,18,0,0,0,v6_pair_66fc12fdc8_1.mp4,en,rav14,hap,AV_pair,L:E|R:H,H_vs_E@normal,buttons,7,same,S0,,,,617,0,0,0,,
P34,en,0,pair,19,0,0,0,v6_pair_dc983160dd_1.mp4,en,rav02,ang,AV_pair,L:R|R:H,H_vs_R@strong,buttons,7,right,R1,,,,848,0,0,0,,
P34,en,0,pair,20,0,0,0,v6_pair_e86b22f765_1.mp4,en,rav24,dis,AV_pair,L:E|R:H,H_vs_E@normal,buttons,7,left,L1,,,,3308,0,0,0,,
P34,en,0,pair,21,0,0,0,v6_pair_4a472014db_1.mp4,en,rav06,ang,AV_pair,L:E|R:H,H_vs_E@strong,buttons,7,same,S0,,,,1307,0,0,0,,
P34,en,0,pair,22,0,0,0,v6_pair_5caed2de25_1.mp4,en,rav06,ang,AV_pair,L:E|R:H,H_vs_E@normal,buttons,7,same,S0,,,,1520,1,0,0,,
P34,en,0,pair,23,0,0,0,v6_pair_0c7d060d5f_1.mp4,en,rav24,dis,AV_pair,L:E|R:H,H_vs_E@strong,buttons,7,same,S0,,,,1039,0,0,0,,
P34,en,0,pair,24,0,0,0,v6_pair_7697f115bc_2.mp4,en,rav12,fear,AV_pair,L:H|R:E,H_vs_E@strong,buttons,7,right,R1,,,,6261,0,0,0,,
P34,en,0,pair,25,0,0,0,v6_pair_69a37819e2_1.mp4,en,rav10,fear,AV_pair,L:E|R:H,H_vs_E@strong,buttons,7,same,S0,,,,5067,0,0,0,,
P34,en,0,pair,26,0,0,0,v6_pair_93629a9394_2.mp4,en,rav06,ang,AV_pair,L:H|R:R,H_vs_R@strong,buttons,7,left,L2,,,,1430,0,0,0,,
P34,en,0,pair,27,0,0,0,v6_pair_33e30e2c1d_1.mp4,en,rav02,dis,AV_pair,L:E|R:H,H_vs_E@normal,buttons,7,same,S0,,,,1763,0,0,0,,
P34,en,0,pair,28,0,0,0,v6_pair_417168a67a_1.mp4,en,rav20,fear,AV_pair,L:R|R:H,H_vs_R@strong,buttons,7,left,L2,,,,1548,0,0,0,,
P34,en,0,pair,29,0,0,0,v6_pair_8073668068_2.mp4,en,rav02,dis,AV_pair,L:H|R:R,H_vs_R@strong,buttons,7,right,R2,,,,1222,0,0,0,,
P34,en,0,pair,30,0,0,0,v6_pair_3b7f4443aa_2.mp4,en,rav12,fear,AV_pair,L:H|R:E,H_vs_E@normal,buttons,7,same,S0,,,,1030,0,0,0,,
P34,en,0,pair,31,0,0,0,v6_pair_87b373e751_2.mp4,en,rav16,hap,AV_pair,L:H|R:E,H_vs_E@strong,buttons,7,left,L2,,,,1609,1,0,0,,
P34,en,0,pair,32,0,0,0,v6_pair_7ef69736a7_2.mp4,en,rav18,dis,AV_pair,L:H|R:R,H_vs_R@strong,buttons,7,same,S0,,,,959,0,0,0,,
P34,en,0,pair,33,0,0,0,v6_pair_0c8482b715_2.mp4,en,rav02,ang,AV_pair,L:H|R:E,H_vs_E@normal,buttons,7,same,S0,,,,2488,0,0,0,,
P34,en,0,pair,34,0,0,0,v6_pair_faec1498b7_1.mp4,en,rav08,ang,AV_pair,L:R|R:H,H_vs_R@strong,buttons,7,same,S0,,,,1843,0,0,0,,
P34,en,0,pair,35,0,0,0,v6_pair_23d7c570a2_2.mp4,en,rav04,hap,AV_pair,L:H|R:E,H_vs_E@strong,buttons,7,left,L1,,,,2563,1,0,0,,
P34,en,0,pair,36,0,0,0,v6_pair_d81bffa4be_2.mp4,en,rav02,ang,AV_pair,L:H|R:E,H_vs_E@strong,buttons,7,left,L1,,,,1393,0,0,0,,
P34,en,0,pair,37,0,0,0,v6_pair_fb8e3dd060_2.mp4,en,rav08,ang,AV_pair,L:H|R:E,H_vs_E@normal,buttons,7,left,L1,,,,1653,1,0,0,,
P34,en,0,pair,38,0,0,0,v6_pair_3961b3142e_2.mp4,en,rav20,fear,AV_pair,L:H|R:E,H_vs_E@strong,buttons,7,same,S0,,,,903,0,0,0,,
P34,en,0,pair,39,0,0,0,v6_pair_13ae59e46d_1.mp4,en,rav02,dis,AV_pair,L:E|R:H,H_vs_E@strong,buttons,7,same,S0,,,,1387,0,0,0,,
P34,en,0,pair,40,0,0,0,v6_pair_0a26430948_2.mp4,en,rav04,hap,AV_pair,L:H|R:E,H_vs_E@normal,buttons,7,same,S0,,,,1393,0,0,0,,
P34,en,0,pair,41,0,0,0,v6_pair_f5403c44bd_1.mp4,en,rav16,hap,AV_pair,L:R|R:H,H_vs_R@strong,buttons,7,same,S0,,,,931,0,0,0,,
P34,en,0,pair,42,0,0,0,v6_pair_db8f08e27f_1.mp4,en,rav10,fear,AV_pair,L:E|R:H,H_vs_E@normal,buttons,7,right,R2,,,,1306,0,0,0,,
P34,en,0,pair,43,0,0,0,v6_pair_e5c0cf4a07_1.mp4,en,rav04,hap,AV_pair,L:R|R:H,H_vs_R@strong,buttons,7,same,S0,,,,1294,0,0,0,,
P34,en,0,pair,44,0,0,0,v6_pair_c38e9eb491_1.mp4,en,rav18,dis,AV_pair,L:E|R:H,H_vs_E@strong,buttons,7,left,L2,,,,1014,0,0,0,,
P34,en,0,pair_ml,45,0,0,0,v6_pair_ml_a717ea56f4_2.mp4,cn,0002_000838,hap,AV_pair,L:L|R:Lrev,L_vs_Lrev@cn,buttons,7,same,S0,,,,4943,0,0,0,,
P34,en,0,pair_ml,46,0,0,0,v6_pair_ml_d921b78eb4_2.mp4,jp,jp_ang_short_sentence,ang,AV_pair,L:L|R:E,L_vs_E@jp,buttons,7,left,L1,,,,2471,0,0,0,,
P34,en,0,pair_ml,47,0,0,0,v6_pair_ml_d5ab099d51_2.mp4,cn,0002_001188,sad,AV_pair,L:L|R:E,L_vs_E@cn,buttons,7,left,L3,,,,1944,0,0,0,,
P34,en,0,pair_ml,48,0,0,0,v6_pair_ml_97c8810aa2_1.mp4,en,en_hap_short_sentence,hap,AV_pair,L:Lrev|R:L,L_vs_Lrev@en,buttons,7,same,S0,,,,2538,1,0,0,,
P34,en,0,pair_ml,49,0,0,0,v6_pair_ml_1780ae57a3_1.mp4,jp,jp_sad_short_sentence,sad,AV_pair,L:Lrev|R:L,L_vs_Lrev@jp,buttons,7,same,S0,,,,1246,0,0,0,,
P34,en,0,pair_ml,50,0,0,0,v6_pair_ml_e5fa8f451a_2.mp4,en,en_ang_short_sentence,ang,AV_pair,L:L|R:Lrev,L_vs_Lrev@en,buttons,7,left,L1,,,,3356,0,0,0,,
P34,en,0,pair_ml,51,0,0,0,v6_pair_ml_d6dd46665d_1.mp4,cn,0002_001188,sad,AV_pair,L:Lrev|R:L,L_vs_Lrev@cn,buttons,7,same,S0,,,,3784,0,0,0,,
P34,en,0,pair_ml,52,0,0,0,v6_pair_ml_c3519312c6_2.mp4,jp,jp_hap_short_sentence,hap,AV_pair,L:L|R:Lrev,L_vs_Lrev@jp,buttons,7,same,S0,,,,1109,0,0,0,,
P34,en,0,pair_ml,53,0,0,0,v6_pair_ml_506942a631_2.mp4,en,en_sad_short_sentence,sad,AV_pair,L:L|R:Lrev,L_vs_Lrev@en,buttons,7,right,R1,,,,1000,1,0,0,,
P34,en,0,pair_ml,54,0,0,0,v6_pair_ml_9b2f256f7d_1.mp4,cn,0002_000838,hap,AV_pair,L:E|R:L,L_vs_E@cn,buttons,7,same,S0,,,,1551,0,0,0,,
P34,en,0,pair_ml,55,0,0,0,v6_pair_ml_44c920798b_1.mp4,en,en_ang_short_sentence,ang,AV_pair,L:E|R:L,L_vs_E@en,buttons,7,left,L1,,,,1407,0,0,0,,
P34,en,0,pair_ml,56,0,0,0,v6_pair_ml_4fc1e0e0d1_2.mp4,jp,jp_sad_short_sentence,sad,AV_pair,L:L|R:E,L_vs_E@jp,buttons,7,right,R2,,,,1254,0,0,0,,
P34,en,0,pair_ml,57,0,0,0,v6_pair_ml_7e3e5bb20d_2.mp4,cn,0002_000488,ang,AV_pair,L:L|R:E,L_vs_E@cn,buttons,7,same,S0,,,,987,0,0,0,,
P34,en,0,pair_ml,58,0,0,0,v6_pair_ml_f26827db2f_2.mp4,en,en_hap_short_sentence,hap,AV_pair,L:L|R:E,L_vs_E@en,buttons,7,right,R2,,,,1079,1,0,0,,
P34,en,0,pair_ml,59,0,0,0,v6_pair_ml_0bc71a1be9_1.mp4,jp,jp_ang_short_sentence,ang,AV_pair,L:Lrev|R:L,L_vs_Lrev@jp,buttons,7,left,L2,,,,1515,0,0,0,,
P34,en,0,pair_ml,60,0,0,0,v6_pair_ml_98df03baec_1.mp4,en,en_sad_short_sentence,sad,AV_pair,L:E|R:L,L_vs_E@en,buttons,7,right,R1,,,,2382,2,0,0,,
P34,en,0,pair_ml,61,0,0,0,v6_pair_ml_c4711cd80a_1.mp4,cn,0002_000488,ang,AV_pair,L:Lrev|R:L,L_vs_Lrev@cn,buttons,7,same,S0,,,,1167,0,0,0,,
P34,en,0,pair_ml,62,0,0,0,v6_pair_ml_afa28cd8ae_1.mp4,jp,jp_hap_short_sentence,hap,AV_pair,L:E|R:L,L_vs_E@jp,buttons,7,right,R2,,,,1037,1,0,0,,
P34,en,0,pair_mute,63,0,0,0,v6_pair_mute_3b6fa3b207_1.mp4,en,rav16,hap,AV_pair,L:E|R:H,mute:H_vs_E@strong,buttons,7,right,R2,,,,1185,1,0,0,,
P34,en,0,pair_mute,64,0,0,0,v6_pair_mute_555cc59e4b_2.mp4,en,rav10,fear,AV_pair,L:H|R:E,mute:H_vs_E@strong,buttons,7,left,L1,,,,2762,0,0,0,,
P34,en,0,pair_mute,65,0,0,0,v6_pair_mute_39140f1f71_2.mp4,en,rav04,hap,AV_pair,L:H|R:E,mute:H_vs_E@strong,buttons,7,left,L2,,,,2850,0,0,0,,
P34,en,0,pair_mute,66,0,0,0,v6_pair_mute_30ad4160ab_2.mp4,en,rav18,dis,AV_pair,L:H|R:E,mute:H_vs_E@strong,buttons,7,left,L2,,,,897,0,0,0,,
P34,en,0,pair_mute,67,0,0,0,v6_pair_mute_250e7890e4_1.mp4,en,rav20,fear,AV_pair,L:E|R:H,mute:H_vs_E@strong,buttons,7,right,R1,,,,1991,0,0,0,,
P34,en,0,pair_mute,68,0,0,0,v6_pair_mute_005d45f10b_1.mp4,en,rav06,ang,AV_pair,L:E|R:H,mute:H_vs_E@strong,buttons,7,right,R1,,,,829,0,0,0,,
P34,en,0,voice_only,69,0,0,0,v6_voice_70e2096718_1.mp4,en,rav20,fear,voice_only,voice:strong,voice_check,buttons,7,,fear,6,,,4993,0,0,0,1,
P34,en,0,voice_only,70,0,0,0,v6_voice_a66c973128_1.mp4,en,rav06,ang,voice_only,voice:normal,voice_check,buttons,7,,ang,3,,,2978,0,0,0,1,
P34,en,0,voice_only,71,0,0,0,v6_voice_b0cfac7f4c_1.mp4,en,rav18,dis,voice_only,voice:strong,voice_check,buttons,7,,fear,4,,,1686,0,0,0,0,
P34,en,0,voice_only,72,0,0,0,v6_voice_214566cf57_1.mp4,en,rav14,hap,voice_only,voice:normal,voice_check,buttons,7,,sur,2,,,4646,0,0,0,0,
P34,en,0,voice_only,73,0,0,0,v6_voice_aaea5d0aab_1.mp4,en,rav12,fear,voice_only,voice:strong,voice_check,buttons,7,,fear,6,,,1345,0,0,0,1,
P34,en,0,voice_only,74,0,0,0,v6_voice_cd8f85d3b2_1.mp4,en,rav04,hap,voice_only,voice:normal,voice_check,buttons,7,,neu,,,,2480,0,0,0,0,
P34,en,0,voice_only,75,0,0,0,v6_voice_08aabec890_1.mp4,en,rav06,ang,voice_only,voice:strong,voice_check,buttons,7,,ang,7,,,921,0,0,0,1,
P34,en,0,voice_only,76,0,0,0,v6_voice_7642129e05_1.mp4,en,rav12,fear,voice_only,voice:normal,voice_check,buttons,7,,dis,2,,,8318,1,0,0,0,
P34,en,0,voice_only,77,0,0,0,v6_voice_17e973c755_1.mp4,en,rav14,hap,voice_only,voice:strong,voice_check,buttons,7,,fear,5,,,956,0,0,0,0,
P34,en,0,voice_only,78,0,0,0,v6_voice_50a83a8476_1.mp4,en,rav18,dis,voice_only,voice:normal,voice_check,buttons,7,,dis,2,,,3256,0,0,0,1,
P34,en,0,voice_only,79,0,0,0,v6_voice_5daeb1533f_1.mp4,en,rav04,hap,voice_only,voice:strong,voice_check,buttons,7,,sur,2,,,1235,0,0,0,0,
P34,en,0,voice_only,80,0,0,0,v6_voice_fb11565c01_1.mp4,en,rav20,fear,voice_only,voice:normal,voice_check,buttons,7,,fear,5,,,1134,0,0,0,1,
P35,en,0,single,0,0,0,0,v6_single_7b8afe562a_2.mp4,en,rav06,ang,AV,,,buttons,7,,ang,5,5,,6445,0,0,0,1,
P35,en,0,single,1,0,0,0,v6_single_76ee15a092_1.mp4,en,rav04,hap,AV,,,buttons,7,,hap,6,5,,3249,0,0,0,1,
P35,en,0,single,2,0,0,0,v6_single_739783e84d_3.mp4,en,rav10,fear,AV,,,buttons,7,,fear,7,6,,2257,0,0,0,1,
P35,en,0,single,3,0,0,0,v6_single_a721e1869f_2.mp4,en,rav18,dis,AV,,,buttons,7,,sur,4,6,,4432,0,0,0,0,
P35,en,0,single,4,0,0,0,v6_single_802ffa53c5_3.mp4,en,rav20,fear,AV,,,buttons,7,,fear,5,5,,2045,0,0,0,1,
P35,en,0,single,5,0,0,0,v6_single_24bf624e7d_1.mp4,en,rav16,hap,AV,,,buttons,7,,neu,,5,,6649,0,0,0,0,
P35,en,0,practice,6,1,0,0,v6_practice_85af89ed95_2.mp4,en,rav10,hap,AV_pair,L:H|R:E,practice:H_vs_E@strong,buttons,7,right,R1,,,,14297,0,0,0,,
P35,en,0,practice,7,1,0,0,v6_practice_cd0abf6ffd_1.mp4,en,rav22,ang,AV_pair,L:E|R:H,practice:H_vs_E@strong,buttons,7,right,R2,,,,2729,0,0,0,,
P35,en,0,pair,8,0,0,0,v6_pair_87b373e751_1.mp4,en,rav16,hap,AV_pair,L:E|R:H,H_vs_E@strong,buttons,7,right,R1,,,,3567,0,0,0,,
P35,en,0,pair,9,0,0,0,v6_pair_33e30e2c1d_2.mp4,en,rav02,dis,AV_pair,L:H|R:E,H_vs_E@normal,buttons,7,same,S0,,,,2864,0,0,0,,
P35,en,0,pair,10,0,0,0,v6_pair_13ae59e46d_2.mp4,en,rav02,dis,AV_pair,L:H|R:E,H_vs_E@strong,buttons,7,left,L1,,,,1646,0,0,0,,
P35,en,0,pair,11,0,0,0,v6_pair_6f570415b8_2.mp4,en,rav12,fear,AV_pair,L:H|R:R,H_vs_R@strong,buttons,7,right,R1,,,,1939,0,0,0,,
P35,en,0,pair,12,0,0,0,v6_pair_0c7d060d5f_2.mp4,en,rav24,dis,AV_pair,L:H|R:E,H_vs_E@strong,buttons,7,left,L2,,,,1473,0,0,0,,
P35,en,0,pair,13,0,0,0,v6_pair_97e6c7f1ce_2.mp4,en,rav18,dis,AV_pair,L:H|R:E,H_vs_E@normal,buttons,7,same,S0,,,,1682,0,0,0,,
P35,en,0,pair,14,0,0,0,v6_pair_417168a67a_2.mp4,en,rav20,fear,AV_pair,L:H|R:R,H_vs_R@strong,buttons,7,right,R1,,,,1750,0,0,0,,
P35,en,0,pair,15,0,0,0,v6_pair_fb8e3dd060_1.mp4,en,rav08,ang,AV_pair,L:E|R:H,H_vs_E@normal,buttons,7,same,S0,,,,1437,0,0,0,,
P35,en,0,pair,16,0,0,0,v6_pair_faec1498b7_2.mp4,en,rav08,ang,AV_pair,L:H|R:R,H_vs_R@strong,buttons,7,right,R1,,,,2605,0,0,0,,
P35,en,0,pair,17,0,0,0,v6_pair_23d7c570a2_1.mp4,en,rav04,hap,AV_pair,L:E|R:H,H_vs_E@strong,buttons,7,right,R2,,,,1460,0,0,0,,
P35,en,0,pair,18,0,0,0,v6_pair_66fc12fdc8_2.mp4,en,rav14,hap,AV_pair,L:H|R:E,H_vs_E@normal,buttons,7,same,S0,,,,1862,0,0,0,,
P35,en,0,pair,19,0,0,0,v6_pair_53e6c4770b_2.mp4,en,rav14,hap,AV_pair,L:H|R:E,H_vs_E@strong,buttons,7,left,L1,,,,1463,0,0,0,,
P35,en,0,pair,20,0,0,0,v6_pair_e5c0cf4a07_2.mp4,en,rav04,hap,AV_pair,L:H|R:R,H_vs_R@strong,buttons,7,right,R1,,,,2600,0,0,0,,
P35,en,0,pair,21,0,0,0,v6_pair_db8f08e27f_2.mp4,en,rav10,fear,AV_pair,L:H|R:E,H_vs_E@normal,buttons,7,left,L1,,,,1634,0,0,0,,
P35,en,0,pair,22,0,0,0,v6_pair_d3f0adc106_1.mp4,en,rav10,fear,AV_pair,L:R|R:H,H_vs_R@strong,buttons,7,same,S0,,,,1369,0,0,0,,
P35,en,0,pair,23,0,0,0,v6_pair_d81bffa4be_1.mp4,en,rav02,ang,AV_pair,L:E|R:H,H_vs_E@strong,buttons,7,left,L1,,,,1778,0,0,0,,
P35,en,0,pair,24,0,0,0,v6_pair_5adfe6a4bd_1.mp4,en,rav20,fear,AV_pair,L:E|R:H,H_vs_E@normal,buttons,7,right,R1,,,,1514,0,0,0,,
P35,en,0,pair,25,0,0,0,v6_pair_a97dec2f4e_1.mp4,en,rav14,hap,AV_pair,L:R|R:H,H_vs_R@strong,buttons,7,same,S0,,,,1805,0,0,0,,
P35,en,0,pair,26,0,0,0,v6_pair_c12bac8692_1.mp4,en,rav08,ang,AV_pair,L:E|R:H,H_vs_E@strong,buttons,7,right,R2,,,,2630,0,0,0,,
P35,en,0,pair,27,0,0,0,v6_pair_4a472014db_2.mp4,en,rav06,ang,AV_pair,L:H|R:E,H_vs_E@strong,buttons,7,same,S0,,,,1669,0,0,0,,
P35,en,0,pair,28,0,0,0,v6_pair_3b7f4443aa_1.mp4,en,rav12,fear,AV_pair,L:E|R:H,H_vs_E@normal,buttons,7,right,R2,,,,1764,0,0,0,,
P35,en,0,pair,29,0,0,0,v6_pair_8073668068_1.mp4,en,rav02,dis,AV_pair,L:R|R:H,H_vs_R@strong,buttons,7,right,R1,,,,6714,0,0,0,,
P35,en,0,pair,30,0,0,0,v6_pair_93629a9394_1.mp4,en,rav06,ang,AV_pair,L:R|R:H,H_vs_R@strong,buttons,7,same,S0,,,,10358,0,0,0,,
P35,en,0,pair,31,0,0,0,v6_pair_0c8482b715_1.mp4,en,rav02,ang,AV_pair,L:E|R:H,H_vs_E@normal,buttons,7,right,R2,,,,7361,0,0,0,,
P35,en,0,pair,32,0,0,0,v6_pair_c38e9eb491_2.mp4,en,rav18,dis,AV_pair,L:H|R:E,H_vs_E@strong,buttons,7,same,S0,,,,2897,0,0,0,,
P35,en,0,pair,33,0,0,0,v6_pair_1fc4717f31_1.mp4,en,rav16,hap,AV_pair,L:E|R:H,H_vs_E@normal,buttons,7,same,S0,,,,2108,0,0,0,,
P35,en,0,pair,34,0,0,0,v6_pair_7697f115bc_1.mp4,en,rav12,fear,AV_pair,L:E|R:H,H_vs_E@strong,buttons,7,left,L1,,,,2132,0,0,0,,
P35,en,0,pair_catch,35,0,1,0,v6_catch_6f7a8a44b1_1.mp4,en,rav10,hap,AV_pair,L:H|R:still,correct:left,buttons,2,right,right,,,,5055,0,0,0,0,0
P35,en,0,pair,36,0,0,0,v6_pair_f5403c44bd_2.mp4,en,rav16,hap,AV_pair,L:H|R:R,H_vs_R@strong,buttons,7,left,L1,,,,2672,0,0,0,,
P35,en,0,pair,37,0,0,0,v6_pair_0a26430948_1.mp4,en,rav04,hap,AV_pair,L:E|R:H,H_vs_E@normal,buttons,7,right,R1,,,,2023,0,0,0,,
P35,en,0,pair,38,0,0,0,v6_pair_3961b3142e_1.mp4,en,rav20,fear,AV_pair,L:E|R:H,H_vs_E@strong,buttons,7,right,R1,,,,1219,0,0,0,,
P35,en,0,pair,39,0,0,0,v6_pair_7ef69736a7_1.mp4,en,rav18,dis,AV_pair,L:R|R:H,H_vs_R@strong,buttons,7,same,S0,,,,2031,0,0,0,,
P35,en,0,pair,40,0,0,0,v6_pair_58bfd0c96b_1.mp4,en,rav24,dis,AV_pair,L:R|R:H,H_vs_R@strong,buttons,7,right,R1,,,,1649,0,0,0,,
P35,en,0,pair,41,0,0,0,v6_pair_69a37819e2_2.mp4,en,rav10,fear,AV_pair,L:H|R:E,H_vs_E@strong,buttons,7,right,R1,,,,1399,0,0,0,,
P35,en,0,pair,42,0,0,0,v6_pair_dc983160dd_2.mp4,en,rav02,ang,AV_pair,L:H|R:R,H_vs_R@strong,buttons,7,right,R1,,,,1270,0,0,0,,
P35,en,0,pair,43,0,0,0,v6_pair_e86b22f765_2.mp4,en,rav24,dis,AV_pair,L:H|R:E,H_vs_E@normal,buttons,7,right,R2,,,,1986,0,0,0,,
P35,en,0,pair,44,0,0,0,v6_pair_5caed2de25_2.mp4,en,rav06,ang,AV_pair,L:H|R:E,H_vs_E@normal,buttons,7,same,S0,,,,1659,0,0,0,,
P35,en,0,pair_ml,45,0,0,0,v6_pair_ml_d6dd46665d_2.mp4,cn,0002_001188,sad,AV_pair,L:L|R:Lrev,L_vs_Lrev@cn,buttons,7,right,R1,,,,2048,0,0,0,,
P35,en,0,pair_ml,46,0,0,0,v6_pair_ml_44c920798b_2.mp4,en,en_ang_short_sentence,ang,AV_pair,L:L|R:E,L_vs_E@en,buttons,7,same,S0,,,,2032,0,0,0,,
P35,en,0,pair_ml,47,0,0,0,v6_pair_ml_4fc1e0e0d1_1.mp4,jp,jp_sad_short_sentence,sad,AV_pair,L:E|R:L,L_vs_E@jp,buttons,7,right,R2,,,,2388,0,0,0,,
P35,en,0,pair_ml,48,0,0,0,v6_pair_ml_f26827db2f_1.mp4,en,en_hap_short_sentence,hap,AV_pair,L:E|R:L,L_vs_E@en,buttons,7,left,L1,,,,3161,0,0,0,,
P35,en,0,pair_ml,49,0,0,0,v6_pair_ml_1780ae57a3_2.mp4,jp,jp_sad_short_sentence,sad,AV_pair,L:L|R:Lrev,L_vs_Lrev@jp,buttons,7,same,S0,,,,1794,0,0,0,,
P35,en,0,pair_ml,50,0,0,0,v6_pair_ml_7e3e5bb20d_1.mp4,cn,0002_000488,ang,AV_pair,L:E|R:L,L_vs_E@cn,buttons,7,right,R2,,,,2112,0,0,0,,
P35,en,0,pair_ml,51,0,0,0,v6_pair_ml_97c8810aa2_2.mp4,en,en_hap_short_sentence,hap,AV_pair,L:L|R:Lrev,L_vs_Lrev@en,buttons,7,same,S0,,,,1587,0,0,0,,
P35,en,0,pair_ml,52,0,0,0,v6_pair_ml_d921b78eb4_1.mp4,jp,jp_ang_short_sentence,ang,AV_pair,L:E|R:L,L_vs_E@jp,buttons,7,right,R1,,,,1320,0,0,0,,
P35,en,0,pair_ml,53,0,0,0,v6_pair_ml_506942a631_1.mp4,en,en_sad_short_sentence,sad,AV_pair,L:Lrev|R:L,L_vs_Lrev@en,buttons,7,same,S0,,,,1412,0,0,0,,
P35,en,0,pair_ml,54,0,0,0,v6_pair_ml_9b2f256f7d_2.mp4,cn,0002_000838,hap,AV_pair,L:L|R:E,L_vs_E@cn,buttons,7,right,R2,,,,2094,0,0,0,,
P35,en,0,pair_ml,55,0,0,0,v6_pair_ml_98df03baec_2.mp4,en,en_sad_short_sentence,sad,AV_pair,L:L|R:E,L_vs_E@en,buttons,7,right,R1,,,,1458,0,0,0,,
P35,en,0,pair_ml,56,0,0,0,v6_pair_ml_a717ea56f4_1.mp4,cn,0002_000838,hap,AV_pair,L:Lrev|R:L,L_vs_Lrev@cn,buttons,7,same,S0,,,,979,0,0,0,,
P35,en,0,pair_ml,57,0,0,0,v6_pair_ml_0bc71a1be9_2.mp4,jp,jp_ang_short_sentence,ang,AV_pair,L:L|R:Lrev,L_vs_Lrev@jp,buttons,7,right,R2,,,,2055,0,0,0,,
P35,en,0,pair_ml,58,0,0,0,v6_pair_ml_d5ab099d51_1.mp4,cn,0002_001188,sad,AV_pair,L:E|R:L,L_vs_E@cn,buttons,7,right,R1,,,,1641,0,0,0,,
P35,en,0,pair_ml,59,0,0,0,v6_pair_ml_e5fa8f451a_1.mp4,en,en_ang_short_sentence,ang,AV_pair,L:Lrev|R:L,L_vs_Lrev@en,buttons,7,left,L1,,,,1366,0,0,0,,
P35,en,0,pair_ml,60,0,0,0,v6_pair_ml_c3519312c6_1.mp4,jp,jp_hap_short_sentence,hap,AV_pair,L:Lrev|R:L,L_vs_Lrev@jp,buttons,7,right,R1,,,,1310,0,0,0,,
P35,en,0,pair_ml,61,0,0,0,v6_pair_ml_c4711cd80a_2.mp4,cn,0002_000488,ang,AV_pair,L:L|R:Lrev,L_vs_Lrev@cn,buttons,7,right,R1,,,,2361,0,0,0,,
P35,en,0,pair_ml,62,0,0,0,v6_pair_ml_afa28cd8ae_2.mp4,jp,jp_hap_short_sentence,hap,AV_pair,L:L|R:E,L_vs_E@jp,buttons,7,right,R1,,,,1231,0,0,0,,
P35,en,0,pair_mute,63,0,0,0,v6_pair_mute_39140f1f71_1.mp4,en,rav04,hap,AV_pair,L:E|R:H,mute:H_vs_E@strong,buttons,7,same,S0,,,,1859,0,0,0,,
P35,en,0,pair_mute,64,0,0,0,v6_pair_mute_3b6fa3b207_2.mp4,en,rav16,hap,AV_pair,L:H|R:E,mute:H_vs_E@strong,buttons,7,same,S0,,,,9169,0,0,0,,
P35,en,0,pair_mute,65,0,0,0,v6_pair_mute_555cc59e4b_1.mp4,en,rav10,fear,AV_pair,L:E|R:H,mute:H_vs_E@strong,buttons,7,left,L1,,,,1478,0,0,0,,
P35,en,0,pair_mute,66,0,0,0,v6_pair_mute_005d45f10b_2.mp4,en,rav06,ang,AV_pair,L:H|R:E,mute:H_vs_E@strong,buttons,7,right,R1,,,,1859,0,0,0,,
P35,en,0,pair_mute,67,0,0,0,v6_pair_mute_30ad4160ab_1.mp4,en,rav18,dis,AV_pair,L:E|R:H,mute:H_vs_E@strong,buttons,7,right,R1,,,,1516,0,0,0,,
P35,en,0,pair_mute,68,0,0,0,v6_pair_mute_250e7890e4_2.mp4,en,rav20,fear,AV_pair,L:H|R:E,mute:H_vs_E@strong,buttons,7,left,L1,,,,2235,0,0,0,,
P35,en,0,voice_only,69,0,0,0,v6_voice_50a83a8476_1.mp4,en,rav18,dis,voice_only,voice:normal,voice_check,buttons,7,,sad,5,,,7573,0,0,0,0,
P35,en,0,voice_only,70,0,0,0,v6_voice_70e2096718_1.mp4,en,rav20,fear,voice_only,voice:strong,voice_check,buttons,7,,fear,6,,,2583,0,0,0,1,
P35,en,0,voice_only,71,0,0,0,v6_voice_cd8f85d3b2_1.mp4,en,rav04,hap,voice_only,voice:normal,voice_check,buttons,7,,neu,,,,2243,0,0,0,0,
P35,en,0,voice_only,72,0,0,0,v6_voice_b0cfac7f4c_1.mp4,en,rav18,dis,voice_only,voice:strong,voice_check,buttons,7,,ang,4,,,1273,0,0,0,0,
P35,en,0,voice_only,73,0,0,0,v6_voice_a66c973128_1.mp4,en,rav06,ang,voice_only,voice:normal,voice_check,buttons,7,,neu,,,,4289,0,0,0,0,
P35,en,0,voice_only,74,0,0,0,v6_voice_17e973c755_1.mp4,en,rav14,hap,voice_only,voice:strong,voice_check,buttons,7,,fear,5,,,3212,0,0,0,0,
P35,en,0,voice_only,75,0,0,0,v6_voice_7642129e05_1.mp4,en,rav12,fear,voice_only,voice:normal,voice_check,buttons,7,,dis,4,,,10781,0,0,0,0,
P35,en,0,voice_only,76,0,0,0,v6_voice_5daeb1533f_1.mp4,en,rav04,hap,voice_only,voice:strong,voice_check,buttons,7,,sur,4,,,8301,0,0,0,0,
P35,en,0,voice_only,77,0,0,0,v6_voice_fb11565c01_1.mp4,en,rav20,fear,voice_only,voice:normal,voice_check,buttons,7,,dis,5,,,4420,0,0,0,0,
P35,en,0,voice_only,78,0,0,0,v6_voice_08aabec890_1.mp4,en,rav06,ang,voice_only,voice:strong,voice_check,buttons,7,,ang,6,,,1345,0,0,0,1,
P35,en,0,voice_only,79,0,0,0,v6_voice_214566cf57_1.mp4,en,rav14,hap,voice_only,voice:normal,voice_check,buttons,7,,hap,3,,,3871,0,0,0,1,
P35,en,0,voice_only,80,0,0,0,v6_voice_aaea5d0aab_1.mp4,en,rav12,fear,voice_only,voice:strong,voice_check,buttons,7,,fear,5,,,1499,0,0,0,1,
P36,en,1,single,0,0,0,0,v6_single_a721e1869f_2.mp4,en,rav18,dis,AV,,,buttons,7,,dis,5,3,,4195,0,1,0,1,
P36,en,1,single,1,0,0,0,v6_single_76ee15a092_1.mp4,en,rav04,hap,AV,,,buttons,7,,hap,6,4,,2451,0,0,0,1,
P36,en,1,single,2,0,0,0,v6_single_739783e84d_3.mp4,en,rav10,fear,AV,,,buttons,7,,fear,4,3,,2013,0,0,0,1,
P36,en,1,single,3,0,0,0,v6_single_7b8afe562a_2.mp4,en,rav06,ang,AV,,,buttons,7,,ang,3,2,,1659,0,0,0,1,
P36,en,1,single,4,0,0,0,v6_single_802ffa53c5_3.mp4,en,rav20,fear,AV,,,buttons,7,,fear,2,2,,1089,0,0,0,1,
P36,en,1,single,5,0,0,0,v6_single_24bf624e7d_1.mp4,en,rav16,hap,AV,,,buttons,7,,neu,,3,,1902,0,0,0,0,
P36,en,1,practice,6,1,0,0,v6_practice_85af89ed95_2.mp4,en,rav10,hap,AV_pair,L:H|R:E,practice:H_vs_E@strong,buttons,7,left,L1,,,,4726,0,0,0,,
P36,en,1,practice,7,1,0,0,v6_practice_cd0abf6ffd_1.mp4,en,rav22,ang,AV_pair,L:E|R:H,practice:H_vs_E@strong,buttons,7,right,R1,,,,828,0,0,0,,
P36,en,1,pair,8,0,0,0,v6_pair_7697f115bc_1.mp4,en,rav12,fear,AV_pair,L:E|R:H,H_vs_E@strong,buttons,7,right,R1,,,,1616,0,0,0,,
P36,en,1,pair,9,0,0,0,v6_pair_d3f0adc106_1.mp4,en,rav10,fear,AV_pair,L:R|R:H,H_vs_R@strong,buttons,7,left,L1,,,,893,0,0,0,,
P36,en,1,pair,10,0,0,0,v6_pair_db8f08e27f_2.mp4,en,rav10,fear,AV_pair,L:H|R:E,H_vs_E@normal,buttons,7,same,S0,,,,669,0,0,0,,
P36,en,1,pair,11,0,0,0,v6_pair_a97dec2f4e_1.mp4,en,rav14,hap,AV_pair,L:R|R:H,H_vs_R@strong,buttons,7,right,R1,,,,1476,0,0,0,,
P36,en,1,pair,12,0,0,0,v6_pair_23d7c570a2_1.mp4,en,rav04,hap,AV_pair,L:E|R:H,H_vs_E@strong,buttons,7,right,R1,,,,783,0,0,0,,
P36,en,1,pair,13,0,0,0,v6_pair_f5403c44bd_2.mp4,en,rav16,hap,AV_pair,L:H|R:R,H_vs_R@strong,buttons,7,left,L1,,,,1880,0,0,0,,
P36,en,1,pair,14,0,0,0,v6_pair_69a37819e2_2.mp4,en,rav10,fear,AV_pair,L:H|R:E,H_vs_E@strong,buttons,7,right,R1,,,,1494,0,0,0,,
P36,en,1,pair,15,0,0,0,v6_pair_93629a9394_1.mp4,en,rav06,ang,AV_pair,L:R|R:H,H_vs_R@strong,buttons,7,left,L2,,,,585,0,0,0,,
P36,en,1,pair,16,0,0,0,v6_pair_0c7d060d5f_2.mp4,en,rav24,dis,AV_pair,L:H|R:E,H_vs_E@strong,buttons,7,right,R2,,,,537,0,0,0,,
P36,en,1,pair,17,0,0,0,v6_pair_e5c0cf4a07_2.mp4,en,rav04,hap,AV_pair,L:H|R:R,H_vs_R@strong,buttons,7,right,R2,,,,970,0,0,0,,
P36,en,1,pair,18,0,0,0,v6_pair_87b373e751_1.mp4,en,rav16,hap,AV_pair,L:E|R:H,H_vs_E@strong,buttons,7,right,R1,,,,493,0,0,0,,
P36,en,1,pair,19,0,0,0,v6_pair_66fc12fdc8_2.mp4,en,rav14,hap,AV_pair,L:H|R:E,H_vs_E@normal,buttons,7,left,L2,,,,852,0,0,0,,
P36,en,1,pair,20,0,0,0,v6_pair_8073668068_1.mp4,en,rav02,dis,AV_pair,L:R|R:H,H_vs_R@strong,buttons,7,left,L1,,,,571,0,0,0,,
P36,en,1,pair,21,0,0,0,v6_pair_0a26430948_1.mp4,en,rav04,hap,AV_pair,L:E|R:H,H_vs_E@normal,buttons,7,right,R1,,,,823,0,0,0,,
P36,en,1,pair,22,0,0,0,v6_pair_4a472014db_2.mp4,en,rav06,ang,AV_pair,L:H|R:E,H_vs_E@strong,buttons,7,left,L1,,,,993,0,0,0,,
P36,en,1,pair,23,0,0,0,v6_pair_417168a67a_2.mp4,en,rav20,fear,AV_pair,L:H|R:R,H_vs_R@strong,buttons,7,same,S0,,,,473,0,0,0,,
P36,en,1,pair,24,0,0,0,v6_pair_13ae59e46d_2.mp4,en,rav02,dis,AV_pair,L:H|R:E,H_vs_E@strong,buttons,7,same,S0,,,,482,0,0,0,,
P36,en,1,pair,25,0,0,0,v6_pair_0c8482b715_1.mp4,en,rav02,ang,AV_pair,L:E|R:H,H_vs_E@normal,buttons,7,same,S0,,,,399,0,0,0,,
P36,en,1,pair,26,0,0,0,v6_pair_33e30e2c1d_2.mp4,en,rav02,dis,AV_pair,L:H|R:E,H_vs_E@normal,buttons,7,left,L1,,,,653,0,0,0,,
P36,en,1,pair,27,0,0,0,v6_pair_97e6c7f1ce_2.mp4,en,rav18,dis,AV_pair,L:H|R:E,H_vs_E@normal,buttons,7,left,L1,,,,435,0,0,0,,
P36,en,1,pair,28,0,0,0,v6_pair_53e6c4770b_2.mp4,en,rav14,hap,AV_pair,L:H|R:E,H_vs_E@strong,buttons,7,left,L2,,,,591,0,0,0,,
P36,en,1,pair,29,0,0,0,v6_pair_dc983160dd_2.mp4,en,rav02,ang,AV_pair,L:H|R:R,H_vs_R@strong,buttons,7,right,R1,,,,2241,0,0,0,,
P36,en,1,pair,30,0,0,0,v6_pair_58bfd0c96b_1.mp4,en,rav24,dis,AV_pair,L:R|R:H,H_vs_R@strong,buttons,7,right,R1,,,,438,0,0,0,,
P36,en,1,pair,31,0,0,0,v6_pair_6f570415b8_2.mp4,en,rav12,fear,AV_pair,L:H|R:R,H_vs_R@strong,buttons,7,right,R1,,,,692,0,0,0,,
P36,en,1,pair_catch,32,0,1,0,v6_catch_6f7a8a44b1_1.mp4,en,rav10,hap,AV_pair,L:H|R:still,correct:left,buttons,2,left,left,,,,2361,0,0,0,1,1
P36,en,1,pair,33,0,0,0,v6_pair_e86b22f765_2.mp4,en,rav24,dis,AV_pair,L:H|R:E,H_vs_E@normal,buttons,7,right,R1,,,,1417,0,0,0,,
P36,en,1,pair,34,0,0,0,v6_pair_3961b3142e_1.mp4,en,rav20,fear,AV_pair,L:E|R:H,H_vs_E@strong,buttons,7,same,S0,,,,685,0,0,0,,
P36,en,1,pair,35,0,0,0,v6_pair_5caed2de25_2.mp4,en,rav06,ang,AV_pair,L:H|R:E,H_vs_E@normal,buttons,7,left,L2,,,,819,0,0,0,,
P36,en,1,pair,36,0,0,0,v6_pair_d81bffa4be_1.mp4,en,rav02,ang,AV_pair,L:E|R:H,H_vs_E@strong,buttons,7,right,R1,,,,670,0,0,0,,
P36,en,1,pair,37,0,0,0,v6_pair_fb8e3dd060_1.mp4,en,rav08,ang,AV_pair,L:E|R:H,H_vs_E@normal,buttons,7,right,R1,,,,626,0,0,0,,
P36,en,1,pair,38,0,0,0,v6_pair_c12bac8692_1.mp4,en,rav08,ang,AV_pair,L:E|R:H,H_vs_E@strong,buttons,7,left,L1,,,,590,0,0,0,,
P36,en,1,pair,39,0,0,0,v6_pair_3b7f4443aa_1.mp4,en,rav12,fear,AV_pair,L:E|R:H,H_vs_E@normal,buttons,7,right,R1,,,,536,0,0,0,,
P36,en,1,pair,40,0,0,0,v6_pair_faec1498b7_2.mp4,en,rav08,ang,AV_pair,L:H|R:R,H_vs_R@strong,buttons,7,left,L1,,,,643,0,0,0,,
P36,en,1,pair,41,0,0,0,v6_pair_5adfe6a4bd_1.mp4,en,rav20,fear,AV_pair,L:E|R:H,H_vs_E@normal,buttons,7,same,S0,,,,437,0,0,0,,
P36,en,1,pair,42,0,0,0,v6_pair_c38e9eb491_2.mp4,en,rav18,dis,AV_pair,L:H|R:E,H_vs_E@strong,buttons,7,left,L2,,,,590,0,0,0,,
P36,en,1,pair,43,0,0,0,v6_pair_7ef69736a7_1.mp4,en,rav18,dis,AV_pair,L:R|R:H,H_vs_R@strong,buttons,7,right,R2,,,,663,0,0,0,,
P36,en,1,pair,44,0,0,0,v6_pair_1fc4717f31_1.mp4,en,rav16,hap,AV_pair,L:E|R:H,H_vs_E@normal,buttons,7,right,R1,,,,542,0,0,0,,
P36,en,1,pair_ml,45,0,0,0,v6_pair_ml_afa28cd8ae_2.mp4,jp,jp_hap_short_sentence,hap,AV_pair,L:L|R:E,L_vs_E@jp,buttons,7,right,R1,,,,6426,0,0,0,,
P36,en,1,pair_ml,46,0,0,0,v6_pair_ml_44c920798b_2.mp4,en,en_ang_short_sentence,ang,AV_pair,L:L|R:E,L_vs_E@en,buttons,7,left,L1,,,,812,0,0,0,,
P36,en,1,pair_ml,47,0,0,0,v6_pair_ml_c3519312c6_1.mp4,jp,jp_hap_short_sentence,hap,AV_pair,L:Lrev|R:L,L_vs_Lrev@jp,buttons,7,right,R1,,,,907,0,0,0,,
P36,en,1,pair_ml,48,0,0,0,v6_pair_ml_7e3e5bb20d_1.mp4,cn,0002_000488,ang,AV_pair,L:E|R:L,L_vs_E@cn,buttons,7,left,L2,,,,786,0,0,0,,
P36,en,1,pair_ml,49,0,0,0,v6_pair_ml_97c8810aa2_2.mp4,en,en_hap_short_sentence,hap,AV_pair,L:L|R:Lrev,L_vs_Lrev@en,buttons,7,left,L1,,,,969,0,0,0,,
P36,en,1,pair_ml,50,0,0,0,v6_pair_ml_4fc1e0e0d1_1.mp4,jp,jp_sad_short_sentence,sad,AV_pair,L:E|R:L,L_vs_E@jp,buttons,7,right,R1,,,,636,0,0,0,,
P36,en,1,pair_ml,51,0,0,0,v6_pair_ml_c4711cd80a_2.mp4,cn,0002_000488,ang,AV_pair,L:L|R:Lrev,L_vs_Lrev@cn,buttons,7,same,S0,,,,428,0,0,0,,
P36,en,1,pair_ml,52,0,0,0,v6_pair_ml_1780ae57a3_2.mp4,jp,jp_sad_short_sentence,sad,AV_pair,L:L|R:Lrev,L_vs_Lrev@jp,buttons,7,left,L1,,,,681,0,0,0,,
P36,en,1,pair_ml,53,0,0,0,v6_pair_ml_9b2f256f7d_2.mp4,cn,0002_000838,hap,AV_pair,L:L|R:E,L_vs_E@cn,buttons,7,same,S0,,,,598,0,0,0,,
P36,en,1,pair_ml,54,0,0,0,v6_pair_ml_d921b78eb4_1.mp4,jp,jp_ang_short_sentence,ang,AV_pair,L:E|R:L,L_vs_E@jp,buttons,7,right,R1,,,,564,0,0,0,,
P36,en,1,pair_ml,55,0,0,0,v6_pair_ml_f26827db2f_1.mp4,en,en_hap_short_sentence,hap,AV_pair,L:E|R:L,L_vs_E@en,buttons,7,right,R1,,,,659,0,0,0,,
P36,en,1,pair_ml,56,0,0,0,v6_pair_ml_d5ab099d51_1.mp4,cn,0002_001188,sad,AV_pair,L:E|R:L,L_vs_E@cn,buttons,7,same,S0,,,,535,0,0,0,,
P36,en,1,pair_ml,57,0,0,0,v6_pair_ml_e5fa8f451a_1.mp4,en,en_ang_short_sentence,ang,AV_pair,L:Lrev|R:L,L_vs_Lrev@en,buttons,7,same,S0,,,,660,0,0,0,,
P36,en,1,pair_ml,58,0,0,0,v6_pair_ml_d6dd46665d_2.mp4,cn,0002_001188,sad,AV_pair,L:L|R:Lrev,L_vs_Lrev@cn,buttons,7,right,R1,,,,653,0,0,0,,
P36,en,1,pair_ml,59,0,0,0,v6_pair_ml_0bc71a1be9_2.mp4,jp,jp_ang_short_sentence,ang,AV_pair,L:L|R:Lrev,L_vs_Lrev@jp,buttons,7,left,L1,,,,740,0,0,0,,
P36,en,1,pair_ml,60,0,0,0,v6_pair_ml_98df03baec_2.mp4,en,en_sad_short_sentence,sad,AV_pair,L:L|R:E,L_vs_E@en,buttons,7,same,S0,,,,426,0,0,0,,
P36,en,1,pair_ml,61,0,0,0,v6_pair_ml_a717ea56f4_1.mp4,cn,0002_000838,hap,AV_pair,L:Lrev|R:L,L_vs_Lrev@cn,buttons,7,left,L1,,,,688,0,0,0,,
P36,en,1,pair_ml,62,0,0,0,v6_pair_ml_506942a631_1.mp4,en,en_sad_short_sentence,sad,AV_pair,L:Lrev|R:L,L_vs_Lrev@en,buttons,7,same,S0,,,,583,0,0,0,,
P36,en,1,pair_mute,63,0,0,0,v6_pair_mute_30ad4160ab_1.mp4,en,rav18,dis,AV_pair,L:E|R:H,mute:H_vs_E@strong,buttons,7,right,R1,,,,1624,0,0,0,,
P36,en,1,pair_mute,64,0,0,0,v6_pair_mute_555cc59e4b_1.mp4,en,rav10,fear,AV_pair,L:E|R:H,mute:H_vs_E@strong,buttons,7,right,R1,,,,462,0,0,0,,
P36,en,1,pair_mute,65,0,0,0,v6_pair_mute_005d45f10b_2.mp4,en,rav06,ang,AV_pair,L:H|R:E,mute:H_vs_E@strong,buttons,7,left,L2,,,,459,0,0,0,,
P36,en,1,pair_mute,66,0,0,0,v6_pair_mute_39140f1f71_1.mp4,en,rav04,hap,AV_pair,L:E|R:H,mute:H_vs_E@strong,buttons,7,right,R3,,,,853,0,0,0,,
P36,en,1,pair_mute,67,0,0,0,v6_pair_mute_250e7890e4_2.mp4,en,rav20,fear,AV_pair,L:H|R:E,mute:H_vs_E@strong,buttons,7,left,L1,,,,1237,0,0,0,,
P36,en,1,pair_mute,68,0,0,0,v6_pair_mute_3b6fa3b207_2.mp4,en,rav16,hap,AV_pair,L:H|R:E,mute:H_vs_E@strong,buttons,7,left,L1,,,,520,0,0,0,,
P36,en,1,voice_only,69,0,0,0,v6_voice_17e973c755_1.mp4,en,rav14,hap,voice_only,voice:strong,voice_check,buttons,7,,fear,4,,,4426,0,0,0,0,
P36,en,1,voice_only,70,0,0,0,v6_voice_a66c973128_1.mp4,en,rav06,ang,voice_only,voice:normal,voice_check,buttons,7,,ang,5,,,826,0,0,0,1,
P36,en,1,voice_only,71,0,0,0,v6_voice_aaea5d0aab_1.mp4,en,rav12,fear,voice_only,voice:strong,voice_check,buttons,7,,fear,5,,,853,0,0,0,1,
P36,en,1,voice_only,72,0,0,0,v6_voice_50a83a8476_1.mp4,en,rav18,dis,voice_only,voice:normal,voice_check,buttons,7,,dis,5,,,795,0,0,0,1,
P36,en,1,voice_only,73,0,0,0,v6_voice_5daeb1533f_1.mp4,en,rav04,hap,voice_only,voice:strong,voice_check,buttons,7,,dis,3,,,2314,0,0,0,0,
P36,en,1,voice_only,74,0,0,0,v6_voice_fb11565c01_1.mp4,en,rav20,fear,voice_only,voice:normal,voice_check,buttons,7,,sad,4,,,787,0,0,0,0,
P36,en,1,voice_only,75,0,0,0,v6_voice_08aabec890_1.mp4,en,rav06,ang,voice_only,voice:strong,voice_check,buttons,7,,ang,7,,,1428,0,0,0,1,
P36,en,1,voice_only,76,0,0,0,v6_voice_cd8f85d3b2_1.mp4,en,rav04,hap,voice_only,voice:normal,voice_check,buttons,7,,neu,,,,1807,0,0,0,0,
P36,en,1,voice_only,77,0,0,0,v6_voice_70e2096718_1.mp4,en,rav20,fear,voice_only,voice:strong,voice_check,buttons,7,,fear,6,,,1233,0,0,0,1,
P36,en,1,voice_only,78,0,0,0,v6_voice_214566cf57_1.mp4,en,rav14,hap,voice_only,voice:normal,voice_check,buttons,7,,hap,4,,,773,0,0,0,1,
P36,en,1,voice_only,79,0,0,0,v6_voice_b0cfac7f4c_1.mp4,en,rav18,dis,voice_only,voice:strong,voice_check,buttons,7,,dis,5,,,757,0,0,0,1,
P36,en,1,voice_only,80,0,0,0,v6_voice_7642129e05_1.mp4,en,rav12,fear,voice_only,voice:normal,voice_check,buttons,7,,sad,2,,,844,0,0,0,0,
P37,jp,1,single,0,0,0,0,v6_single_739783e84d_3.mp4,en,rav10,fear,AV,,,buttons,7,,sad,2,6,,3349,0,0,0,0,
P37,jp,1,single,1,0,0,0,v6_single_24bf624e7d_1.mp4,en,rav16,hap,AV,,,buttons,7,,neu,,3,,13673,0,0,0,0,
P37,jp,1,single,2,0,0,0,v6_single_7b8afe562a_2.mp4,en,rav06,ang,AV,,,buttons,7,,ang,6,5,,1703,0,0,0,1,
P37,jp,1,single,3,0,0,0,v6_single_76ee15a092_1.mp4,en,rav04,hap,AV,,,buttons,7,,hap,3,4,,11559,0,0,0,1,
P37,jp,1,single,4,0,0,0,v6_single_a721e1869f_2.mp4,en,rav18,dis,AV,,,buttons,7,,dis,5,3,,12261,0,0,0,1,
P37,jp,1,single,5,0,0,0,v6_single_802ffa53c5_3.mp4,en,rav20,fear,AV,,,buttons,7,,fear,6,5,,16337,0,0,0,1,
P37,jp,1,practice,6,1,0,0,v6_practice_85af89ed95_2.mp4,en,rav10,hap,AV_pair,L:H|R:E,practice:H_vs_E@strong,buttons,7,left,L1,,,,692,3,0,0,,
P37,jp,1,practice,7,1,0,0,v6_practice_cd0abf6ffd_1.mp4,en,rav22,ang,AV_pair,L:E|R:H,practice:H_vs_E@strong,buttons,7,right,R2,,,,1614,1,0,0,,
P37,jp,1,pair,8,0,0,0,v6_pair_417168a67a_2.mp4,en,rav20,fear,AV_pair,L:H|R:R,H_vs_R@strong,buttons,7,right,R2,,,,1692,0,0,0,,
P37,jp,1,pair,9,0,0,0,v6_pair_4a472014db_2.mp4,en,rav06,ang,AV_pair,L:H|R:E,H_vs_E@strong,buttons,7,left,L2,,,,1275,0,0,0,,
P37,jp,1,pair,10,0,0,0,v6_pair_db8f08e27f_2.mp4,en,rav10,fear,AV_pair,L:H|R:E,H_vs_E@normal,buttons,7,same,S0,,,,3071,0,0,0,,
P37,jp,1,pair,11,0,0,0,v6_pair_3b7f4443aa_1.mp4,en,rav12,fear,AV_pair,L:E|R:H,H_vs_E@normal,buttons,7,right,R1,,,,2103,0,0,0,,
P37,jp,1,pair,12,0,0,0,v6_pair_8073668068_1.mp4,en,rav02,dis,AV_pair,L:R|R:H,H_vs_R@strong,buttons,7,left,L1,,,,4504,0,0,0,,
P37,jp,1,pair,13,0,0,0,v6_pair_fb8e3dd060_1.mp4,en,rav08,ang,AV_pair,L:E|R:H,H_vs_E@normal,buttons,7,same,S0,,,,1859,0,0,0,,
P37,jp,1,pair,14,0,0,0,v6_pair_d3f0adc106_1.mp4,en,rav10,fear,AV_pair,L:R|R:H,H_vs_R@strong,buttons,7,right,R1,,,,3784,4,0,0,,
P37,jp,1,pair,15,0,0,0,v6_pair_0a26430948_1.mp4,en,rav04,hap,AV_pair,L:E|R:H,H_vs_E@normal,buttons,7,right,R2,,,,938,1,0,0,,
P37,jp,1,pair,16,0,0,0,v6_pair_d81bffa4be_1.mp4,en,rav02,ang,AV_pair,L:E|R:H,H_vs_E@strong,buttons,7,right,R1,,,,1854,0,0,0,,
P37,jp,1,pair,17,0,0,0,v6_pair_5caed2de25_2.mp4,en,rav06,ang,AV_pair,L:H|R:E,H_vs_E@normal,buttons,7,right,R2,,,,2646,0,0,0,,
P37,jp,1,pair,18,0,0,0,v6_pair_33e30e2c1d_2.mp4,en,rav02,dis,AV_pair,L:H|R:E,H_vs_E@normal,buttons,7,same,S0,,,,693,0,0,0,,
P37,jp,1,pair,19,0,0,0,v6_pair_87b373e751_1.mp4,en,rav16,hap,AV_pair,L:E|R:H,H_vs_E@strong,buttons,7,right,R2,,,,1619,0,0,0,,
P37,jp,1,pair,20,0,0,0,v6_pair_1fc4717f31_1.mp4,en,rav16,hap,AV_pair,L:E|R:H,H_vs_E@normal,buttons,7,right,R2,,,,2980,0,0,0,,
P37,jp,1,pair,21,0,0,0,v6_pair_e86b22f765_2.mp4,en,rav24,dis,AV_pair,L:H|R:E,H_vs_E@normal,buttons,7,right,R2,,,,1424,2,0,0,,
P37,jp,1,pair,22,0,0,0,v6_pair_6f570415b8_2.mp4,en,rav12,fear,AV_pair,L:H|R:R,H_vs_R@strong,buttons,7,left,L1,,,,1588,2,0,0,,
P37,jp,1,pair,23,0,0,0,v6_pair_f5403c44bd_2.mp4,en,rav16,hap,AV_pair,L:H|R:R,H_vs_R@strong,buttons,7,right,R2,,,,734,0,0,0,,
P37,jp,1,pair,24,0,0,0,v6_pair_5adfe6a4bd_1.mp4,en,rav20,fear,AV_pair,L:E|R:H,H_vs_E@normal,buttons,7,same,S0,,,,858,1,0,0,,
P37,jp,1,pair,25,0,0,0,v6_pair_13ae59e46d_2.mp4,en,rav02,dis,AV_pair,L:H|R:E,H_vs_E@strong,buttons,7,right,R1,,,,1265,1,0,0,,
P37,jp,1,pair,26,0,0,0,v6_pair_93629a9394_1.mp4,en,rav06,ang,AV_pair,L:R|R:H,H_vs_R@strong,buttons,7,right,R2,,,,1101,1,0,0,,
P37,jp,1,pair,27,0,0,0,v6_pair_7697f115bc_1.mp4,en,rav12,fear,AV_pair,L:E|R:H,H_vs_E@strong,buttons,7,right,R2,,,,1200,1,0,0,,
P37,jp,1,pair,28,0,0,0,v6_pair_a97dec2f4e_1.mp4,en,rav14,hap,AV_pair,L:R|R:H,H_vs_R@strong,buttons,7,same,S0,,,,983,5,0,0,,
P37,jp,1,pair,29,0,0,0,v6_pair_23d7c570a2_1.mp4,en,rav04,hap,AV_pair,L:E|R:H,H_vs_E@strong,buttons,7,left,L2,,,,7249,2,0,0,,
P37,jp,1,pair,30,0,0,0,v6_pair_97e6c7f1ce_2.mp4,en,rav18,dis,AV_pair,L:H|R:E,H_vs_E@normal,buttons,7,left,L1,,,,1025,3,0,0,,
P37,jp,1,pair_catch,31,0,1,0,v6_catch_6f7a8a44b1_1.mp4,en,rav10,hap,AV_pair,L:H|R:still,correct:left,buttons,2,left,left,,,,1455,1,0,0,1,1
P37,jp,1,pair,32,0,0,0,v6_pair_3961b3142e_1.mp4,en,rav20,fear,AV_pair,L:E|R:H,H_vs_E@strong,buttons,7,same,S0,,,,1118,1,0,0,,
P37,jp,1,pair,33,0,0,0,v6_pair_c38e9eb491_2.mp4,en,rav18,dis,AV_pair,L:H|R:E,H_vs_E@strong,buttons,7,left,L1,,,,2569,2,0,0,,
P37,jp,1,pair,34,0,0,0,v6_pair_e5c0cf4a07_2.mp4,en,rav04,hap,AV_pair,L:H|R:R,H_vs_R@strong,buttons,7,same,S0,,,,1377,0,0,0,,
P37,jp,1,pair,35,0,0,0,v6_pair_69a37819e2_2.mp4,en,rav10,fear,AV_pair,L:H|R:E,H_vs_E@strong,buttons,7,same,S0,,,,1829,3,0,0,,
P37,jp,1,pair,36,0,0,0,v6_pair_faec1498b7_2.mp4,en,rav08,ang,AV_pair,L:H|R:R,H_vs_R@strong,buttons,7,right,R2,,,,1823,1,0,0,,
P37,jp,1,pair,37,0,0,0,v6_pair_dc983160dd_2.mp4,en,rav02,ang,AV_pair,L:H|R:R,H_vs_R@strong,buttons,7,right,R2,,,,1168,1,0,0,,
P37,jp,1,pair,38,0,0,0,v6_pair_0c7d060d5f_2.mp4,en,rav24,dis,AV_pair,L:H|R:E,H_vs_E@strong,buttons,7,same,S0,,,,3244,0,0,0,,
P37,jp,1,pair,39,0,0,0,v6_pair_53e6c4770b_2.mp4,en,rav14,hap,AV_pair,L:H|R:E,H_vs_E@strong,buttons,7,same,S0,,,,1619,0,0,0,,
P37,jp,1,pair,40,0,0,0,v6_pair_66fc12fdc8_2.mp4,en,rav14,hap,AV_pair,L:H|R:E,H_vs_E@normal,buttons,7,same,S0,,,,934,0,0,0,,
P37,jp,1,pair,41,0,0,0,v6_pair_7ef69736a7_1.mp4,en,rav18,dis,AV_pair,L:R|R:H,H_vs_R@strong,buttons,7,same,S0,,,,1563,1,0,0,,
P37,jp,1,pair,42,0,0,0,v6_pair_c12bac8692_1.mp4,en,rav08,ang,AV_pair,L:E|R:H,H_vs_E@strong,buttons,7,right,R2,,,,643,1,0,0,,
P37,jp,1,pair,43,0,0,0,v6_pair_0c8482b715_1.mp4,en,rav02,ang,AV_pair,L:E|R:H,H_vs_E@normal,buttons,7,same,S0,,,,696,1,0,0,,
P37,jp,1,pair,44,0,0,0,v6_pair_58bfd0c96b_1.mp4,en,rav24,dis,AV_pair,L:R|R:H,H_vs_R@strong,buttons,7,same,S0,,,,1100,1,0,0,,
P37,jp,1,pair_ml,45,0,0,0,v6_pair_ml_9b2f256f7d_2.mp4,cn,0002_000838,hap,AV_pair,L:L|R:E,L_vs_E@cn,buttons,7,right,R2,,,,1098,3,0,0,,
P37,jp,1,pair_ml,46,0,0,0,v6_pair_ml_0bc71a1be9_2.mp4,jp,jp_ang_short_sentence,ang,AV_pair,L:L|R:Lrev,L_vs_Lrev@jp,buttons,7,same,S0,,,,964,3,0,0,,
P37,jp,1,pair_ml,47,0,0,0,v6_pair_ml_98df03baec_2.mp4,en,en_sad_short_sentence,sad,AV_pair,L:L|R:E,L_vs_E@en,buttons,7,right,R2,,,,1442,3,0,0,,
P37,jp,1,pair_ml,48,0,0,0,v6_pair_ml_d921b78eb4_1.mp4,jp,jp_ang_short_sentence,ang,AV_pair,L:E|R:L,L_vs_E@jp,buttons,7,right,R2,,,,1398,2,0,0,,
P37,jp,1,pair_ml,49,0,0,0,v6_pair_ml_97c8810aa2_2.mp4,en,en_hap_short_sentence,hap,AV_pair,L:L|R:Lrev,L_vs_Lrev@en,buttons,7,same,S0,,,,900,3,0,0,,
P37,jp,1,pair_ml,50,0,0,0,v6_pair_ml_c4711cd80a_2.mp4,cn,0002_000488,ang,AV_pair,L:L|R:Lrev,L_vs_Lrev@cn,buttons,7,same,S0,,,,1905,2,0,0,,
P37,jp,1,pair_ml,51,0,0,0,v6_pair_ml_c3519312c6_1.mp4,jp,jp_hap_short_sentence,hap,AV_pair,L:Lrev|R:L,L_vs_Lrev@jp,buttons,7,same,S0,,,,2316,2,0,0,,
P37,jp,1,pair_ml,52,0,0,0,v6_pair_ml_d5ab099d51_1.mp4,cn,0002_001188,sad,AV_pair,L:E|R:L,L_vs_E@cn,buttons,7,left,L1,,,,1216,2,0,0,,
P37,jp,1,pair_ml,53,0,0,0,v6_pair_ml_afa28cd8ae_2.mp4,jp,jp_hap_short_sentence,hap,AV_pair,L:L|R:E,L_vs_E@jp,buttons,7,right,R2,,,,2244,2,0,0,,
P37,jp,1,pair_ml,54,0,0,0,v6_pair_ml_7e3e5bb20d_1.mp4,cn,0002_000488,ang,AV_pair,L:E|R:L,L_vs_E@cn,buttons,7,left,L1,,,,4710,1,0,0,,
P37,jp,1,pair_ml,55,0,0,0,v6_pair_ml_1780ae57a3_2.mp4,jp,jp_sad_short_sentence,sad,AV_pair,L:L|R:Lrev,L_vs_Lrev@jp,buttons,7,left,L1,,,,1281,1,0,0,,
P37,jp,1,pair_ml,56,0,0,0,v6_pair_ml_44c920798b_2.mp4,en,en_ang_short_sentence,ang,AV_pair,L:L|R:E,L_vs_E@en,buttons,7,same,S0,,,,1799,5,0,0,,
P37,jp,1,pair_ml,57,0,0,0,v6_pair_ml_4fc1e0e0d1_1.mp4,jp,jp_sad_short_sentence,sad,AV_pair,L:E|R:L,L_vs_E@jp,buttons,7,right,R1,,,,977,1,0,0,,
P37,jp,1,pair_ml,58,0,0,0,v6_pair_ml_f26827db2f_1.mp4,en,en_hap_short_sentence,hap,AV_pair,L:E|R:L,L_vs_E@en,buttons,7,left,L1,,,,2292,1,0,0,,
P37,jp,1,pair_ml,59,0,0,0,v6_pair_ml_d6dd46665d_2.mp4,cn,0002_001188,sad,AV_pair,L:L|R:Lrev,L_vs_Lrev@cn,buttons,7,left,L2,,,,1409,1,0,0,,
P37,jp,1,pair_ml,60,0,0,0,v6_pair_ml_e5fa8f451a_1.mp4,en,en_ang_short_sentence,ang,AV_pair,L:Lrev|R:L,L_vs_Lrev@en,buttons,7,same,S0,,,,1808,4,0,0,,
P37,jp,1,pair_ml,61,0,0,0,v6_pair_ml_a717ea56f4_1.mp4,cn,0002_000838,hap,AV_pair,L:Lrev|R:L,L_vs_Lrev@cn,buttons,7,same,S0,,,,935,3,0,0,,
P37,jp,1,pair_ml,62,0,0,0,v6_pair_ml_506942a631_1.mp4,en,en_sad_short_sentence,sad,AV_pair,L:Lrev|R:L,L_vs_Lrev@en,buttons,7,right,R1,,,,1316,5,0,0,,
P37,jp,1,pair_mute,63,0,0,0,v6_pair_mute_555cc59e4b_1.mp4,en,rav10,fear,AV_pair,L:E|R:H,mute:H_vs_E@strong,buttons,7,right,R2,,,,557,2,0,0,,
P37,jp,1,pair_mute,64,0,0,0,v6_pair_mute_3b6fa3b207_2.mp4,en,rav16,hap,AV_pair,L:H|R:E,mute:H_vs_E@strong,buttons,7,left,L2,,,,1016,0,0,0,,
P37,jp,1,pair_mute,65,0,0,0,v6_pair_mute_250e7890e4_2.mp4,en,rav20,fear,AV_pair,L:H|R:E,mute:H_vs_E@strong,buttons,7,same,S0,,,,915,1,0,0,,
P37,jp,1,pair_mute,66,0,0,0,v6_pair_mute_005d45f10b_2.mp4,en,rav06,ang,AV_pair,L:H|R:E,mute:H_vs_E@strong,buttons,7,same,S0,,,,1000,3,0,0,,
P37,jp,1,pair_mute,67,0,0,0,v6_pair_mute_30ad4160ab_1.mp4,en,rav18,dis,AV_pair,L:E|R:H,mute:H_vs_E@strong,buttons,7,left,L1,,,,6086,4,0,0,,
P37,jp,1,pair_mute,68,0,0,0,v6_pair_mute_39140f1f71_1.mp4,en,rav04,hap,AV_pair,L:E|R:H,mute:H_vs_E@strong,buttons,7,same,S0,,,,5062,1,0,0,,
P37,jp,1,voice_only,69,0,0,0,v6_voice_a66c973128_1.mp4,en,rav06,ang,voice_only,voice:normal,voice_check,buttons,7,,neu,,,,6975,1,0,0,0,
P37,jp,1,voice_only,70,0,0,0,v6_voice_aaea5d0aab_1.mp4,en,rav12,fear,voice_only,voice:strong,voice_check,buttons,7,,fear,7,,,5126,0,0,0,1,
P37,jp,1,voice_only,71,0,0,0,v6_voice_214566cf57_1.mp4,en,rav14,hap,voice_only,voice:normal,voice_check,buttons,7,,sur,5,,,1055,3,0,0,0,
P37,jp,1,voice_only,72,0,0,0,v6_voice_70e2096718_1.mp4,en,rav20,fear,voice_only,voice:strong,voice_check,buttons,7,,sad,7,,,4703,0,0,0,0,
P37,jp,1,voice_only,73,0,0,0,v6_voice_50a83a8476_1.mp4,en,rav18,dis,voice_only,voice:normal,voice_check,buttons,7,,dis,5,,,9494,0,0,0,1,
P37,jp,1,voice_only,74,0,0,0,v6_voice_08aabec890_1.mp4,en,rav06,ang,voice_only,voice:strong,voice_check,buttons,7,,ang,7,,,471,0,0,0,1,
P37,jp,1,voice_only,75,0,0,0,v6_voice_cd8f85d3b2_1.mp4,en,rav04,hap,voice_only,voice:normal,voice_check,buttons,7,,neu,,,,967,0,0,0,0,
P37,jp,1,voice_only,76,0,0,0,v6_voice_b0cfac7f4c_1.mp4,en,rav18,dis,voice_only,voice:strong,voice_check,buttons,7,,dis,6,,,5775,0,0,0,1,
P37,jp,1,voice_only,77,0,0,0,v6_voice_fb11565c01_1.mp4,en,rav20,fear,voice_only,voice:normal,voice_check,buttons,7,,sad,5,,,1068,0,0,0,0,
P37,jp,1,voice_only,78,0,0,0,v6_voice_5daeb1533f_1.mp4,en,rav04,hap,voice_only,voice:strong,voice_check,buttons,7,,neu,,,,1838,0,0,0,0,
P37,jp,1,voice_only,79,0,0,0,v6_voice_7642129e05_1.mp4,en,rav12,fear,voice_only,voice:normal,voice_check,buttons,7,,sur,5,,,9020,0,0,0,0,
P37,jp,1,voice_only,80,0,0,0,v6_voice_17e973c755_1.mp4,en,rav14,hap,voice_only,voice:strong,voice_check,buttons,7,,hap,5,,,6241,1,0,0,1,
P38,jp,1,single,0,0,0,0,v6_single_802ffa53c5_2.mp4,en,rav20,fear,AV,,,buttons,7,,fear,4,3,,3160,1,1,0,1,
P38,jp,1,single,1,0,0,0,v6_single_a721e1869f_1.mp4,en,rav18,dis,AV,,,buttons,7,,neu,,5,,3246,0,0,0,0,
P38,jp,1,single,2,0,0,0,v6_single_24bf624e7d_3.mp4,en,rav16,hap,AV,,,buttons,7,,neu,,3,,4818,0,0,0,0,
P38,jp,1,single,3,0,0,0,v6_single_7b8afe562a_1.mp4,en,rav06,ang,AV,,,buttons,7,,ang,5,3,,1799,0,0,0,1,
P38,jp,1,single,4,0,0,0,v6_single_739783e84d_2.mp4,en,rav10,fear,AV,,,buttons,7,,sad,6,5,,1369,0,0,0,0,
P38,jp,1,single,5,0,0,0,v6_single_76ee15a092_3.mp4,en,rav04,hap,AV,,,buttons,7,,hap,3,4,,1819,0,0,0,1,
P38,jp,1,practice,6,1,0,0,v6_practice_85af89ed95_1.mp4,en,rav10,hap,AV_pair,L:E|R:H,practice:H_vs_E@strong,buttons,7,right,R1,,,,1023,2,0,0,,
P38,jp,1,practice,7,1,0,0,v6_practice_cd0abf6ffd_2.mp4,en,rav22,ang,AV_pair,L:H|R:E,practice:H_vs_E@strong,buttons,7,left,L1,,,,1293,1,0,0,,
P38,jp,1,pair,8,0,0,0,v6_pair_8073668068_2.mp4,en,rav02,dis,AV_pair,L:H|R:R,H_vs_R@strong,buttons,7,left,L1,,,,1355,2,0,0,,
P38,jp,1,pair,9,0,0,0,v6_pair_1fc4717f31_2.mp4,en,rav16,hap,AV_pair,L:H|R:E,H_vs_E@normal,buttons,7,right,R2,,,,1108,0,0,0,,
P38,jp,1,pair,10,0,0,0,v6_pair_c12bac8692_2.mp4,en,rav08,ang,AV_pair,L:H|R:E,H_vs_E@strong,buttons,7,left,L1,,,,1023,1,0,0,,
P38,jp,1,pair,11,0,0,0,v6_pair_db8f08e27f_1.mp4,en,rav10,fear,AV_pair,L:E|R:H,H_vs_E@normal,buttons,7,right,R1,,,,1113,1,0,0,,
P38,jp,1,pair,12,0,0,0,v6_pair_7697f115bc_2.mp4,en,rav12,fear,AV_pair,L:H|R:E,H_vs_E@strong,buttons,7,left,L2,,,,1390,0,0,0,,
P38,jp,1,pair,13,0,0,0,v6_pair_0c8482b715_2.mp4,en,rav02,ang,AV_pair,L:H|R:E,H_vs_E@normal,buttons,7,left,L1,,,,2343,2,0,0,,
P38,jp,1,pair,14,0,0,0,v6_pair_3961b3142e_2.mp4,en,rav20,fear,AV_pair,L:H|R:E,H_vs_E@strong,buttons,7,left,L2,,,,5898,0,0,0,,
P38,jp,1,pair,15,0,0,0,v6_pair_d81bffa4be_2.mp4,en,rav02,ang,AV_pair,L:H|R:E,H_vs_E@strong,buttons,7,left,L1,,,,4063,0,0,0,,
P38,jp,1,pair,16,0,0,0,v6_pair_faec1498b7_1.mp4,en,rav08,ang,AV_pair,L:R|R:H,H_vs_R@strong,buttons,7,left,L1,,,,1120,1,0,0,,
P38,jp,1,pair,17,0,0,0,v6_pair_33e30e2c1d_1.mp4,en,rav02,dis,AV_pair,L:E|R:H,H_vs_E@normal,buttons,7,same,S0,,,,1852,0,0,0,,
P38,jp,1,pair,18,0,0,0,v6_pair_87b373e751_2.mp4,en,rav16,hap,AV_pair,L:H|R:E,H_vs_E@strong,buttons,7,left,L1,,,,1245,1,1,0,,
P38,jp,1,pair,19,0,0,0,v6_pair_a97dec2f4e_2.mp4,en,rav14,hap,AV_pair,L:H|R:R,H_vs_R@strong,buttons,7,left,L1,,,,916,0,0,0,,
P38,jp,1,pair,20,0,0,0,v6_pair_417168a67a_1.mp4,en,rav20,fear,AV_pair,L:R|R:H,H_vs_R@strong,buttons,7,left,L1,,,,1007,1,1,0,,
P38,jp,1,pair,21,0,0,0,v6_pair_4a472014db_1.mp4,en,rav06,ang,AV_pair,L:E|R:H,H_vs_E@strong,buttons,7,left,L2,,,,1186,0,0,0,,
P38,jp,1,pair,22,0,0,0,v6_pair_f5403c44bd_1.mp4,en,rav16,hap,AV_pair,L:R|R:H,H_vs_R@strong,buttons,7,right,R1,,,,990,0,0,0,,
P38,jp,1,pair,23,0,0,0,v6_pair_fb8e3dd060_2.mp4,en,rav08,ang,AV_pair,L:H|R:E,H_vs_E@normal,buttons,7,right,R1,,,,812,2,0,0,,
P38,jp,1,pair,24,0,0,0,v6_pair_7ef69736a7_2.mp4,en,rav18,dis,AV_pair,L:H|R:R,H_vs_R@strong,buttons,7,left,L1,,,,1148,1,0,0,,
P38,jp,1,pair,25,0,0,0,v6_pair_5caed2de25_1.mp4,en,rav06,ang,AV_pair,L:E|R:H,H_vs_E@normal,buttons,7,same,S0,,,,916,1,0,0,,
P38,jp,1,pair,26,0,0,0,v6_pair_13ae59e46d_1.mp4,en,rav02,dis,AV_pair,L:E|R:H,H_vs_E@strong,buttons,7,right,R1,,,,1152,0,0,0,,
P38,jp,1,pair_catch,27,0,1,0,v6_catch_6f7a8a44b1_2.mp4,en,rav10,hap,AV_pair,L:still|R:H,correct:right,buttons,2,right,right,,,,2148,0,0,0,1,1
P38,jp,1,pair,28,0,0,0,v6_pair_3b7f4443aa_2.mp4,en,rav12,fear,AV_pair,L:H|R:E,H_vs_E@normal,buttons,7,right,R2,,,,943,1,0,0,,
P38,jp,1,pair,29,0,0,0,v6_pair_58bfd0c96b_2.mp4,en,rav24,dis,AV_pair,L:H|R:R,H_vs_R@strong,buttons,7,left,L2,,,,950,1,0,0,,
P38,jp,1,pair,30,0,0,0,v6_pair_e86b22f765_1.mp4,en,rav24,dis,AV_pair,L:E|R:H,H_vs_E@normal,buttons,7,same,S0,,,,1352,0,0,0,,
P38,jp,1,pair,31,0,0,0,v6_pair_53e6c4770b_1.mp4,en,rav14,hap,AV_pair,L:E|R:H,H_vs_E@strong,buttons,7,right,R1,,,,983,0,0,0,,
P38,jp,1,pair,32,0,0,0,v6_pair_66fc12fdc8_1.mp4,en,rav14,hap,AV_pair,L:E|R:H,H_vs_E@normal,buttons,7,right,R1,,,,1051,1,0,0,,
P38,jp,1,pair,33,0,0,0,v6_pair_0c7d060d5f_1.mp4,en,rav24,dis,AV_pair,L:E|R:H,H_vs_E@strong,buttons,7,left,L1,,,,1402,0,0,0,,
P38,jp,1,pair,34,0,0,0,v6_pair_97e6c7f1ce_1.mp4,en,rav18,dis,AV_pair,L:E|R:H,H_vs_E@normal,buttons,7,right,R1,,,,1151,0,0,0,,
P38,jp,1,pair,35,0,0,0,v6_pair_23d7c570a2_2.mp4,en,rav04,hap,AV_pair,L:H|R:E,H_vs_E@strong,buttons,7,left,L1,,,,1043,1,0,0,,
P38,jp,1,pair,36,0,0,0,v6_pair_5adfe6a4bd_2.mp4,en,rav20,fear,AV_pair,L:H|R:E,H_vs_E@normal,buttons,7,left,L1,,,,1241,1,0,0,,
P38,jp,1,pair,37,0,0,0,v6_pair_0a26430948_2.mp4,en,rav04,hap,AV_pair,L:H|R:E,H_vs_E@normal,buttons,7,right,R1,,,,1282,0,0,0,,
P38,jp,1,pair,38,0,0,0,v6_pair_dc983160dd_1.mp4,en,rav02,ang,AV_pair,L:R|R:H,H_vs_R@strong,buttons,7,left,L1,,,,940,0,0,0,,
P38,jp,1,pair,39,0,0,0,v6_pair_6f570415b8_1.mp4,en,rav12,fear,AV_pair,L:R|R:H,H_vs_R@strong,buttons,7,right,R2,,,,2908,0,0,0,,
P38,jp,1,pair,40,0,0,0,v6_pair_69a37819e2_1.mp4,en,rav10,fear,AV_pair,L:E|R:H,H_vs_E@strong,buttons,7,right,R1,,,,1024,0,0,0,,
P38,jp,1,pair,41,0,0,0,v6_pair_e5c0cf4a07_1.mp4,en,rav04,hap,AV_pair,L:R|R:H,H_vs_R@strong,buttons,7,right,R2,,,,1130,0,0,0,,
P38,jp,1,pair,42,0,0,0,v6_pair_c38e9eb491_1.mp4,en,rav18,dis,AV_pair,L:E|R:H,H_vs_E@strong,buttons,7,left,L1,,,,1793,1,0,0,,
P38,jp,1,pair,43,0,0,0,v6_pair_93629a9394_2.mp4,en,rav06,ang,AV_pair,L:H|R:R,H_vs_R@strong,buttons,7,left,L1,,,,3548,0,0,0,,
P38,jp,1,pair,44,0,0,0,v6_pair_d3f0adc106_2.mp4,en,rav10,fear,AV_pair,L:H|R:R,H_vs_R@strong,buttons,7,left,L1,,,,1153,1,0,0,,
P38,jp,1,pair_ml,45,0,0,0,v6_pair_ml_d921b78eb4_2.mp4,jp,jp_ang_short_sentence,ang,AV_pair,L:L|R:E,L_vs_E@jp,buttons,7,right,R1,,,,1248,2,0,0,,
P38,jp,1,pair_ml,46,0,0,0,v6_pair_ml_97c8810aa2_1.mp4,en,en_hap_short_sentence,hap,AV_pair,L:Lrev|R:L,L_vs_Lrev@en,buttons,7,left,L1,,,,1275,1,0,0,,
P38,jp,1,pair_ml,47,0,0,0,v6_pair_ml_c4711cd80a_1.mp4,cn,0002_000488,ang,AV_pair,L:Lrev|R:L,L_vs_Lrev@cn,buttons,7,left,L1,,,,2098,2,0,0,,
P38,jp,1,pair_ml,48,0,0,0,v6_pair_ml_98df03baec_1.mp4,en,en_sad_short_sentence,sad,AV_pair,L:E|R:L,L_vs_E@en,buttons,7,left,L1,,,,931,1,0,0,,
P38,jp,1,pair_ml,49,0,0,0,v6_pair_ml_a717ea56f4_2.mp4,cn,0002_000838,hap,AV_pair,L:L|R:Lrev,L_vs_Lrev@cn,buttons,7,left,L1,,,,871,0,0,0,,
P38,jp,1,pair_ml,50,0,0,0,v6_pair_ml_44c920798b_1.mp4,en,en_ang_short_sentence,ang,AV_pair,L:E|R:L,L_vs_E@en,buttons,7,left,L2,,,,1159,0,0,0,,
P38,jp,1,pair_ml,51,0,0,0,v6_pair_ml_1780ae57a3_1.mp4,jp,jp_sad_short_sentence,sad,AV_pair,L:Lrev|R:L,L_vs_Lrev@jp,buttons,7,left,L1,,,,1408,2,0,0,,
P38,jp,1,pair_ml,52,0,0,0,v6_pair_ml_f26827db2f_2.mp4,en,en_hap_short_sentence,hap,AV_pair,L:L|R:E,L_vs_E@en,buttons,7,left,L1,,,,916,0,0,0,,
P38,jp,1,pair_ml,53,0,0,0,v6_pair_ml_d5ab099d51_2.mp4,cn,0002_001188,sad,AV_pair,L:L|R:E,L_vs_E@cn,buttons,7,right,R2,,,,1280,0,0,0,,
P38,jp,1,pair_ml,54,0,0,0,v6_pair_ml_0bc71a1be9_1.mp4,jp,jp_ang_short_sentence,ang,AV_pair,L:Lrev|R:L,L_vs_Lrev@jp,buttons,7,right,R1,,,,1028,1,0,0,,
P38,jp,1,pair_ml,55,0,0,0,v6_pair_ml_9b2f256f7d_1.mp4,cn,0002_000838,hap,AV_pair,L:E|R:L,L_vs_E@cn,buttons,7,right,R1,,,,797,1,0,0,,
P38,jp,1,pair_ml,56,0,0,0,v6_pair_ml_4fc1e0e0d1_2.mp4,jp,jp_sad_short_sentence,sad,AV_pair,L:L|R:E,L_vs_E@jp,buttons,7,left,L1,,,,1097,1,0,0,,
P38,jp,1,pair_ml,57,0,0,0,v6_pair_ml_e5fa8f451a_2.mp4,en,en_ang_short_sentence,ang,AV_pair,L:L|R:Lrev,L_vs_Lrev@en,buttons,7,right,R1,,,,1056,1,0,0,,
P38,jp,1,pair_ml,58,0,0,0,v6_pair_ml_d6dd46665d_1.mp4,cn,0002_001188,sad,AV_pair,L:Lrev|R:L,L_vs_Lrev@cn,buttons,7,right,R1,,,,1080,0,0,0,,
P38,jp,1,pair_ml,59,0,0,0,v6_pair_ml_afa28cd8ae_1.mp4,jp,jp_hap_short_sentence,hap,AV_pair,L:E|R:L,L_vs_E@jp,buttons,7,right,R2,,,,1753,1,0,0,,
P38,jp,1,pair_ml,60,0,0,0,v6_pair_ml_506942a631_2.mp4,en,en_sad_short_sentence,sad,AV_pair,L:L|R:Lrev,L_vs_Lrev@en,buttons,7,left,L1,,,,1431,1,0,0,,
P38,jp,1,pair_ml,61,0,0,0,v6_pair_ml_c3519312c6_2.mp4,jp,jp_hap_short_sentence,hap,AV_pair,L:L|R:Lrev,L_vs_Lrev@jp,buttons,7,right,R1,,,,1007,0,0,0,,
P38,jp,1,pair_ml,62,0,0,0,v6_pair_ml_7e3e5bb20d_2.mp4,cn,0002_000488,ang,AV_pair,L:L|R:E,L_vs_E@cn,buttons,7,left,L1,,,,1282,0,0,0,,
P38,jp,1,pair_mute,63,0,0,0,v6_pair_mute_555cc59e4b_2.mp4,en,rav10,fear,AV_pair,L:H|R:E,mute:H_vs_E@strong,buttons,7,left,L1,,,,1739,1,0,0,,
P38,jp,1,pair_mute,64,0,0,0,v6_pair_mute_005d45f10b_1.mp4,en,rav06,ang,AV_pair,L:E|R:H,mute:H_vs_E@strong,buttons,7,right,R1,,,,1127,0,0,0,,
P38,jp,1,pair_mute,65,0,0,0,v6_pair_mute_250e7890e4_1.mp4,en,rav20,fear,AV_pair,L:E|R:H,mute:H_vs_E@strong,buttons,7,right,R1,,,,1085,1,0,0,,
P38,jp,1,pair_mute,66,0,0,0,v6_pair_mute_39140f1f71_2.mp4,en,rav04,hap,AV_pair,L:H|R:E,mute:H_vs_E@strong,buttons,7,left,L2,,,,1082,0,0,0,,
P38,jp,1,pair_mute,67,0,0,0,v6_pair_mute_30ad4160ab_2.mp4,en,rav18,dis,AV_pair,L:H|R:E,mute:H_vs_E@strong,buttons,7,same,S0,,,,966,0,0,0,,
P38,jp,1,pair_mute,68,0,0,0,v6_pair_mute_3b6fa3b207_1.mp4,en,rav16,hap,AV_pair,L:E|R:H,mute:H_vs_E@strong,buttons,7,right,R2,,,,792,0,0,0,,
P38,jp,1,voice_only,69,0,0,0,v6_voice_50a83a8476_1.mp4,en,rav18,dis,voice_only,voice:normal,voice_check,buttons,7,,sad,2,,,2865,1,0,0,0,
P38,jp,1,voice_only,70,0,0,0,v6_voice_5daeb1533f_1.mp4,en,rav04,hap,voice_only,voice:strong,voice_check,buttons,7,,hap,3,,,1564,0,0,0,1,
P38,jp,1,voice_only,71,0,0,0,v6_voice_fb11565c01_1.mp4,en,rav20,fear,voice_only,voice:normal,voice_check,buttons,7,,fear,5,,,2146,0,0,0,1,
P38,jp,1,voice_only,72,0,0,0,v6_voice_b0cfac7f4c_1.mp4,en,rav18,dis,voice_only,voice:strong,voice_check,buttons,7,,dis,3,,,3913,0,0,0,1,
P38,jp,1,voice_only,73,0,0,0,v6_voice_214566cf57_1.mp4,en,rav14,hap,voice_only,voice:normal,voice_check,buttons,7,,hap,2,,,1639,0,0,0,1,
P38,jp,1,voice_only,74,0,0,0,v6_voice_aaea5d0aab_1.mp4,en,rav12,fear,voice_only,voice:strong,voice_check,buttons,7,,fear,6,,,1354,0,0,0,1,
P38,jp,1,voice_only,75,0,0,0,v6_voice_a66c973128_1.mp4,en,rav06,ang,voice_only,voice:normal,voice_check,buttons,7,,neu,,,,1019,0,0,0,0,
P38,jp,1,voice_only,76,0,0,0,v6_voice_17e973c755_1.mp4,en,rav14,hap,voice_only,voice:strong,voice_check,buttons,7,,hap,4,,,1995,0,0,0,1,
P38,jp,1,voice_only,77,0,0,0,v6_voice_7642129e05_1.mp4,en,rav12,fear,voice_only,voice:normal,voice_check,buttons,7,,fear,1,,,1615,1,0,0,1,
P38,jp,1,voice_only,78,0,0,0,v6_voice_08aabec890_1.mp4,en,rav06,ang,voice_only,voice:strong,voice_check,buttons,7,,ang,7,,,1182,0,0,0,1,
P38,jp,1,voice_only,79,0,0,0,v6_voice_cd8f85d3b2_1.mp4,en,rav04,hap,voice_only,voice:normal,voice_check,buttons,7,,neu,,,,927,0,0,0,0,
P38,jp,1,voice_only,80,0,0,0,v6_voice_70e2096718_1.mp4,en,rav20,fear,voice_only,voice:strong,voice_check,buttons,7,,fear,6,,,1951,0,0,0,1,
P39,jp,1,single,0,0,0,0,v6_single_739783e84d_2.mp4,en,rav10,fear,AV,,,buttons,7,,sad,6,5,,5051,0,1,0,0,
P39,jp,1,single,1,0,0,0,v6_single_7b8afe562a_1.mp4,en,rav06,ang,AV,,,buttons,7,,ang,6,5,,4177,0,0,0,1,
P39,jp,1,single,2,0,0,0,v6_single_76ee15a092_3.mp4,en,rav04,hap,AV,,,buttons,7,,hap,4,3,,3402,0,0,0,1,
P39,jp,1,single,3,0,0,0,v6_single_a721e1869f_1.mp4,en,rav18,dis,AV,,,buttons,7,,sad,5,4,,2575,0,0,0,0,
P39,jp,1,single,4,0,0,0,v6_single_802ffa53c5_2.mp4,en,rav20,fear,AV,,,buttons,7,,sad,5,3,,3816,0,0,0,0,
P39,jp,1,single,5,0,0,0,v6_single_24bf624e7d_3.mp4,en,rav16,hap,AV,,,buttons,7,,hap,5,4,,2174,0,0,0,1,
P39,jp,1,practice,6,1,0,0,v6_practice_cd0abf6ffd_1.mp4,en,rav22,ang,AV_pair,L:E|R:H,practice:H_vs_E@strong,buttons,7,left,L1,,,,9259,0,0,0,,
P39,jp,1,practice,7,1,0,0,v6_practice_85af89ed95_2.mp4,en,rav10,hap,AV_pair,L:H|R:E,practice:H_vs_E@strong,buttons,7,right,R2,,,,3977,0,0,0,,
P39,jp,1,pair,8,0,0,0,v6_pair_5adfe6a4bd_1.mp4,en,rav20,fear,AV_pair,L:E|R:H,H_vs_E@normal,buttons,7,left,L1,,,,2749,0,0,0,,
P39,jp,1,pair_catch,9,0,1,0,v6_catch_6f7a8a44b1_1.mp4,en,rav10,hap,AV_pair,L:H|R:still,correct:left,buttons,2,left,left,,,,3973,0,0,0,1,1
P39,jp,1,pair,10,0,0,0,v6_pair_3b7f4443aa_1.mp4,en,rav12,fear,AV_pair,L:E|R:H,H_vs_E@normal,buttons,7,left,L1,,,,3427,0,0,0,,
P39,jp,1,pair,11,0,0,0,v6_pair_417168a67a_2.mp4,en,rav20,fear,AV_pair,L:H|R:R,H_vs_R@strong,buttons,7,same,S0,,,,2223,0,0,0,,
P39,jp,1,pair,12,0,0,0,v6_pair_dc983160dd_2.mp4,en,rav02,ang,AV_pair,L:H|R:R,H_vs_R@strong,buttons,7,left,L1,,,,1677,0,0,0,,
P39,jp,1,pair,13,0,0,0,v6_pair_66fc12fdc8_2.mp4,en,rav14,hap,AV_pair,L:H|R:E,H_vs_E@normal,buttons,7,right,R2,,,,2828,0,0,0,,
P39,jp,1,pair,14,0,0,0,v6_pair_5caed2de25_2.mp4,en,rav06,ang,AV_pair,L:H|R:E,H_vs_E@normal,buttons,7,left,L1,,,,1904,0,0,0,,
P39,jp,1,pair,15,0,0,0,v6_pair_4a472014db_2.mp4,en,rav06,ang,AV_pair,L:H|R:E,H_vs_E@strong,buttons,7,left,L1,,,,2056,0,0,0,,
P39,jp,1,pair,16,0,0,0,v6_pair_58bfd0c96b_1.mp4,en,rav24,dis,AV_pair,L:R|R:H,H_vs_R@strong,buttons,7,right,R1,,,,3642,0,0,0,,
P39,jp,1,pair,17,0,0,0,v6_pair_0a26430948_1.mp4,en,rav04,hap,AV_pair,L:E|R:H,H_vs_E@normal,buttons,7,left,L2,,,,2719,0,0,0,,
P39,jp,1,pair,18,0,0,0,v6_pair_97e6c7f1ce_2.mp4,en,rav18,dis,AV_pair,L:H|R:E,H_vs_E@normal,buttons,7,right,R1,,,,3203,0,0,0,,
P39,jp,1,pair,19,0,0,0,v6_pair_6f570415b8_2.mp4,en,rav12,fear,AV_pair,L:H|R:R,H_vs_R@strong,buttons,7,left,L2,,,,2064,0,0,0,,
P39,jp,1,pair,20,0,0,0,v6_pair_8073668068_1.mp4,en,rav02,dis,AV_pair,L:R|R:H,H_vs_R@strong,buttons,7,same,S0,,,,1567,0,0,0,,
P39,jp,1,pair,21,0,0,0,v6_pair_0c8482b715_1.mp4,en,rav02,ang,AV_pair,L:E|R:H,H_vs_E@normal,buttons,7,same,S0,,,,2474,0,0,0,,
P39,jp,1,pair,22,0,0,0,v6_pair_f5403c44bd_2.mp4,en,rav16,hap,AV_pair,L:H|R:R,H_vs_R@strong,buttons,7,same,S0,,,,2238,0,0,0,,
P39,jp,1,pair,23,0,0,0,v6_pair_c38e9eb491_2.mp4,en,rav18,dis,AV_pair,L:H|R:E,H_vs_E@strong,buttons,7,right,R2,,,,1473,0,0,0,,
P39,jp,1,pair,24,0,0,0,v6_pair_fb8e3dd060_1.mp4,en,rav08,ang,AV_pair,L:E|R:H,H_vs_E@normal,buttons,7,left,L1,,,,1594,0,0,0,,
P39,jp,1,pair,25,0,0,0,v6_pair_53e6c4770b_2.mp4,en,rav14,hap,AV_pair,L:H|R:E,H_vs_E@strong,buttons,7,left,L1,,,,3368,0,0,0,,
P39,jp,1,pair,26,0,0,0,v6_pair_faec1498b7_2.mp4,en,rav08,ang,AV_pair,L:H|R:R,H_vs_R@strong,buttons,7,left,L1,,,,2017,0,0,0,,
P39,jp,1,pair,27,0,0,0,v6_pair_69a37819e2_2.mp4,en,rav10,fear,AV_pair,L:H|R:E,H_vs_E@strong,buttons,7,right,R2,,,,2910,0,0,0,,
P39,jp,1,pair,28,0,0,0,v6_pair_e86b22f765_2.mp4,en,rav24,dis,AV_pair,L:H|R:E,H_vs_E@normal,buttons,7,right,R1,,,,1697,0,0,0,,
P39,jp,1,pair,29,0,0,0,v6_pair_0c7d060d5f_2.mp4,en,rav24,dis,AV_pair,L:H|R:E,H_vs_E@strong,buttons,7,right,R2,,,,1393,0,0,0,,
P39,jp,1,pair,30,0,0,0,v6_pair_d3f0adc106_1.mp4,en,rav10,fear,AV_pair,L:R|R:H,H_vs_R@strong,buttons,7,same,S0,,,,1370,0,0,0,,
P39,jp,1,pair,31,0,0,0,v6_pair_3961b3142e_1.mp4,en,rav20,fear,AV_pair,L:E|R:H,H_vs_E@strong,buttons,7,left,L1,,,,1625,0,0,0,,
P39,jp,1,pair,32,0,0,0,v6_pair_7ef69736a7_1.mp4,en,rav18,dis,AV_pair,L:R|R:H,H_vs_R@strong,buttons,7,right,R1,,,,1438,0,0,0,,
P39,jp,1,pair,33,0,0,0,v6_pair_1fc4717f31_1.mp4,en,rav16,hap,AV_pair,L:E|R:H,H_vs_E@normal,buttons,7,right,R1,,,,1399,0,0,0,,
P39,jp,1,pair,34,0,0,0,v6_pair_d81bffa4be_1.mp4,en,rav02,ang,AV_pair,L:E|R:H,H_vs_E@strong,buttons,7,right,R1,,,,1674,0,0,0,,
P39,jp,1,pair,35,0,0,0,v6_pair_13ae59e46d_2.mp4,en,rav02,dis,AV_pair,L:H|R:E,H_vs_E@strong,buttons,7,left,L1,,,,1948,0,0,0,,
P39,jp,1,pair,36,0,0,0,v6_pair_db8f08e27f_2.mp4,en,rav10,fear,AV_pair,L:H|R:E,H_vs_E@normal,buttons,7,right,R2,,,,1164,0,0,0,,
P39,jp,1,pair,37,0,0,0,v6_pair_23d7c570a2_1.mp4,en,rav04,hap,AV_pair,L:E|R:H,H_vs_E@strong,buttons,7,left,L1,,,,1516,0,0,0,,
P39,jp,1,pair,38,0,0,0,v6_pair_93629a9394_1.mp4,en,rav06,ang,AV_pair,L:R|R:H,H_vs_R@strong,buttons,7,right,R2,,,,699,0,0,0,,
P39,jp,1,pair,39,0,0,0,v6_pair_87b373e751_1.mp4,en,rav16,hap,AV_pair,L:E|R:H,H_vs_E@strong,buttons,7,left,L1,,,,2194,0,0,0,,
P39,jp,1,pair,40,0,0,0,v6_pair_a97dec2f4e_1.mp4,en,rav14,hap,AV_pair,L:R|R:H,H_vs_R@strong,buttons,7,left,L1,,,,1390,0,0,0,,
P39,jp,1,pair,41,0,0,0,v6_pair_33e30e2c1d_2.mp4,en,rav02,dis,AV_pair,L:H|R:E,H_vs_E@normal,buttons,7,same,S0,,,,774,0,0,0,,
P39,jp,1,pair,42,0,0,0,v6_pair_c12bac8692_1.mp4,en,rav08,ang,AV_pair,L:E|R:H,H_vs_E@strong,buttons,7,left,L2,,,,1473,0,0,0,,
P39,jp,1,pair,43,0,0,0,v6_pair_7697f115bc_1.mp4,en,rav12,fear,AV_pair,L:E|R:H,H_vs_E@strong,buttons,7,left,L2,,,,1093,0,0,0,,
P39,jp,1,pair,44,0,0,0,v6_pair_e5c0cf4a07_2.mp4,en,rav04,hap,AV_pair,L:H|R:R,H_vs_R@strong,buttons,7,right,R1,,,,1396,0,0,0,,
P39,jp,1,pair_ml,45,0,0,0,v6_pair_ml_97c8810aa2_2.mp4,en,en_hap_short_sentence,hap,AV_pair,L:L|R:Lrev,L_vs_Lrev@en,buttons,7,same,S0,,,,1708,0,0,0,,
P39,jp,1,pair_ml,46,0,0,0,v6_pair_ml_c4711cd80a_2.mp4,cn,0002_000488,ang,AV_pair,L:L|R:Lrev,L_vs_Lrev@cn,buttons,7,left,L1,,,,3650,0,0,0,,
P39,jp,1,pair_ml,47,0,0,0,v6_pair_ml_506942a631_1.mp4,en,en_sad_short_sentence,sad,AV_pair,L:Lrev|R:L,L_vs_Lrev@en,buttons,7,same,S0,,,,2612,0,0,0,,
P39,jp,1,pair_ml,48,0,0,0,v6_pair_ml_a717ea56f4_1.mp4,cn,0002_000838,hap,AV_pair,L:Lrev|R:L,L_vs_Lrev@cn,buttons,7,same,S0,,,,1423,0,0,0,,
P39,jp,1,pair_ml,49,0,0,0,v6_pair_ml_0bc71a1be9_2.mp4,jp,jp_ang_short_sentence,ang,AV_pair,L:L|R:Lrev,L_vs_Lrev@jp,buttons,7,left,L1,,,,2424,0,0,0,,
P39,jp,1,pair_ml,50,0,0,0,v6_pair_ml_9b2f256f7d_2.mp4,cn,0002_000838,hap,AV_pair,L:L|R:E,L_vs_E@cn,buttons,7,left,L1,,,,1923,0,0,0,,
P39,jp,1,pair_ml,51,0,0,0,v6_pair_ml_1780ae57a3_2.mp4,jp,jp_sad_short_sentence,sad,AV_pair,L:L|R:Lrev,L_vs_Lrev@jp,buttons,7,left,L1,,,,3116,0,0,0,,
P39,jp,1,pair_ml,52,0,0,0,v6_pair_ml_f26827db2f_1.mp4,en,en_hap_short_sentence,hap,AV_pair,L:E|R:L,L_vs_E@en,buttons,7,left,L2,,,,1482,0,0,0,,
P39,jp,1,pair_ml,53,0,0,0,v6_pair_ml_d921b78eb4_1.mp4,jp,jp_ang_short_sentence,ang,AV_pair,L:E|R:L,L_vs_E@jp,buttons,7,left,L2,,,,1264,1,0,0,,
P39,jp,1,pair_ml,54,0,0,0,v6_pair_ml_d6dd46665d_2.mp4,cn,0002_001188,sad,AV_pair,L:L|R:Lrev,L_vs_Lrev@cn,buttons,7,left,L1,,,,1243,0,0,0,,
P39,jp,1,pair_ml,55,0,0,0,v6_pair_ml_c3519312c6_1.mp4,jp,jp_hap_short_sentence,hap,AV_pair,L:Lrev|R:L,L_vs_Lrev@jp,buttons,7,right,R1,,,,1301,0,0,0,,
P39,jp,1,pair_ml,56,0,0,0,v6_pair_ml_44c920798b_2.mp4,en,en_ang_short_sentence,ang,AV_pair,L:L|R:E,L_vs_E@en,buttons,7,left,L2,,,,1293,0,0,0,,
P39,jp,1,pair_ml,57,0,0,0,v6_pair_ml_d5ab099d51_1.mp4,cn,0002_001188,sad,AV_pair,L:E|R:L,L_vs_E@cn,buttons,7,left,L2,,,,1027,0,0,0,,
P39,jp,1,pair_ml,58,0,0,0,v6_pair_ml_e5fa8f451a_1.mp4,en,en_ang_short_sentence,ang,AV_pair,L:Lrev|R:L,L_vs_Lrev@en,buttons,7,left,L2,,,,1327,0,0,0,,
P39,jp,1,pair_ml,59,0,0,0,v6_pair_ml_4fc1e0e0d1_1.mp4,jp,jp_sad_short_sentence,sad,AV_pair,L:E|R:L,L_vs_E@jp,buttons,7,left,L1,,,,1377,0,0,0,,
P39,jp,1,pair_ml,60,0,0,0,v6_pair_ml_7e3e5bb20d_1.mp4,cn,0002_000488,ang,AV_pair,L:E|R:L,L_vs_E@cn,buttons,7,right,R2,,,,1226,0,0,0,,
P39,jp,1,pair_ml,61,0,0,0,v6_pair_ml_98df03baec_2.mp4,en,en_sad_short_sentence,sad,AV_pair,L:L|R:E,L_vs_E@en,buttons,7,right,R1,,,,1200,0,0,0,,
P39,jp,1,pair_ml,62,0,0,0,v6_pair_ml_afa28cd8ae_2.mp4,jp,jp_hap_short_sentence,hap,AV_pair,L:L|R:E,L_vs_E@jp,buttons,7,left,L1,,,,2086,0,0,0,,
P39,jp,1,pair_mute,63,0,0,0,v6_pair_mute_005d45f10b_2.mp4,en,rav06,ang,AV_pair,L:H|R:E,mute:H_vs_E@strong,buttons,7,left,L2,,,,3192,1,0,0,,
P39,jp,1,pair_mute,64,0,0,0,v6_pair_mute_555cc59e4b_1.mp4,en,rav10,fear,AV_pair,L:E|R:H,mute:H_vs_E@strong,buttons,7,right,R2,,,,1702,0,0,0,,
P39,jp,1,pair_mute,65,0,0,0,v6_pair_mute_30ad4160ab_1.mp4,en,rav18,dis,AV_pair,L:E|R:H,mute:H_vs_E@strong,buttons,7,right,R2,,,,955,0,0,0,,
P39,jp,1,pair_mute,66,0,0,0,v6_pair_mute_250e7890e4_2.mp4,en,rav20,fear,AV_pair,L:H|R:E,mute:H_vs_E@strong,buttons,7,left,L1,,,,849,0,0,0,,
P39,jp,1,pair_mute,67,0,0,0,v6_pair_mute_39140f1f71_1.mp4,en,rav04,hap,AV_pair,L:E|R:H,mute:H_vs_E@strong,buttons,7,right,R2,,,,574,0,0,0,,
P39,jp,1,pair_mute,68,0,0,0,v6_pair_mute_3b6fa3b207_2.mp4,en,rav16,hap,AV_pair,L:H|R:E,mute:H_vs_E@strong,buttons,7,left,L2,,,,3330,0,0,0,,
P39,jp,1,voice_only,69,0,0,0,v6_voice_70e2096718_1.mp4,en,rav20,fear,voice_only,voice:strong,voice_check,buttons,7,,sad,6,,,3670,0,0,0,0,
P39,jp,1,voice_only,70,0,0,0,v6_voice_50a83a8476_1.mp4,en,rav18,dis,voice_only,voice:normal,voice_check,buttons,7,,fear,4,,,4716,0,0,0,0,
P39,jp,1,voice_only,70,0,0,1,v6_voice_50a83a8476_1.mp4,en,rav18,dis,voice_only,voice:normal,voice_check,buttons,7,,dis,5,,,1509,0,0,0,1,
P39,jp,1,voice_only,71,0,0,0,v6_voice_5daeb1533f_1.mp4,en,rav04,hap,voice_only,voice:strong,voice_check,buttons,7,,fear,5,,,1779,0,0,0,0,
P39,jp,1,voice_only,72,0,0,0,v6_voice_fb11565c01_1.mp4,en,rav20,fear,voice_only,voice:normal,voice_check,buttons,7,,sad,6,,,951,0,0,0,0,
P39,jp,1,voice_only,73,0,0,0,v6_voice_08aabec890_1.mp4,en,rav06,ang,voice_only,voice:strong,voice_check,buttons,7,,ang,7,,,929,0,0,0,1,
P39,jp,1,voice_only,74,0,0,0,v6_voice_214566cf57_1.mp4,en,rav14,hap,voice_only,voice:normal,voice_check,buttons,7,,dis,5,,,3905,0,0,0,0,
P39,jp,1,voice_only,75,0,0,0,v6_voice_aaea5d0aab_1.mp4,en,rav12,fear,voice_only,voice:strong,voice_check,buttons,7,,fear,6,,,798,0,0,0,1,
P39,jp,1,voice_only,76,0,0,0,v6_voice_cd8f85d3b2_1.mp4,en,rav04,hap,voice_only,voice:normal,voice_check,buttons,7,,neu,,,,1988,0,0,0,0,
P39,jp,1,voice_only,77,0,0,0,v6_voice_b0cfac7f4c_1.mp4,en,rav18,dis,voice_only,voice:strong,voice_check,buttons,7,,fear,5,,,3699,0,0,0,0,
P39,jp,1,voice_only,78,0,0,0,v6_voice_a66c973128_1.mp4,en,rav06,ang,voice_only,voice:normal,voice_check,buttons,7,,ang,4,,,1644,0,0,0,1,
P39,jp,1,voice_only,79,0,0,0,v6_voice_17e973c755_1.mp4,en,rav14,hap,voice_only,voice:strong,voice_check,buttons,7,,sad,6,,,1428,0,0,0,0,
P39,jp,1,voice_only,80,0,0,0,v6_voice_7642129e05_1.mp4,en,rav12,fear,voice_only,voice:normal,voice_check,buttons,7,,dis,3,,,1679,0,0,0,0,
P40,jp,1,single,0,0,0,0,v6_single_24bf624e7d_2.mp4,en,rav16,hap,AV,,,buttons,7,,neu,,3,,8177,0,0,0,0,
P40,jp,1,single,1,0,0,0,v6_single_739783e84d_1.mp4,en,rav10,fear,AV,,,buttons,7,,sad,5,6,,2773,0,0,0,0,
P40,jp,1,single,2,0,0,0,v6_single_a721e1869f_3.mp4,en,rav18,dis,AV,,,buttons,7,,sad,6,5,,5662,0,0,0,0,
P40,jp,1,single,3,0,0,0,v6_single_76ee15a092_2.mp4,en,rav04,hap,AV,,,buttons,7,,hap,5,1,,2588,0,0,0,1,
P40,jp,1,single,4,0,0,0,v6_single_7b8afe562a_3.mp4,en,rav06,ang,AV,,,buttons,7,,ang,5,2,,4423,0,0,0,1,
P40,jp,1,single,5,0,0,0,v6_single_802ffa53c5_1.mp4,en,rav20,fear,AV,,,buttons,7,,fear,5,2,,2386,0,0,0,1,
P40,jp,1,practice,6,1,0,0,v6_practice_85af89ed95_2.mp4,en,rav10,hap,AV_pair,L:H|R:E,practice:H_vs_E@strong,buttons,7,same,S0,,,,5027,0,0,0,,
P40,jp,1,practice,7,1,0,0,v6_practice_cd0abf6ffd_1.mp4,en,rav22,ang,AV_pair,L:E|R:H,practice:H_vs_E@strong,buttons,7,same,S0,,,,2762,0,0,0,,
P40,jp,1,pair,8,0,0,0,v6_pair_58bfd0c96b_1.mp4,en,rav24,dis,AV_pair,L:R|R:H,H_vs_R@strong,buttons,7,right,R1,,,,7193,0,0,0,,
P40,jp,1,pair,9,0,0,0,v6_pair_f5403c44bd_2.mp4,en,rav16,hap,AV_pair,L:H|R:R,H_vs_R@strong,buttons,7,left,L1,,,,2404,0,0,0,,
P40,jp,1,pair,10,0,0,0,v6_pair_4a472014db_2.mp4,en,rav06,ang,AV_pair,L:H|R:E,H_vs_E@strong,buttons,7,same,S0,,,,1592,0,0,0,,
P40,jp,1,pair,11,0,0,0,v6_pair_53e6c4770b_2.mp4,en,rav14,hap,AV_pair,L:H|R:E,H_vs_E@strong,buttons,7,left,L1,,,,2182,0,0,0,,
P40,jp,1,pair,12,0,0,0,v6_pair_1fc4717f31_1.mp4,en,rav16,hap,AV_pair,L:E|R:H,H_vs_E@normal,buttons,7,right,R1,,,,1812,0,0,0,,
P40,jp,1,pair,13,0,0,0,v6_pair_69a37819e2_2.mp4,en,rav10,fear,AV_pair,L:H|R:E,H_vs_E@strong,buttons,7,left,L1,,,,2454,0,0,0,,
P40,jp,1,pair,14,0,0,0,v6_pair_66fc12fdc8_2.mp4,en,rav14,hap,AV_pair,L:H|R:E,H_vs_E@normal,buttons,7,left,L1,,,,1872,0,0,0,,
P40,jp,1,pair,15,0,0,0,v6_pair_7697f115bc_1.mp4,en,rav12,fear,AV_pair,L:E|R:H,H_vs_E@strong,buttons,7,right,R1,,,,4418,0,0,0,,
P40,jp,1,pair,16,0,0,0,v6_pair_fb8e3dd060_1.mp4,en,rav08,ang,AV_pair,L:E|R:H,H_vs_E@normal,buttons,7,right,R1,,,,2485,0,0,0,,
P40,jp,1,pair,17,0,0,0,v6_pair_3b7f4443aa_1.mp4,en,rav12,fear,AV_pair,L:E|R:H,H_vs_E@normal,buttons,7,left,L1,,,,1646,0,0,0,,
P40,jp,1,pair,18,0,0,0,v6_pair_0c7d060d5f_2.mp4,en,rav24,dis,AV_pair,L:H|R:E,H_vs_E@strong,buttons,7,left,L1,,,,3004,0,0,0,,
P40,jp,1,pair,19,0,0,0,v6_pair_6f570415b8_2.mp4,en,rav12,fear,AV_pair,L:H|R:R,H_vs_R@strong,buttons,7,left,L1,,,,2569,0,0,0,,
P40,jp,1,pair,20,0,0,0,v6_pair_0c8482b715_1.mp4,en,rav02,ang,AV_pair,L:E|R:H,H_vs_E@normal,buttons,7,same,S0,,,,1623,0,0,0,,
P40,jp,1,pair,21,0,0,0,v6_pair_e5c0cf4a07_2.mp4,en,rav04,hap,AV_pair,L:H|R:R,H_vs_R@strong,buttons,7,right,R1,,,,1546,0,0,0,,
P40,jp,1,pair,22,0,0,0,v6_pair_23d7c570a2_1.mp4,en,rav04,hap,AV_pair,L:E|R:H,H_vs_E@strong,buttons,7,right,R2,,,,1408,0,0,0,,
P40,jp,1,pair_catch,23,0,1,0,v6_catch_6f7a8a44b1_1.mp4,en,rav10,hap,AV_pair,L:H|R:still,correct:left,buttons,2,left,left,,,,3360,0,0,0,1,1
P40,jp,1,pair,24,0,0,0,v6_pair_faec1498b7_2.mp4,en,rav08,ang,AV_pair,L:H|R:R,H_vs_R@strong,buttons,7,same,S0,,,,5379,0,0,0,,
P40,jp,1,pair,25,0,0,0,v6_pair_db8f08e27f_2.mp4,en,rav10,fear,AV_pair,L:H|R:E,H_vs_E@normal,buttons,7,same,S0,,,,1958,0,0,0,,
P40,jp,1,pair,26,0,0,0,v6_pair_d81bffa4be_1.mp4,en,rav02,ang,AV_pair,L:E|R:H,H_vs_E@strong,buttons,7,same,S0,,,,1360,0,0,0,,
P40,jp,1,pair,27,0,0,0,v6_pair_7ef69736a7_1.mp4,en,rav18,dis,AV_pair,L:R|R:H,H_vs_R@strong,buttons,7,right,R1,,,,1752,0,0,0,,
P40,jp,1,pair,28,0,0,0,v6_pair_e86b22f765_2.mp4,en,rav24,dis,AV_pair,L:H|R:E,H_vs_E@normal,buttons,7,right,R2,,,,2498,0,0,0,,
P40,jp,1,pair,29,0,0,0,v6_pair_a97dec2f4e_1.mp4,en,rav14,hap,AV_pair,L:R|R:H,H_vs_R@strong,buttons,7,left,L1,,,,1537,0,0,0,,
P40,jp,1,pair,30,0,0,0,v6_pair_c38e9eb491_2.mp4,en,rav18,dis,AV_pair,L:H|R:E,H_vs_E@strong,buttons,7,left,L2,,,,2079,0,0,0,,
P40,jp,1,pair,31,0,0,0,v6_pair_97e6c7f1ce_2.mp4,en,rav18,dis,AV_pair,L:H|R:E,H_vs_E@normal,buttons,7,left,L2,,,,1764,0,0,0,,
P40,jp,1,pair,32,0,0,0,v6_pair_3961b3142e_1.mp4,en,rav20,fear,AV_pair,L:E|R:H,H_vs_E@strong,buttons,7,right,R2,,,,1676,0,0,0,,
P40,jp,1,pair,33,0,0,0,v6_pair_dc983160dd_2.mp4,en,rav02,ang,AV_pair,L:H|R:R,H_vs_R@strong,buttons,7,right,R3,,,,2608,0,0,0,,
P40,jp,1,pair,34,0,0,0,v6_pair_87b373e751_1.mp4,en,rav16,hap,AV_pair,L:E|R:H,H_vs_E@strong,buttons,7,right,R2,,,,1660,0,0,0,,
P40,jp,1,pair,35,0,0,0,v6_pair_0a26430948_1.mp4,en,rav04,hap,AV_pair,L:E|R:H,H_vs_E@normal,buttons,7,left,L1,,,,1619,0,0,0,,
P40,jp,1,pair,36,0,0,0,v6_pair_13ae59e46d_2.mp4,en,rav02,dis,AV_pair,L:H|R:E,H_vs_E@strong,buttons,7,left,L1,,,,1544,0,0,0,,
P40,jp,1,pair,37,0,0,0,v6_pair_d3f0adc106_1.mp4,en,rav10,fear,AV_pair,L:R|R:H,H_vs_R@strong,buttons,7,same,S0,,,,1516,0,0,0,,
P40,jp,1,pair,38,0,0,0,v6_pair_33e30e2c1d_2.mp4,en,rav02,dis,AV_pair,L:H|R:E,H_vs_E@normal,buttons,7,right,R1,,,,1288,0,0,0,,
P40,jp,1,pair,39,0,0,0,v6_pair_c12bac8692_1.mp4,en,rav08,ang,AV_pair,L:E|R:H,H_vs_E@strong,buttons,7,right,R1,,,,1329,0,0,0,,
P40,jp,1,pair,40,0,0,0,v6_pair_93629a9394_1.mp4,en,rav06,ang,AV_pair,L:R|R:H,H_vs_R@strong,buttons,7,right,R2,,,,1378,0,0,0,,
P40,jp,1,pair,41,0,0,0,v6_pair_5caed2de25_2.mp4,en,rav06,ang,AV_pair,L:H|R:E,H_vs_E@normal,buttons,7,left,L1,,,,2147,0,0,0,,
P40,jp,1,pair,42,0,0,0,v6_pair_8073668068_1.mp4,en,rav02,dis,AV_pair,L:R|R:H,H_vs_R@strong,buttons,7,same,S0,,,,1231,0,0,0,,
P40,jp,1,pair,43,0,0,0,v6_pair_5adfe6a4bd_1.mp4,en,rav20,fear,AV_pair,L:E|R:H,H_vs_E@normal,buttons,7,same,S0,,,,1408,0,0,0,,
P40,jp,1,pair,44,0,0,0,v6_pair_417168a67a_2.mp4,en,rav20,fear,AV_pair,L:H|R:R,H_vs_R@strong,buttons,7,right,R1,,,,2266,0,0,0,,
P40,jp,1,pair_ml,45,0,0,0,v6_pair_ml_d921b78eb4_1.mp4,jp,jp_ang_short_sentence,ang,AV_pair,L:E|R:L,L_vs_E@jp,buttons,7,right,R1,,,,2222,0,0,0,,
P40,jp,1,pair_ml,46,0,0,0,v6_pair_ml_d5ab099d51_1.mp4,cn,0002_001188,sad,AV_pair,L:E|R:L,L_vs_E@cn,buttons,7,same,S0,,,,1244,0,0,0,,
P40,jp,1,pair_ml,47,0,0,0,v6_pair_ml_f26827db2f_1.mp4,en,en_hap_short_sentence,hap,AV_pair,L:E|R:L,L_vs_E@en,buttons,7,right,R1,,,,1799,0,0,0,,
P40,jp,1,pair_ml,48,0,0,0,v6_pair_ml_0bc71a1be9_2.mp4,jp,jp_ang_short_sentence,ang,AV_pair,L:L|R:Lrev,L_vs_Lrev@jp,buttons,7,right,R2,,,,1336,0,0,0,,
P40,jp,1,pair_ml,49,0,0,0,v6_pair_ml_9b2f256f7d_2.mp4,cn,0002_000838,hap,AV_pair,L:L|R:E,L_vs_E@cn,buttons,7,same,S0,,,,1326,0,0,0,,
P40,jp,1,pair_ml,50,0,0,0,v6_pair_ml_4fc1e0e0d1_1.mp4,jp,jp_sad_short_sentence,sad,AV_pair,L:E|R:L,L_vs_E@jp,buttons,7,right,R2,,,,1457,0,0,0,,
P40,jp,1,pair_ml,51,0,0,0,v6_pair_ml_7e3e5bb20d_1.mp4,cn,0002_000488,ang,AV_pair,L:E|R:L,L_vs_E@cn,buttons,7,right,R2,,,,1621,0,0,0,,
P40,jp,1,pair_ml,52,0,0,0,v6_pair_ml_1780ae57a3_2.mp4,jp,jp_sad_short_sentence,sad,AV_pair,L:L|R:Lrev,L_vs_Lrev@jp,buttons,7,left,L1,,,,1975,0,0,0,,
P40,jp,1,pair_ml,53,0,0,0,v6_pair_ml_97c8810aa2_2.mp4,en,en_hap_short_sentence,hap,AV_pair,L:L|R:Lrev,L_vs_Lrev@en,buttons,7,same,S0,,,,1332,0,0,0,,
P40,jp,1,pair_ml,54,0,0,0,v6_pair_ml_d6dd46665d_2.mp4,cn,0002_001188,sad,AV_pair,L:L|R:Lrev,L_vs_Lrev@cn,buttons,7,left,L2,,,,1281,0,0,0,,
P40,jp,1,pair_ml,55,0,0,0,v6_pair_ml_e5fa8f451a_1.mp4,en,en_ang_short_sentence,ang,AV_pair,L:Lrev|R:L,L_vs_Lrev@en,buttons,7,right,R1,,,,1582,0,0,0,,
P40,jp,1,pair_ml,56,0,0,0,v6_pair_ml_c3519312c6_1.mp4,jp,jp_hap_short_sentence,hap,AV_pair,L:Lrev|R:L,L_vs_Lrev@jp,buttons,7,same,S0,,,,1823,0,0,0,,
P40,jp,1,pair_ml,57,0,0,0,v6_pair_ml_44c920798b_2.mp4,en,en_ang_short_sentence,ang,AV_pair,L:L|R:E,L_vs_E@en,buttons,7,right,R2,,,,1724,0,0,0,,
P40,jp,1,pair_ml,58,0,0,0,v6_pair_ml_afa28cd8ae_2.mp4,jp,jp_hap_short_sentence,hap,AV_pair,L:L|R:E,L_vs_E@jp,buttons,7,right,R1,,,,1652,0,0,0,,
P40,jp,1,pair_ml,59,0,0,0,v6_pair_ml_506942a631_1.mp4,en,en_sad_short_sentence,sad,AV_pair,L:Lrev|R:L,L_vs_Lrev@en,buttons,7,same,S0,,,,1564,0,0,0,,
P40,jp,1,pair_ml,60,0,0,0,v6_pair_ml_a717ea56f4_1.mp4,cn,0002_000838,hap,AV_pair,L:Lrev|R:L,L_vs_Lrev@cn,buttons,7,left,L1,,,,959,0,0,0,,
P40,jp,1,pair_ml,61,0,0,0,v6_pair_ml_98df03baec_2.mp4,en,en_sad_short_sentence,sad,AV_pair,L:L|R:E,L_vs_E@en,buttons,7,same,S0,,,,1615,0,0,0,,
P40,jp,1,pair_ml,62,0,0,0,v6_pair_ml_c4711cd80a_2.mp4,cn,0002_000488,ang,AV_pair,L:L|R:Lrev,L_vs_Lrev@cn,buttons,7,right,R1,,,,2992,0,0,0,,
P40,jp,1,pair_mute,63,0,0,0,v6_pair_mute_005d45f10b_2.mp4,en,rav06,ang,AV_pair,L:H|R:E,mute:H_vs_E@strong,buttons,7,left,L1,,,,2240,1,0,0,,
P40,jp,1,pair_mute,64,0,0,0,v6_pair_mute_30ad4160ab_1.mp4,en,rav18,dis,AV_pair,L:E|R:H,mute:H_vs_E@strong,buttons,7,right,R1,,,,1987,0,0,0,,
P40,jp,1,pair_mute,65,0,0,0,v6_pair_mute_3b6fa3b207_2.mp4,en,rav16,hap,AV_pair,L:H|R:E,mute:H_vs_E@strong,buttons,7,left,L1,,,,1232,0,0,0,,
P40,jp,1,pair_mute,66,0,0,0,v6_pair_mute_555cc59e4b_1.mp4,en,rav10,fear,AV_pair,L:E|R:H,mute:H_vs_E@strong,buttons,7,right,R1,,,,1727,0,0,0,,
P40,jp,1,pair_mute,67,0,0,0,v6_pair_mute_39140f1f71_1.mp4,en,rav04,hap,AV_pair,L:E|R:H,mute:H_vs_E@strong,buttons,7,same,S0,,,,6474,0,0,0,,
P40,jp,1,pair_mute,68,0,0,0,v6_pair_mute_250e7890e4_2.mp4,en,rav20,fear,AV_pair,L:H|R:E,mute:H_vs_E@strong,buttons,7,left,L1,,,,3895,0,0,0,,
P40,jp,1,voice_only,69,0,0,0,v6_voice_7642129e05_1.mp4,en,rav12,fear,voice_only,voice:normal,voice_check,buttons,7,,fear,5,,,2095,1,0,0,1,
P40,jp,1,voice_only,70,0,0,0,v6_voice_08aabec890_1.mp4,en,rav06,ang,voice_only,voice:strong,voice_check,buttons,7,,dis,6,,,5215,0,0,0,0,
P40,jp,1,voice_only,71,0,0,0,v6_voice_50a83a8476_1.mp4,en,rav18,dis,voice_only,voice:normal,voice_check,buttons,7,,sur,5,,,4362,0,0,0,0,
P40,jp,1,voice_only,72,0,0,0,v6_voice_5daeb1533f_1.mp4,en,rav04,hap,voice_only,voice:strong,voice_check,buttons,7,,hap,5,,,3254,0,0,0,1,
P40,jp,1,voice_only,73,0,0,0,v6_voice_fb11565c01_1.mp4,en,rav20,fear,voice_only,voice:normal,voice_check,buttons,7,,sad,5,,,1484,0,0,0,0,
P40,jp,1,voice_only,74,0,0,0,v6_voice_17e973c755_1.mp4,en,rav14,hap,voice_only,voice:strong,voice_check,buttons,7,,hap,5,,,6057,0,0,0,1,
P40,jp,1,voice_only,75,0,0,0,v6_voice_a66c973128_1.mp4,en,rav06,ang,voice_only,voice:normal,voice_check,buttons,7,,ang,5,,,2154,0,0,0,1,
P40,jp,1,voice_only,76,0,0,0,v6_voice_70e2096718_1.mp4,en,rav20,fear,voice_only,voice:strong,voice_check,buttons,7,,fear,7,,,2000,0,0,0,1,
P40,jp,1,voice_only,77,0,0,0,v6_voice_214566cf57_1.mp4,en,rav14,hap,voice_only,voice:normal,voice_check,buttons,7,,hap,5,,,6164,0,0,0,1,
P40,jp,1,voice_only,78,0,0,0,v6_voice_b0cfac7f4c_1.mp4,en,rav18,dis,voice_only,voice:strong,voice_check,buttons,7,,dis,5,,,2840,0,0,0,1,
P40,jp,1,voice_only,79,0,0,0,v6_voice_cd8f85d3b2_1.mp4,en,rav04,hap,voice_only,voice:normal,voice_check,buttons,7,,neu,,,,1562,0,0,0,0,
P40,jp,1,voice_only,80,0,0,0,v6_voice_aaea5d0aab_1.mp4,en,rav12,fear,voice_only,voice:strong,voice_check,buttons,7,,fear,6,,,2461,0,0,0,1,
P41,jp,1,single,0,0,0,0,v6_single_7b8afe562a_3.mp4,en,rav06,ang,AV,,,buttons,7,,ang,3,2,,2841,0,0,0,1,
P41,jp,1,single,1,0,0,0,v6_single_739783e84d_1.mp4,en,rav10,fear,AV,,,buttons,7,,sad,3,5,,1210,0,0,0,0,
P41,jp,1,single,2,0,0,0,v6_single_a721e1869f_3.mp4,en,rav18,dis,AV,,,buttons,7,,ang,3,5,,6685,0,0,0,0,
P41,jp,1,single,3,0,0,0,v6_single_76ee15a092_2.mp4,en,rav04,hap,AV,,,buttons,7,,hap,5,5,,1114,0,0,0,1,
P41,jp,1,single,4,0,0,0,v6_single_802ffa53c5_1.mp4,en,rav20,fear,AV,,,buttons,7,,dis,2,5,,3609,0,0,0,0,
P41,jp,1,single,5,0,0,0,v6_single_24bf624e7d_2.mp4,en,rav16,hap,AV,,,buttons,7,,neu,,3,,3162,0,0,0,0,
P41,jp,1,single,5,0,0,1,v6_single_24bf624e7d_2.mp4,en,rav16,hap,AV,,,buttons,7,,neu,,4,,991,1,0,0,0,
P41,jp,1,practice,6,1,0,0,v6_practice_cd0abf6ffd_2.mp4,en,rav22,ang,AV_pair,L:H|R:E,practice:H_vs_E@strong,buttons,7,right,R1,,,,6864,1,0,0,,
P41,jp,1,practice,7,1,0,0,v6_practice_85af89ed95_1.mp4,en,rav10,hap,AV_pair,L:E|R:H,practice:H_vs_E@strong,buttons,7,same,S0,,,,922,1,0,0,,
P41,jp,1,pair,8,0,0,0,v6_pair_d3f0adc106_2.mp4,en,rav10,fear,AV_pair,L:H|R:R,H_vs_R@strong,buttons,7,right,R1,,,,680,1,0,0,,
P41,jp,1,pair,9,0,0,0,v6_pair_23d7c570a2_2.mp4,en,rav04,hap,AV_pair,L:H|R:E,H_vs_E@strong,buttons,7,right,R1,,,,784,0,0,0,,
P41,jp,1,pair,10,0,0,0,v6_pair_33e30e2c1d_1.mp4,en,rav02,dis,AV_pair,L:E|R:H,H_vs_E@normal,buttons,7,left,L1,,,,691,0,0,0,,
P41,jp,1,pair,11,0,0,0,v6_pair_3b7f4443aa_2.mp4,en,rav12,fear,AV_pair,L:H|R:E,H_vs_E@normal,buttons,7,right,R1,,,,929,0,0,0,,
P41,jp,1,pair,12,0,0,0,v6_pair_69a37819e2_1.mp4,en,rav10,fear,AV_pair,L:E|R:H,H_vs_E@strong,buttons,7,left,L2,,,,1145,0,0,0,,
P41,jp,1,pair,13,0,0,0,v6_pair_a97dec2f4e_2.mp4,en,rav14,hap,AV_pair,L:H|R:R,H_vs_R@strong,buttons,7,right,R3,,,,494,0,0,0,,
P41,jp,1,pair,14,0,0,0,v6_pair_db8f08e27f_1.mp4,en,rav10,fear,AV_pair,L:E|R:H,H_vs_E@normal,buttons,7,right,R1,,,,1780,4,0,0,,
P41,jp,1,pair,15,0,0,0,v6_pair_f5403c44bd_1.mp4,en,rav16,hap,AV_pair,L:R|R:H,H_vs_R@strong,buttons,7,right,R2,,,,760,0,0,0,,
P41,jp,1,pair,16,0,0,0,v6_pair_3961b3142e_2.mp4,en,rav20,fear,AV_pair,L:H|R:E,H_vs_E@strong,buttons,7,right,R1,,,,1116,0,0,0,,
P41,jp,1,pair,17,0,0,0,v6_pair_1fc4717f31_2.mp4,en,rav16,hap,AV_pair,L:H|R:E,H_vs_E@normal,buttons,7,right,R2,,,,727,0,0,0,,
P41,jp,1,pair,18,0,0,0,v6_pair_13ae59e46d_1.mp4,en,rav02,dis,AV_pair,L:E|R:H,H_vs_E@strong,buttons,7,left,L1,,,,660,0,0,0,,
P41,jp,1,pair,19,0,0,0,v6_pair_4a472014db_1.mp4,en,rav06,ang,AV_pair,L:E|R:H,H_vs_E@strong,buttons,7,right,R1,,,,602,0,0,0,,
P41,jp,1,pair,20,0,0,0,v6_pair_7ef69736a7_2.mp4,en,rav18,dis,AV_pair,L:H|R:R,H_vs_R@strong,buttons,7,left,L2,,,,728,0,0,0,,
P41,jp,1,pair,21,0,0,0,v6_pair_faec1498b7_1.mp4,en,rav08,ang,AV_pair,L:R|R:H,H_vs_R@strong,buttons,7,right,R2,,,,921,0,0,0,,
P41,jp,1,pair,22,0,0,0,v6_pair_c12bac8692_2.mp4,en,rav08,ang,AV_pair,L:H|R:E,H_vs_E@strong,buttons,7,right,R2,,,,609,0,0,0,,
P41,jp,1,pair,23,0,0,0,v6_pair_fb8e3dd060_2.mp4,en,rav08,ang,AV_pair,L:H|R:E,H_vs_E@normal,buttons,7,left,L1,,,,1176,0,0,0,,
P41,jp,1,pair,24,0,0,0,v6_pair_8073668068_2.mp4,en,rav02,dis,AV_pair,L:H|R:R,H_vs_R@strong,buttons,7,right,R1,,,,634,0,0,0,,
P41,jp,1,pair,25,0,0,0,v6_pair_e5c0cf4a07_1.mp4,en,rav04,hap,AV_pair,L:R|R:H,H_vs_R@strong,buttons,7,right,R2,,,,961,1,0,0,,
P41,jp,1,pair,26,0,0,0,v6_pair_53e6c4770b_1.mp4,en,rav14,hap,AV_pair,L:E|R:H,H_vs_E@strong,buttons,7,left,L2,,,,666,0,0,0,,
P41,jp,1,pair,27,0,0,0,v6_pair_5caed2de25_1.mp4,en,rav06,ang,AV_pair,L:E|R:H,H_vs_E@normal,buttons,7,right,R2,,,,410,1,0,0,,
P41,jp,1,pair,28,0,0,0,v6_pair_58bfd0c96b_2.mp4,en,rav24,dis,AV_pair,L:H|R:R,H_vs_R@strong,buttons,7,right,R2,,,,706,0,0,0,,
P41,jp,1,pair,29,0,0,0,v6_pair_7697f115bc_2.mp4,en,rav12,fear,AV_pair,L:H|R:E,H_vs_E@strong,buttons,7,right,R1,,,,1070,0,0,0,,
P41,jp,1,pair,30,0,0,0,v6_pair_0c8482b715_2.mp4,en,rav02,ang,AV_pair,L:H|R:E,H_vs_E@normal,buttons,7,right,R1,,,,868,0,0,0,,
P41,jp,1,pair,31,0,0,0,v6_pair_0a26430948_2.mp4,en,rav04,hap,AV_pair,L:H|R:E,H_vs_E@normal,buttons,7,left,L1,,,,1293,0,0,0,,
P41,jp,1,pair_catch,32,0,1,0,v6_catch_6f7a8a44b1_2.mp4,en,rav10,hap,AV_pair,L:still|R:H,correct:right,buttons,2,right,right,,,,687,1,0,0,1,1
P41,jp,1,pair,33,0,0,0,v6_pair_0c7d060d5f_1.mp4,en,rav24,dis,AV_pair,L:E|R:H,H_vs_E@strong,buttons,7,right,R1,,,,903,0,0,0,,
P41,jp,1,pair,34,0,0,0,v6_pair_66fc12fdc8_1.mp4,en,rav14,hap,AV_pair,L:E|R:H,H_vs_E@normal,buttons,7,right,R1,,,,458,0,0,0,,
P41,jp,1,pair,35,0,0,0,v6_pair_d81bffa4be_2.mp4,en,rav02,ang,AV_pair,L:H|R:E,H_vs_E@strong,buttons,7,right,R3,,,,1323,0,0,0,,
P41,jp,1,pair,36,0,0,0,v6_pair_e86b22f765_1.mp4,en,rav24,dis,AV_pair,L:E|R:H,H_vs_E@normal,buttons,7,left,L1,,,,1920,0,0,0,,
P41,jp,1,pair,37,0,0,0,v6_pair_87b373e751_2.mp4,en,rav16,hap,AV_pair,L:H|R:E,H_vs_E@strong,buttons,7,right,R1,,,,1064,0,0,0,,
P41,jp,1,pair,38,0,0,0,v6_pair_5adfe6a4bd_2.mp4,en,rav20,fear,AV_pair,L:H|R:E,H_vs_E@normal,buttons,7,left,L1,,,,875,0,0,0,,
P41,jp,1,pair,39,0,0,0,v6_pair_6f570415b8_1.mp4,en,rav12,fear,AV_pair,L:R|R:H,H_vs_R@strong,buttons,7,left,L1,,,,809,1,0,0,,
P41,jp,1,pair,40,0,0,0,v6_pair_97e6c7f1ce_1.mp4,en,rav18,dis,AV_pair,L:E|R:H,H_vs_E@normal,buttons,7,right,R2,,,,531,1,0,0,,
P41,jp,1,pair,41,0,0,0,v6_pair_dc983160dd_1.mp4,en,rav02,ang,AV_pair,L:R|R:H,H_vs_R@strong,buttons,7,left,L3,,,,745,0,0,0,,
P41,jp,1,pair,42,0,0,0,v6_pair_c38e9eb491_1.mp4,en,rav18,dis,AV_pair,L:E|R:H,H_vs_E@strong,buttons,7,right,R1,,,,1046,0,0,0,,
P41,jp,1,pair,43,0,0,0,v6_pair_93629a9394_2.mp4,en,rav06,ang,AV_pair,L:H|R:R,H_vs_R@strong,buttons,7,right,R2,,,,1067,0,0,0,,
P41,jp,1,pair,44,0,0,0,v6_pair_417168a67a_1.mp4,en,rav20,fear,AV_pair,L:R|R:H,H_vs_R@strong,buttons,7,left,L1,,,,1810,0,0,0,,
P41,jp,1,pair_ml,45,0,0,0,v6_pair_ml_98df03baec_1.mp4,en,en_sad_short_sentence,sad,AV_pair,L:E|R:L,L_vs_E@en,buttons,7,right,R1,,,,913,3,0,0,,
P41,jp,1,pair_ml,46,0,0,0,v6_pair_ml_0bc71a1be9_1.mp4,jp,jp_ang_short_sentence,ang,AV_pair,L:Lrev|R:L,L_vs_Lrev@jp,buttons,7,left,L1,,,,723,2,0,0,,
P41,jp,1,pair_ml,47,0,0,0,v6_pair_ml_f26827db2f_2.mp4,en,en_hap_short_sentence,hap,AV_pair,L:L|R:E,L_vs_E@en,buttons,7,same,S0,,,,768,3,0,0,,
P41,jp,1,pair_ml,48,0,0,0,v6_pair_ml_d5ab099d51_2.mp4,cn,0002_001188,sad,AV_pair,L:L|R:E,L_vs_E@cn,buttons,7,same,S0,,,,1394,1,0,0,,
P41,jp,1,pair_ml,49,0,0,0,v6_pair_ml_97c8810aa2_1.mp4,en,en_hap_short_sentence,hap,AV_pair,L:Lrev|R:L,L_vs_Lrev@en,buttons,7,right,R1,,,,749,4,0,0,,
P41,jp,1,pair_ml,50,0,0,0,v6_pair_ml_c4711cd80a_1.mp4,cn,0002_000488,ang,AV_pair,L:Lrev|R:L,L_vs_Lrev@cn,buttons,7,right,R1,,,,1054,1,0,0,,
P41,jp,1,pair_ml,51,0,0,0,v6_pair_ml_1780ae57a3_1.mp4,jp,jp_sad_short_sentence,sad,AV_pair,L:Lrev|R:L,L_vs_Lrev@jp,buttons,7,same,S0,,,,1163,1,0,0,,
P41,jp,1,pair_ml,52,0,0,0,v6_pair_ml_e5fa8f451a_2.mp4,en,en_ang_short_sentence,ang,AV_pair,L:L|R:Lrev,L_vs_Lrev@en,buttons,7,same,S0,,,,1169,1,0,0,,
P41,jp,1,pair_ml,53,0,0,0,v6_pair_ml_a717ea56f4_2.mp4,cn,0002_000838,hap,AV_pair,L:L|R:Lrev,L_vs_Lrev@cn,buttons,7,right,R2,,,,400,1,0,0,,
P41,jp,1,pair_ml,54,0,0,0,v6_pair_ml_506942a631_2.mp4,en,en_sad_short_sentence,sad,AV_pair,L:L|R:Lrev,L_vs_Lrev@en,buttons,7,same,S0,,,,1041,2,0,0,,
P41,jp,1,pair_ml,55,0,0,0,v6_pair_ml_d921b78eb4_2.mp4,jp,jp_ang_short_sentence,ang,AV_pair,L:L|R:E,L_vs_E@jp,buttons,7,right,R2,,,,914,0,0,0,,
P41,jp,1,pair_ml,56,0,0,0,v6_pair_ml_d6dd46665d_1.mp4,cn,0002_001188,sad,AV_pair,L:Lrev|R:L,L_vs_Lrev@cn,buttons,7,left,L2,,,,833,1,0,0,,
P41,jp,1,pair_ml,57,0,0,0,v6_pair_ml_c3519312c6_2.mp4,jp,jp_hap_short_sentence,hap,AV_pair,L:L|R:Lrev,L_vs_Lrev@jp,buttons,7,same,S0,,,,1061,2,0,0,,
P41,jp,1,pair_ml,58,0,0,0,v6_pair_ml_44c920798b_1.mp4,en,en_ang_short_sentence,ang,AV_pair,L:E|R:L,L_vs_E@en,buttons,7,same,S0,,,,811,1,0,0,,
P41,jp,1,pair_ml,59,0,0,0,v6_pair_ml_9b2f256f7d_1.mp4,cn,0002_000838,hap,AV_pair,L:E|R:L,L_vs_E@cn,buttons,7,same,S0,,,,770,0,0,0,,
P41,jp,1,pair_ml,60,0,0,0,v6_pair_ml_4fc1e0e0d1_2.mp4,jp,jp_sad_short_sentence,sad,AV_pair,L:L|R:E,L_vs_E@jp,buttons,7,left,L2,,,,1232,0,0,0,,
P41,jp,1,pair_ml,61,0,0,0,v6_pair_ml_7e3e5bb20d_2.mp4,cn,0002_000488,ang,AV_pair,L:L|R:E,L_vs_E@cn,buttons,7,same,S0,,,,745,3,0,0,,
P41,jp,1,pair_ml,62,0,0,0,v6_pair_ml_afa28cd8ae_1.mp4,jp,jp_hap_short_sentence,hap,AV_pair,L:E|R:L,L_vs_E@jp,buttons,7,same,S0,,,,799,2,0,0,,
P41,jp,1,pair_mute,63,0,0,0,v6_pair_mute_3b6fa3b207_1.mp4,en,rav16,hap,AV_pair,L:E|R:H,mute:H_vs_E@strong,buttons,7,right,R3,,,,924,3,0,0,,
P41,jp,1,pair_mute,64,0,0,0,v6_pair_mute_555cc59e4b_2.mp4,en,rav10,fear,AV_pair,L:H|R:E,mute:H_vs_E@strong,buttons,7,left,L3,,,,545,1,0,0,,
P41,jp,1,pair_mute,65,0,0,0,v6_pair_mute_250e7890e4_1.mp4,en,rav20,fear,AV_pair,L:E|R:H,mute:H_vs_E@strong,buttons,7,right,R1,,,,714,1,0,0,,
P41,jp,1,pair_mute,66,0,0,0,v6_pair_mute_30ad4160ab_2.mp4,en,rav18,dis,AV_pair,L:H|R:E,mute:H_vs_E@strong,buttons,7,left,L2,,,,843,0,0,0,,
P41,jp,1,pair_mute,67,0,0,0,v6_pair_mute_39140f1f71_2.mp4,en,rav04,hap,AV_pair,L:H|R:E,mute:H_vs_E@strong,buttons,7,left,L3,,,,578,0,0,0,,
P41,jp,1,pair_mute,68,0,0,0,v6_pair_mute_005d45f10b_1.mp4,en,rav06,ang,AV_pair,L:E|R:H,mute:H_vs_E@strong,buttons,7,right,R3,,,,598,0,0,0,,
P41,jp,1,voice_only,69,0,0,0,v6_voice_17e973c755_1.mp4,en,rav14,hap,voice_only,voice:strong,voice_check,buttons,7,,sad,6,,,2558,0,0,0,0,
P41,jp,1,voice_only,70,0,0,0,v6_voice_fb11565c01_1.mp4,en,rav20,fear,voice_only,voice:normal,voice_check,buttons,7,,sad,6,,,2564,1,0,0,0,
P41,jp,1,voice_only,71,0,0,0,v6_voice_b0cfac7f4c_1.mp4,en,rav18,dis,voice_only,voice:strong,voice_check,buttons,7,,dis,5,,,1360,0,0,0,1,
P41,jp,1,voice_only,72,0,0,0,v6_voice_7642129e05_1.mp4,en,rav12,fear,voice_only,voice:normal,voice_check,buttons,7,,sad,5,,,819,1,0,0,0,
P41,jp,1,voice_only,73,0,0,0,v6_voice_5daeb1533f_1.mp4,en,rav04,hap,voice_only,voice:strong,voice_check,buttons,7,,hap,6,,,1884,0,0,0,1,
P41,jp,1,voice_only,74,0,0,0,v6_voice_50a83a8476_1.mp4,en,rav18,dis,voice_only,voice:normal,voice_check,buttons,7,,fear,4,,,1360,1,0,0,0,
P41,jp,1,voice_only,75,0,0,0,v6_voice_08aabec890_1.mp4,en,rav06,ang,voice_only,voice:strong,voice_check,buttons,7,,ang,7,,,627,0,0,0,1,
P41,jp,1,voice_only,76,0,0,0,v6_voice_214566cf57_1.mp4,en,rav14,hap,voice_only,voice:normal,voice_check,buttons,7,,fear,4,,,2916,0,0,0,0,
P41,jp,1,voice_only,77,0,0,0,v6_voice_aaea5d0aab_1.mp4,en,rav12,fear,voice_only,voice:strong,voice_check,buttons,7,,sad,5,,,1309,0,0,0,0,
P41,jp,1,voice_only,78,0,0,0,v6_voice_a66c973128_1.mp4,en,rav06,ang,voice_only,voice:normal,voice_check,buttons,7,,ang,7,,,410,0,0,0,1,
P41,jp,1,voice_only,79,0,0,0,v6_voice_70e2096718_1.mp4,en,rav20,fear,voice_only,voice:strong,voice_check,buttons,7,,fear,7,,,934,0,0,0,1,
P41,jp,1,voice_only,80,0,0,0,v6_voice_cd8f85d3b2_1.mp4,en,rav04,hap,voice_only,voice:normal,voice_check,buttons,7,,neu,,,,564,0,0,0,0,
P42,jp,1,single,0,0,0,0,v6_single_739783e84d_3.mp4,en,rav10,fear,AV,,,buttons,7,,fear,5,6,,11466,0,0,0,1,
P42,jp,1,single,1,0,0,0,v6_single_a721e1869f_2.mp4,en,rav18,dis,AV,,,buttons,7,,fear,5,4,,5226,0,0,0,0,
P42,jp,1,single,2,0,0,0,v6_single_76ee15a092_1.mp4,en,rav04,hap,AV,,,buttons,7,,hap,4,5,,2106,0,0,0,1,
P42,jp,1,single,3,0,0,0,v6_single_7b8afe562a_2.mp4,en,rav06,ang,AV,,,buttons,7,,ang,2,3,,2599,0,0,0,1,
P42,jp,1,single,4,0,0,0,v6_single_802ffa53c5_3.mp4,en,rav20,fear,AV,,,buttons,7,,sad,2,3,,1690,0,0,0,0,
P42,jp,1,single,5,0,0,0,v6_single_24bf624e7d_1.mp4,en,rav16,hap,AV,,,buttons,7,,hap,3,5,,3875,0,0,0,1,
P42,jp,1,practice,6,1,0,0,v6_practice_85af89ed95_1.mp4,en,rav10,hap,AV_pair,L:E|R:H,practice:H_vs_E@strong,buttons,7,same,S0,,,,9367,0,0,0,,
P42,jp,1,practice,7,1,0,0,v6_practice_cd0abf6ffd_2.mp4,en,rav22,ang,AV_pair,L:H|R:E,practice:H_vs_E@strong,buttons,7,right,R1,,,,6017,0,0,0,,
P42,jp,1,pair,8,0,0,0,v6_pair_69a37819e2_1.mp4,en,rav10,fear,AV_pair,L:E|R:H,H_vs_E@strong,buttons,7,left,L1,,,,2649,0,0,0,,
P42,jp,1,pair,9,0,0,0,v6_pair_3b7f4443aa_2.mp4,en,rav12,fear,AV_pair,L:H|R:E,H_vs_E@normal,buttons,7,left,L2,,,,5932,0,0,0,,
P42,jp,1,pair_catch,10,0,1,0,v6_catch_6f7a8a44b1_2.mp4,en,rav10,hap,AV_pair,L:still|R:H,correct:right,buttons,2,right,right,,,,7252,0,0,0,1,1
P42,jp,1,pair,11,0,0,0,v6_pair_0c7d060d5f_1.mp4,en,rav24,dis,AV_pair,L:E|R:H,H_vs_E@strong,buttons,7,right,R1,,,,2474,0,0,0,,
P42,jp,1,pair,12,0,0,0,v6_pair_7697f115bc_2.mp4,en,rav12,fear,AV_pair,L:H|R:E,H_vs_E@strong,buttons,7,left,L2,,,,4403,0,0,0,,
P42,jp,1,pair,13,0,0,0,v6_pair_d3f0adc106_2.mp4,en,rav10,fear,AV_pair,L:H|R:R,H_vs_R@strong,buttons,7,same,S0,,,,5222,0,0,0,,
P42,jp,1,pair,14,0,0,0,v6_pair_3961b3142e_2.mp4,en,rav20,fear,AV_pair,L:H|R:E,H_vs_E@strong,buttons,7,same,S0,,,,2436,0,0,0,,
P42,jp,1,pair,15,0,0,0,v6_pair_e5c0cf4a07_1.mp4,en,rav04,hap,AV_pair,L:R|R:H,H_vs_R@strong,buttons,7,left,L1,,,,2117,0,0,0,,
P42,jp,1,pair,16,0,0,0,v6_pair_97e6c7f1ce_1.mp4,en,rav18,dis,AV_pair,L:E|R:H,H_vs_E@normal,buttons,7,right,R2,,,,4130,0,0,0,,
P42,jp,1,pair,17,0,0,0,v6_pair_53e6c4770b_1.mp4,en,rav14,hap,AV_pair,L:E|R:H,H_vs_E@strong,buttons,7,same,S0,,,,3930,0,0,0,,
P42,jp,1,pair,18,0,0,0,v6_pair_db8f08e27f_1.mp4,en,rav10,fear,AV_pair,L:E|R:H,H_vs_E@normal,buttons,7,right,R1,,,,3681,0,0,0,,
P42,jp,1,pair,19,0,0,0,v6_pair_6f570415b8_1.mp4,en,rav12,fear,AV_pair,L:R|R:H,H_vs_R@strong,buttons,7,left,L1,,,,1448,0,0,0,,
P42,jp,1,pair,20,0,0,0,v6_pair_a97dec2f4e_2.mp4,en,rav14,hap,AV_pair,L:H|R:R,H_vs_R@strong,buttons,7,same,S0,,,,4466,0,0,0,,
P42,jp,1,pair,21,0,0,0,v6_pair_fb8e3dd060_2.mp4,en,rav08,ang,AV_pair,L:H|R:E,H_vs_E@normal,buttons,7,left,L1,,,,4498,0,0,0,,
P42,jp,1,pair,22,0,0,0,v6_pair_5adfe6a4bd_2.mp4,en,rav20,fear,AV_pair,L:H|R:E,H_vs_E@normal,buttons,7,same,S0,,,,4337,0,0,0,,
P42,jp,1,pair,23,0,0,0,v6_pair_dc983160dd_1.mp4,en,rav02,ang,AV_pair,L:R|R:H,H_vs_R@strong,buttons,7,left,L1,,,,1752,0,0,0,,
P42,jp,1,pair,24,0,0,0,v6_pair_13ae59e46d_1.mp4,en,rav02,dis,AV_pair,L:E|R:H,H_vs_E@strong,buttons,7,left,L1,,,,2659,0,0,0,,
P42,jp,1,pair,25,0,0,0,v6_pair_58bfd0c96b_2.mp4,en,rav24,dis,AV_pair,L:H|R:R,H_vs_R@strong,buttons,7,right,R1,,,,1331,0,0,0,,
P42,jp,1,pair,26,0,0,0,v6_pair_e86b22f765_1.mp4,en,rav24,dis,AV_pair,L:E|R:H,H_vs_E@normal,buttons,7,left,L1,,,,4808,0,0,0,,
P42,jp,1,pair,27,0,0,0,v6_pair_7ef69736a7_2.mp4,en,rav18,dis,AV_pair,L:H|R:R,H_vs_R@strong,buttons,7,right,R1,,,,1769,0,0,0,,
P42,jp,1,pair,28,0,0,0,v6_pair_0a26430948_2.mp4,en,rav04,hap,AV_pair,L:H|R:E,H_vs_E@normal,buttons,7,right,R1,,,,3676,0,0,0,,
P42,jp,1,pair,29,0,0,0,v6_pair_faec1498b7_1.mp4,en,rav08,ang,AV_pair,L:R|R:H,H_vs_R@strong,buttons,7,left,L1,,,,2739,0,0,0,,
P42,jp,1,pair,30,0,0,0,v6_pair_c12bac8692_2.mp4,en,rav08,ang,AV_pair,L:H|R:E,H_vs_E@strong,buttons,7,right,R1,,,,1211,0,0,0,,
P42,jp,1,pair,31,0,0,0,v6_pair_f5403c44bd_1.mp4,en,rav16,hap,AV_pair,L:R|R:H,H_vs_R@strong,buttons,7,same,S0,,,,2135,0,0,0,,
P42,jp,1,pair,32,0,0,0,v6_pair_33e30e2c1d_1.mp4,en,rav02,dis,AV_pair,L:E|R:H,H_vs_E@normal,buttons,7,same,S0,,,,2773,0,0,0,,
P42,jp,1,pair,33,0,0,0,v6_pair_c38e9eb491_1.mp4,en,rav18,dis,AV_pair,L:E|R:H,H_vs_E@strong,buttons,7,right,R1,,,,3219,0,0,0,,
P42,jp,1,pair,34,0,0,0,v6_pair_8073668068_2.mp4,en,rav02,dis,AV_pair,L:H|R:R,H_vs_R@strong,buttons,7,same,S0,,,,4412,0,0,0,,
P42,jp,1,pair,35,0,0,0,v6_pair_93629a9394_2.mp4,en,rav06,ang,AV_pair,L:H|R:R,H_vs_R@strong,buttons,7,right,R1,,,,4605,0,0,0,,
P42,jp,1,pair,36,0,0,0,v6_pair_5caed2de25_1.mp4,en,rav06,ang,AV_pair,L:E|R:H,H_vs_E@normal,buttons,7,left,L2,,,,4227,0,0,0,,
P42,jp,1,pair,37,0,0,0,v6_pair_23d7c570a2_2.mp4,en,rav04,hap,AV_pair,L:H|R:E,H_vs_E@strong,buttons,7,left,L2,,,,3639,0,0,0,,
P42,jp,1,pair,38,0,0,0,v6_pair_0c8482b715_2.mp4,en,rav02,ang,AV_pair,L:H|R:E,H_vs_E@normal,buttons,7,same,S0,,,,1401,0,0,0,,
P42,jp,1,pair,39,0,0,0,v6_pair_417168a67a_1.mp4,en,rav20,fear,AV_pair,L:R|R:H,H_vs_R@strong,buttons,7,same,S0,,,,5560,0,0,0,,
P42,jp,1,pair,40,0,0,0,v6_pair_87b373e751_2.mp4,en,rav16,hap,AV_pair,L:H|R:E,H_vs_E@strong,buttons,7,right,R1,,,,6695,0,0,0,,
P42,jp,1,pair,41,0,0,0,v6_pair_1fc4717f31_2.mp4,en,rav16,hap,AV_pair,L:H|R:E,H_vs_E@normal,buttons,7,right,R1,,,,6851,0,0,0,,
P42,jp,1,pair,42,0,0,0,v6_pair_4a472014db_1.mp4,en,rav06,ang,AV_pair,L:E|R:H,H_vs_E@strong,buttons,7,right,R2,,,,2598,0,0,0,,
P42,jp,1,pair,43,0,0,0,v6_pair_66fc12fdc8_1.mp4,en,rav14,hap,AV_pair,L:E|R:H,H_vs_E@normal,buttons,7,right,R1,,,,1419,0,0,0,,
P42,jp,1,pair,44,0,0,0,v6_pair_d81bffa4be_2.mp4,en,rav02,ang,AV_pair,L:H|R:E,H_vs_E@strong,buttons,7,right,R1,,,,1925,0,0,0,,
P42,jp,1,pair_ml,45,0,0,0,v6_pair_ml_d6dd46665d_1.mp4,cn,0002_001188,sad,AV_pair,L:Lrev|R:L,L_vs_Lrev@cn,buttons,7,right,R2,,,,2991,0,0,0,,
P42,jp,1,pair_ml,46,0,0,0,v6_pair_ml_c3519312c6_2.mp4,jp,jp_hap_short_sentence,hap,AV_pair,L:L|R:Lrev,L_vs_Lrev@jp,buttons,7,same,S0,,,,2811,0,0,0,,
P42,jp,1,pair_ml,47,0,0,0,v6_pair_ml_d5ab099d51_2.mp4,cn,0002_001188,sad,AV_pair,L:L|R:E,L_vs_E@cn,buttons,7,right,R1,,,,5166,0,0,0,,
P42,jp,1,pair_ml,48,0,0,0,v6_pair_ml_afa28cd8ae_1.mp4,jp,jp_hap_short_sentence,hap,AV_pair,L:E|R:L,L_vs_E@jp,buttons,7,right,R1,,,,2393,0,0,0,,
P42,jp,1,pair_ml,49,0,0,0,v6_pair_ml_44c920798b_1.mp4,en,en_ang_short_sentence,ang,AV_pair,L:E|R:L,L_vs_E@en,buttons,7,right,R1,,,,4477,0,0,0,,
P42,jp,1,pair_ml,50,0,0,0,v6_pair_ml_4fc1e0e0d1_2.mp4,jp,jp_sad_short_sentence,sad,AV_pair,L:L|R:E,L_vs_E@jp,buttons,7,left,L1,,,,2490,0,0,0,,
P42,jp,1,pair_ml,51,0,0,0,v6_pair_ml_97c8810aa2_1.mp4,en,en_hap_short_sentence,hap,AV_pair,L:Lrev|R:L,L_vs_Lrev@en,buttons,7,same,S0,,,,2324,0,0,0,,
P42,jp,1,pair_ml,52,0,0,0,v6_pair_ml_d921b78eb4_2.mp4,jp,jp_ang_short_sentence,ang,AV_pair,L:L|R:E,L_vs_E@jp,buttons,7,left,L1,,,,3505,0,0,0,,
P42,jp,1,pair_ml,53,0,0,0,v6_pair_ml_9b2f256f7d_1.mp4,cn,0002_000838,hap,AV_pair,L:E|R:L,L_vs_E@cn,buttons,7,same,S0,,,,2127,0,0,0,,
P42,jp,1,pair_ml,54,0,0,0,v6_pair_ml_0bc71a1be9_1.mp4,jp,jp_ang_short_sentence,ang,AV_pair,L:Lrev|R:L,L_vs_Lrev@jp,buttons,7,left,L1,,,,1719,0,0,0,,
P42,jp,1,pair_ml,55,0,0,0,v6_pair_ml_98df03baec_1.mp4,en,en_sad_short_sentence,sad,AV_pair,L:E|R:L,L_vs_E@en,buttons,7,left,L1,,,,4279,0,0,0,,
P42,jp,1,pair_ml,56,0,0,0,v6_pair_ml_c4711cd80a_1.mp4,cn,0002_000488,ang,AV_pair,L:Lrev|R:L,L_vs_Lrev@cn,buttons,7,right,R2,,,,1744,0,0,0,,
P42,jp,1,pair_ml,57,0,0,0,v6_pair_ml_506942a631_2.mp4,en,en_sad_short_sentence,sad,AV_pair,L:L|R:Lrev,L_vs_Lrev@en,buttons,7,same,S0,,,,3372,0,0,0,,
P42,jp,1,pair_ml,58,0,0,0,v6_pair_ml_7e3e5bb20d_2.mp4,cn,0002_000488,ang,AV_pair,L:L|R:E,L_vs_E@cn,buttons,7,left,L1,,,,1545,0,0,0,,
P42,jp,1,pair_ml,59,0,0,0,v6_pair_ml_f26827db2f_2.mp4,en,en_hap_short_sentence,hap,AV_pair,L:L|R:E,L_vs_E@en,buttons,7,right,R1,,,,6979,0,0,0,,
P42,jp,1,pair_ml,60,0,0,0,v6_pair_ml_1780ae57a3_1.mp4,jp,jp_sad_short_sentence,sad,AV_pair,L:Lrev|R:L,L_vs_Lrev@jp,buttons,7,right,R1,,,,1006,0,0,0,,
P42,jp,1,pair_ml,61,0,0,0,v6_pair_ml_a717ea56f4_2.mp4,cn,0002_000838,hap,AV_pair,L:L|R:Lrev,L_vs_Lrev@cn,buttons,7,right,R1,,,,2512,0,0,0,,
P42,jp,1,pair_ml,62,0,0,0,v6_pair_ml_e5fa8f451a_2.mp4,en,en_ang_short_sentence,ang,AV_pair,L:L|R:Lrev,L_vs_Lrev@en,buttons,7,right,R1,,,,4115,0,0,0,,
P42,jp,1,pair_mute,63,0,0,0,v6_pair_mute_555cc59e4b_2.mp4,en,rav10,fear,AV_pair,L:H|R:E,mute:H_vs_E@strong,buttons,7,same,S0,,,,10690,0,0,0,,
P42,jp,1,pair_mute,64,0,0,0,v6_pair_mute_3b6fa3b207_1.mp4,en,rav16,hap,AV_pair,L:E|R:H,mute:H_vs_E@strong,buttons,7,right,R2,,,,1999,0,0,0,,
P42,jp,1,pair_mute,65,0,0,0,v6_pair_mute_005d45f10b_1.mp4,en,rav06,ang,AV_pair,L:E|R:H,mute:H_vs_E@strong,buttons,7,right,R2,,,,2671,0,0,0,,
P42,jp,1,pair_mute,66,0,0,0,v6_pair_mute_39140f1f71_2.mp4,en,rav04,hap,AV_pair,L:H|R:E,mute:H_vs_E@strong,buttons,7,left,L2,,,,1531,0,0,0,,
P42,jp,1,pair_mute,67,0,0,0,v6_pair_mute_30ad4160ab_2.mp4,en,rav18,dis,AV_pair,L:H|R:E,mute:H_vs_E@strong,buttons,7,left,L1,,,,1816,0,0,0,,
P42,jp,1,pair_mute,68,0,0,0,v6_pair_mute_250e7890e4_1.mp4,en,rav20,fear,AV_pair,L:E|R:H,mute:H_vs_E@strong,buttons,7,same,S0,,,,1308,0,0,0,,
P42,jp,1,voice_only,69,0,0,0,v6_voice_214566cf57_1.mp4,en,rav14,hap,voice_only,voice:normal,voice_check,buttons,7,,ang,4,,,10104,0,0,0,0,
P42,jp,1,voice_only,70,0,0,0,v6_voice_08aabec890_1.mp4,en,rav06,ang,voice_only,voice:strong,voice_check,buttons,7,,ang,7,,,1065,0,0,0,1,
P42,jp,1,voice_only,71,0,0,0,v6_voice_fb11565c01_1.mp4,en,rav20,fear,voice_only,voice:normal,voice_check,buttons,7,,sad,5,,,5503,0,0,0,0,
P42,jp,1,voice_only,72,0,0,0,v6_voice_5daeb1533f_1.mp4,en,rav04,hap,voice_only,voice:strong,voice_check,buttons,7,,hap,4,,,2994,0,0,0,1,
P42,jp,1,voice_only,73,0,0,0,v6_voice_7642129e05_1.mp4,en,rav12,fear,voice_only,voice:normal,voice_check,buttons,7,,sad,6,,,4256,0,0,0,0,
P42,jp,1,voice_only,74,0,0,0,v6_voice_17e973c755_1.mp4,en,rav14,hap,voice_only,voice:strong,voice_check,buttons,7,,sad,7,,,1800,0,0,0,0,
P42,jp,1,voice_only,75,0,0,0,v6_voice_a66c973128_1.mp4,en,rav06,ang,voice_only,voice:normal,voice_check,buttons,7,,dis,5,,,1986,0,0,0,0,
P42,jp,1,voice_only,76,0,0,0,v6_voice_b0cfac7f4c_1.mp4,en,rav18,dis,voice_only,voice:strong,voice_check,buttons,7,,ang,5,,,2591,0,0,0,0,
P42,jp,1,voice_only,77,0,0,0,v6_voice_cd8f85d3b2_1.mp4,en,rav04,hap,voice_only,voice:normal,voice_check,buttons,7,,hap,2,,,4524,0,0,0,1,
P42,jp,1,voice_only,78,0,0,0,v6_voice_aaea5d0aab_1.mp4,en,rav12,fear,voice_only,voice:strong,voice_check,buttons,7,,fear,6,,,3031,0,0,0,1,
P42,jp,1,voice_only,79,0,0,0,v6_voice_50a83a8476_1.mp4,en,rav18,dis,voice_only,voice:normal,voice_check,buttons,7,,dis,2,,,2682,0,0,0,1,
P42,jp,1,voice_only,80,0,0,0,v6_voice_70e2096718_1.mp4,en,rav20,fear,voice_only,voice:strong,voice_check,buttons,7,,fear,7,,,6242,0,0,0,1,
