source,channel,arm,family,metric,excl_fail,slope,ci_lo,ci_hi,p_boot_le0,rho,rho_items_mean,frac_monotone,r_within,swing_frac,n_items,n_cells,log_y_used,subset
emoface,brow_mean,clean,span,m.amp,False,-0.0082129,-0.10189,0.099051,0.5835,-0.054071,-0.15833,0.083333,-0.034173,0.18467,60,12,True,all
emoface,brow_mean,clean,span,m.amp,True,-0.0010252,-0.097873,0.10725,0.5295,0.003599,-0.083333,0.16667,-0.0042826,0.18307,58,12,True,excl_fail
emoface,brow_mean,clean,span,m.amp,False,-0.035435,-0.078796,-0.00050481,0.981,-0.099231,-0.24,0,-0.1854,0.079511,25,5,True,lang:cn (descriptive)
emoface,brow_mean,clean,span,m.amp,False,0.039446,-0.078096,0.24698,0.277,0.092857,0.1,0,0.17464,0.17976,15,3,True,lang:en (descriptive)
emoface,brow_mean,clean,span,m.amp,False,-0.018111,-0.22877,0.29203,0.566,-0.10827,-0.25,0.25,-0.062227,0.29918,20,4,True,lang:jp (descriptive)
emoface,brow_mean,clean,span,m.vel_rms,False,-0.058148,-0.11246,-0.0013727,0.979,-0.33632,-0.15,0,-0.28113,0.19211,60,12,True,all
emoface,brow_mean,clean,span,m.vel_rms,True,-0.052621,-0.11086,0.006832,0.961,-0.30241,-0.075,0.083333,-0.25652,0.19211,58,12,True,excl_fail
emoface,brow_mean,clean,span,m.event_rate,False,-0.12858,-0.21681,-0.036708,0.998,-0.28887,,0,-0.30121,0.27206,60,12,False,all
emoface,brow_mean,clean,span,m.event_rate,True,-0.1321,-0.22121,-0.039935,0.998,-0.29771,-0.28823,0,-0.3053,0.27206,58,12,False,excl_fail
emoface,brow_mean,clean,span_pyin,m.amp,False,0.017392,-0.12935,0.070409,0.3645,-0.088636,-0.21667,0.083333,0.098683,0.18467,60,12,True,all
emoface,brow_mean,clean,span_pyin,m.amp,True,0.021462,-0.12407,0.077192,0.3245,-0.041435,-0.083333,0.16667,0.12306,0.18307,58,12,True,excl_fail
emoface,brow_mean,clean,span_pyin,m.amp,False,-0.043437,-0.090626,0.010323,0.909,-0.10231,-0.24,0,-0.18672,0.079511,25,5,True,lang:cn (descriptive)
emoface,brow_mean,clean,span_pyin,m.amp,False,0.039966,-0.11831,0.053769,0.277,0.11071,-0.13333,0,0.37586,0.17976,15,3,True,lang:en (descriptive)
emoface,brow_mean,clean,span_pyin,m.amp,False,-0.022339,-0.23436,0.29833,0.566,-0.18797,-0.25,0.25,-0.075651,0.29918,20,4,True,lang:jp (descriptive)
emoface,brow_mean,clean,span_pyin,m.vel_rms,False,-0.02313,-0.13199,0.0079513,0.897,-0.33676,-0.20833,0,-0.15249,0.19211,60,12,True,all
emoface,brow_mean,clean,span_pyin,m.vel_rms,True,-0.019777,-0.12718,0.010537,0.8605,-0.30567,-0.075,0.083333,-0.13233,0.19211,58,12,True,excl_fail
emoface,brow_mean,clean,span_pyin,m.event_rate,False,-0.064428,-0.20634,-0.022754,0.9965,-0.28973,,0,-0.20581,0.27206,60,12,False,all
emoface,brow_mean,clean,span_pyin,m.event_rate,True,-0.065328,-0.21779,-0.023097,0.9965,-0.29343,-0.28823,0,-0.20724,0.27206,58,12,False,excl_fail
emoface,brow_mean,clean,dyn,m.amp,False,-0.0003384,-0.060801,0.061224,0.516,-0.015576,-0.083333,0.083333,-0.0024274,0.090049,36,12,True,all
emoface,brow_mean,clean,dyn,m.amp,False,-0.048082,-0.1348,0.038142,0.848,-0.32857,-0.4,0,-0.39104,0.087295,15,5,True,lang:cn (descriptive)
emoface,brow_mean,clean,dyn,m.amp,False,0.03512,-0.1102,0.17902,0.343,0.28333,0.16667,0.33333,0.20355,0.10809,9,3,True,lang:en (descriptive)
emoface,brow_mean,clean,dyn,m.amp,False,0.034089,-0.056289,0.10743,0.2,0.32867,0.125,0,0.26056,0.099305,12,4,True,lang:jp (descriptive)
emoface,brow_mean,clean,dyn,m.vel_rms,False,-0.064458,-0.15731,0.032472,0.8995,-0.28229,-0.29167,0.16667,-0.33531,0.11611,36,12,True,all
emoface,brow_mean,clean,dyn,m.event_rate,False,-0.055051,-0.21733,0.10673,0.752,-0.16638,-0.12321,0,-0.12796,0.24264,36,12,False,all
emoface,brow_mean,clean,combined,m.amp,False,-0.008788,-0.062783,0.048023,0.636,-0.094972,0,0.41667,-0.072851,0.19438,36,12,True,all
emoface,brow_mean,clean,combined,m.amp,True,0.0029185,-0.050592,0.062445,0.4785,-0.015878,0.045455,0.45455,0.025349,0.14437,35,12,True,excl_fail
emoface,brow_mean,clean,combined,m.amp,False,-0.052442,-0.10754,-0.0028494,0.985,-0.45356,-0.4,0.2,-0.50254,0.13463,15,5,True,lang:cn (descriptive)
emoface,brow_mean,clean,combined,m.amp,False,0.014941,-0.10445,0.10668,0.356,0.26352,0.5,0.66667,0.11967,0.23465,9,3,True,lang:en (descriptive)
emoface,brow_mean,clean,combined,m.amp,False,0.027982,-0.082423,0.14658,0.375,0.029566,0.125,0.5,0.20657,0.20038,12,4,True,lang:jp (descriptive)
emoface,brow_mean,clean,combined,m.vel_rms,False,-0.031088,-0.067263,0.0093037,0.933,-0.30457,-0.125,0.16667,-0.32999,0.15444,36,12,True,all
emoface,brow_mean,clean,combined,m.vel_rms,True,-0.027634,-0.066831,0.014865,0.8985,-0.25757,-0.090909,0.18182,-0.29114,0.15171,35,12,True,excl_fail
emoface,brow_mean,clean,combined,m.event_rate,False,-0.053111,-0.14422,0.045503,0.8525,-0.1966,-0.090909,0.090909,-0.22316,0.28125,36,12,False,all
emoface,brow_mean,clean,combined,m.event_rate,True,-0.076652,-0.15586,0.0079363,0.9605,-0.28066,-0.2,0,-0.3286,0.28125,35,12,False,excl_fail
emoface,brow_mean,clean,register,m.amp,False,-0.0070708,-0.03706,0.030049,0.6615,-0.24067,-0.29167,0.083333,-0.091406,0.23159,36,12,True,all
emoface,brow_mean,clean,register,m.amp,False,-0.0101,-0.044932,0.029756,0.671,-0.32857,-0.5,0,-0.17845,0.16201,15,5,True,lang:cn (descriptive)
emoface,brow_mean,clean,register,m.amp,False,0.023056,-0.065292,0.16637,0.277,-0.15,0,0.33333,0.19817,0.25171,9,3,True,lang:en (descriptive)
emoface,brow_mean,clean,register,m.amp,False,-0.025543,-0.057486,0.0063839,0.932,-0.3007,-0.25,0,-0.41099,0.23005,12,4,True,lang:jp (descriptive)
emoface,brow_mean,clean,register,m.vel_rms,False,-0.00062185,-0.03217,0.037701,0.532,-0.15804,-0.16667,0.16667,-0.0084159,0.1733,36,12,True,all
emoface,brow_mean,clean,register,m.event_rate,False,0.0096617,-0.061335,0.086023,0.389,-0.069281,-0.021096,0.27273,0.065195,0.30952,36,12,False,all
emoface,brow_mean,clean,rate,m.amp,False,-0.45608,-1.5398,0.46991,0.824,-0.18058,,,-0.24735,0.08647,24,12,True,all
emoface,brow_mean,clean,rate,m.amp,False,-0.33287,-1.541,0.76549,0.68,-0.24371,,,-0.25158,0.11009,10,5,True,lang:cn (descriptive)
emoface,brow_mean,clean,rate,m.amp,False,-0.87629,-4.9212,2.5726,0.606,-0.29277,,,-0.27298,0.31134,6,3,True,lang:en (descriptive)
emoface,brow_mean,clean,rate,m.amp,False,-0.29492,-0.70796,0.11811,0.909,-0.54554,,,-0.55527,0.044368,8,4,True,lang:jp (descriptive)
emoface,brow_mean,clean,rate,m.vel_rms,False,-0.16665,-0.959,0.53407,0.666,-0.08427,,,-0.12554,0.057031,24,12,True,all
emoface,brow_mean,clean,rate,m.event_rate,False,0.42717,-1.0747,1.7163,0.2775,0.29722,,,0.16646,0.12133,24,12,False,all
emoface,brow_mean,noise,span,m.amp,False,-0.0067093,-0.099459,0.099363,0.574,-0.063351,-0.083333,0.083333,-0.028914,0.18334,60,12,True,all
emoface,brow_mean,noise,span,m.amp,True,-0.00039321,-0.096849,0.10828,0.5225,-0.0091359,-0.0083333,0.16667,-0.0016966,0.18334,58,12,True,excl_fail
emoface,brow_mean,noise,span,m.amp,False,-0.025762,-0.082986,0.031452,0.776,-0.030769,-0.02,0,-0.13624,0.12056,25,5,True,lang:cn (descriptive)
emoface,brow_mean,noise,span,m.amp,False,0.038713,-0.092443,0.24836,0.231,0.064286,0.066667,0,0.18368,0.17732,15,3,True,lang:en (descriptive)
emoface,brow_mean,noise,span,m.amp,False,-0.023165,-0.22531,0.2815,0.566,-0.12932,-0.275,0.25,-0.082049,0.28926,20,4,True,lang:jp (descriptive)
emoface,brow_mean,noise,span,m.vel_rms,False,-0.051134,-0.10974,0.0074652,0.9565,-0.30264,-0.25,0,-0.24179,0.18727,60,12,True,all
emoface,brow_mean,noise,span,m.vel_rms,True,-0.046633,-0.108,0.017089,0.93,-0.27817,-0.20833,0,-0.22068,0.18727,58,12,True,excl_fail
emoface,brow_mean,noise,span,m.event_rate,False,-0.015007,-0.1271,0.085845,0.5965,-0.013686,,0,-0.04062,0.33333,60,12,False,all
emoface,brow_mean,noise,span,m.event_rate,True,-0.015418,-0.13011,0.088849,0.5965,-0.015133,0.029362,0,-0.041172,0.33333,58,12,False,excl_fail
emoface,brow_mean,noise,span_pyin,m.amp,False,0.019527,-0.12725,0.072603,0.3485,-0.08569,-0.14167,0.083333,0.11475,0.18334,60,12,True,all
emoface,brow_mean,noise,span_pyin,m.amp,True,0.023138,-0.12044,0.0785,0.312,-0.037989,-0.0083333,0.16667,0.13704,0.18334,58,12,True,excl_fail
emoface,brow_mean,noise,span_pyin,m.amp,False,-0.032014,-0.096316,0.035986,0.752,-0.010769,-0.02,0,-0.13909,0.12056,25,5,True,lang:cn (descriptive)
emoface,brow_mean,noise,span_pyin,m.amp,False,0.042173,-0.10743,0.056337,0.277,0.10714,-0.16667,0,0.42506,0.17732,15,3,True,lang:en (descriptive)
emoface,brow_mean,noise,span_pyin,m.amp,False,-0.027048,-0.23077,0.28651,0.614,-0.2,-0.275,0.25,-0.094427,0.28926,20,4,True,lang:jp (descriptive)
emoface,brow_mean,noise,span_pyin,m.vel_rms,False,-0.016043,-0.12737,0.015805,0.78,-0.29475,-0.30833,0,-0.10345,0.18727,60,12,True,all
emoface,brow_mean,noise,span_pyin,m.vel_rms,True,-0.013224,-0.12462,0.018164,0.7395,-0.2679,-0.20833,0,-0.085894,0.18727,58,12,True,excl_fail
emoface,brow_mean,noise,span_pyin,m.event_rate,False,-0.045425,-0.14189,0.072766,0.8695,-0.11389,,0,-0.16766,0.33333,60,12,False,all
emoface,brow_mean,noise,span_pyin,m.event_rate,True,-0.04606,-0.14737,0.075911,0.8695,-0.12184,0.029362,0,-0.16882,0.33333,58,12,False,excl_fail
emoface,brow_mean,noise,dyn,m.amp,False,-0.038123,-0.094598,0.015747,0.91,-0.22141,-0.25,0,-0.28925,0.088523,36,12,True,all
emoface,brow_mean,noise,dyn,m.amp,False,-0.093583,-0.16503,-0.02665,0.999,-0.61071,-0.5,0,-0.67067,0.079863,15,5,True,lang:cn (descriptive)
emoface,brow_mean,noise,dyn,m.amp,False,-0.0067235,-0.077137,0.093213,0.606,0,-0.33333,0,-0.05639,0.087967,9,3,True,lang:en (descriptive)
emoface,brow_mean,noise,dyn,m.amp,False,0.0093273,-0.097476,0.081428,0.351,0.30769,0.125,0,0.071386,0.099617,12,4,True,lang:jp (descriptive)
emoface,brow_mean,noise,dyn,m.vel_rms,False,-0.08796,-0.17777,0.0017377,0.9715,-0.33378,-0.375,0.16667,-0.44849,0.10269,36,12,True,all
emoface,brow_mean,noise,dyn,m.event_rate,False,-0.27917,-0.4714,-0.098982,0.9985,-0.64327,-0.59983,0,-0.55256,0.28571,36,12,False,all
emoface,brow_mean,noise,combined,m.amp,False,-0.010246,-0.062279,0.045663,0.658,-0.131,-0.041667,0.33333,-0.08674,0.2076,36,12,True,all
emoface,brow_mean,noise,combined,m.amp,True,-0.00070501,-0.054392,0.058225,0.532,-0.058218,0,0.36364,-0.0061097,0.16334,35,12,True,excl_fail
emoface,brow_mean,noise,combined,m.amp,False,-0.05859,-0.10328,-0.013764,0.998,-0.54805,-0.5,0,-0.55037,0.15403,15,5,True,lang:cn (descriptive)
emoface,brow_mean,noise,combined,m.amp,False,0.027061,-0.091142,0.11971,0.254,0.31623,0.5,0.66667,0.23793,0.24255,9,3,True,lang:en (descriptive)
emoface,brow_mean,noise,combined,m.amp,False,0.022204,-0.0867,0.13963,0.392,0,0.125,0.5,0.16554,0.2079,12,4,True,lang:jp (descriptive)
emoface,brow_mean,noise,combined,m.vel_rms,False,-0.037961,-0.070347,-0.0038878,0.9885,-0.38644,-0.16667,0.16667,-0.4062,0.14415,36,12,True,all
emoface,brow_mean,noise,combined,m.vel_rms,True,-0.034745,-0.069709,0.0025284,0.9695,-0.34402,-0.13636,0.18182,-0.36995,0.13663,35,12,True,excl_fail
emoface,brow_mean,noise,combined,m.event_rate,False,-0.09231,-0.16697,-0.017564,0.9925,-0.3863,-0.4866,0,-0.45578,0.28571,36,12,False,all
emoface,brow_mean,noise,combined,m.event_rate,True,-0.10513,-0.17101,-0.036763,1,-0.44111,-0.63689,0,-0.50647,0.28571,35,12,False,excl_fail
emoface,brow_mean,noise,register,m.amp,False,-0.0018838,-0.033311,0.035667,0.5575,-0.14646,-0.16667,0.16667,-0.025166,0.20491,36,12,True,all
emoface,brow_mean,noise,register,m.amp,False,0.0019164,-0.034042,0.042973,0.443,0.032143,-0.1,0.2,0.03328,0.1516,15,5,True,lang:cn (descriptive)
emoface,brow_mean,noise,register,m.amp,False,0.026432,-0.062072,0.1633,0.277,-0.16667,-0.16667,0.33333,0.24292,0.21772,9,3,True,lang:en (descriptive)
emoface,brow_mean,noise,register,m.amp,False,-0.027496,-0.059724,0.0052954,0.932,-0.32867,-0.25,0,-0.44374,0.21881,12,4,True,lang:jp (descriptive)
emoface,brow_mean,noise,register,m.vel_rms,False,0.00045791,-0.030826,0.03766,0.508,-0.11969,-0.041667,0.25,0.0063101,0.16542,36,12,True,all
emoface,brow_mean,noise,register,m.event_rate,False,0.011793,-0.038141,0.057989,0.3005,0.063257,0.15746,0,0.11156,0.28571,36,12,False,all
emoface,brow_mean,noise,rate,m.amp,False,-0.46351,-1.4385,0.40321,0.8565,-0.30096,,,-0.26992,0.074741,24,12,True,all
emoface,brow_mean,noise,rate,m.amp,False,-0.33275,-1.631,0.87247,0.652,-0.10445,,,-0.22156,0.15928,10,5,True,lang:cn (descriptive)
emoface,brow_mean,noise,rate,m.amp,False,-0.80181,-4.2481,2.167,0.606,-0.29277,,,-0.29054,0.25648,6,3,True,lang:en (descriptive)
emoface,brow_mean,noise,rate,m.amp,False,-0.37324,-0.73846,0.035332,0.964,-0.76376,,,-0.66454,0.043602,8,4,True,lang:jp (descriptive)
emoface,brow_mean,noise,rate,m.vel_rms,False,-0.17661,-1.0224,0.56232,0.6625,-0.072232,,,-0.1252,0.074591,24,12,True,all
emoface,brow_mean,noise,rate,m.event_rate,False,0.35357,-0.72528,1.5124,0.288,0.078853,,,0.17171,0.1,24,12,False,all
emoface,brow_inner,clean,span,m.amp,False,0.0299,-0.10817,0.18783,0.375,0.069241,0.05,0.083333,0.087777,0.2605,60,12,True,all
emoface,brow_inner,clean,span,m.amp,True,0.030018,-0.11171,0.18997,0.377,0.069304,0.016667,0.083333,0.087101,0.2605,58,12,True,excl_fail
emoface,brow_inner,clean,span,m.amp,False,0.016561,-0.094535,0.10069,0.347,0.10615,0.1,0,0.074883,0.24155,25,5,True,lang:cn (descriptive)
emoface,brow_inner,clean,span,m.amp,False,0.03242,-0.014706,0.13401,0.277,0.0035714,0,0,0.18212,0.21168,15,3,True,lang:en (descriptive)
emoface,brow_inner,clean,span,m.amp,False,0.0415,-0.3168,0.51797,0.43,0.045113,0.025,0.25,0.082832,0.39134,20,4,True,lang:jp (descriptive)
emoface,brow_inner,clean,span_pyin,m.amp,False,0.021329,-0.12882,0.16918,0.3185,0.030119,0.066667,0.083333,0.085385,0.2605,60,12,True,all
emoface,brow_inner,clean,span_pyin,m.amp,True,0.021161,-0.13562,0.17614,0.3205,0.022609,0.016667,0.083333,0.084279,0.2605,58,12,True,excl_fail
emoface,brow_inner,clean,span_pyin,m.amp,False,-0.0045307,-0.12735,0.12091,0.48,0.050769,0.1,0,-0.016831,0.24155,25,5,True,lang:cn (descriptive)
emoface,brow_inner,clean,span_pyin,m.amp,False,0.021895,-0.016712,0.024612,0.231,0.053571,0.066667,0,0.26127,0.21168,15,3,True,lang:en (descriptive)
emoface,brow_inner,clean,span_pyin,m.amp,False,0.03756,-0.32316,0.53921,0.43,-0.033083,0.025,0.25,0.073891,0.39134,20,4,True,lang:jp (descriptive)
emoface,brow_inner,clean,dyn,m.amp,False,-0.020061,-0.17078,0.16768,0.621,-0.19952,-0.45833,0.083333,-0.05873,0.12808,36,12,True,all
emoface,brow_inner,clean,dyn,m.amp,False,-0.12666,-0.18145,-0.072113,1,-0.75,-0.8,0,-0.81724,0.12705,15,5,True,lang:cn (descriptive)
emoface,brow_inner,clean,dyn,m.amp,False,0.14085,-0.51723,0.83572,0.277,0.2,-0.33333,0.33333,0.22444,0.36463,9,3,True,lang:en (descriptive)
emoface,brow_inner,clean,dyn,m.amp,False,-0.0054829,-0.14178,0.087292,0.52,0.18182,-0.125,0,-0.03487,0.10934,12,4,True,lang:jp (descriptive)
emoface,brow_inner,clean,combined,m.amp,False,0.0098224,-0.075966,0.10358,0.4365,-0.049124,-0.083333,0.33333,0.055715,0.23564,36,12,True,all
emoface,brow_inner,clean,combined,m.amp,True,0.023975,-0.062619,0.1173,0.3225,0.024699,0,0.36364,0.13746,0.21278,35,12,True,excl_fail
emoface,brow_inner,clean,combined,m.amp,False,-0.071672,-0.1339,-0.0093292,0.987,-0.54805,-0.4,0.2,-0.57986,0.19812,15,5,True,lang:cn (descriptive)
emoface,brow_inner,clean,combined,m.amp,False,0.061613,-0.17533,0.24515,0.254,0.21082,0.33333,0.66667,0.3122,0.3249,9,3,True,lang:en (descriptive)
emoface,brow_inner,clean,combined,m.amp,False,0.072847,-0.07075,0.26219,0.241,0.20696,0,0.25,0.34365,0.21812,12,4,True,lang:jp (descriptive)
emoface,brow_inner,clean,register,m.amp,False,-0.01023,-0.046879,0.029345,0.7,-0.19588,-0.125,0,-0.11458,0.2358,36,12,True,all
emoface,brow_inner,clean,register,m.amp,False,0.0039687,-0.033514,0.03054,0.374,0.05,0.2,0,0.063538,0.24271,15,5,True,lang:cn (descriptive)
emoface,brow_inner,clean,register,m.amp,False,0.025158,-0.046079,0.15336,0.277,-0.033333,-0.33333,0,0.21613,0.20692,9,3,True,lang:en (descriptive)
emoface,brow_inner,clean,register,m.amp,False,-0.053967,-0.10821,-0.006413,0.98,-0.34965,-0.375,0,-0.57181,0.25584,12,4,True,lang:jp (descriptive)
emoface,brow_inner,clean,rate,m.amp,False,0.1172,-0.72243,0.95833,0.413,0.048154,,,0.076517,0.11137,24,12,True,all
emoface,brow_inner,clean,rate,m.amp,False,-0.3128,-1.7078,1.0822,0.658,-0.17408,,,-0.19239,0.17106,10,5,True,lang:cn (descriptive)
emoface,brow_inner,clean,rate,m.amp,False,1.3164,-0.27474,3.2607,0.033,0.68313,,,0.66843,0.10682,6,3,True,lang:en (descriptive)
emoface,brow_inner,clean,rate,m.amp,False,-0.24468,-1.1211,0.5051,0.68,-0.21822,,,-0.2693,0.063595,8,4,True,lang:jp (descriptive)
emoface,brow_inner,noise,span,m.amp,False,0.019873,-0.11993,0.1815,0.4235,0.014393,0.025,0.083333,0.059734,0.22927,60,12,True,all
emoface,brow_inner,noise,span,m.amp,True,0.020356,-0.12336,0.1824,0.4235,0.024578,-0.0083333,0.083333,0.060508,0.22927,58,12,True,excl_fail
emoface,brow_inner,noise,span,m.amp,False,-0.0095067,-0.13096,0.0829,0.527,-0.077692,0.04,0,-0.043299,0.2164,25,5,True,lang:cn (descriptive)
emoface,brow_inner,noise,span,m.amp,False,0.032197,-0.015232,0.13829,0.277,0.046429,0,0,0.196,0.19701,15,3,True,lang:en (descriptive)
emoface,brow_inner,noise,span,m.amp,False,0.040074,-0.32182,0.50568,0.43,0.031579,0.025,0.25,0.081728,0.38859,20,4,True,lang:jp (descriptive)
emoface,brow_inner,noise,span_pyin,m.amp,False,0.018753,-0.13893,0.15785,0.3415,-0.01706,0.041667,0.083333,0.076863,0.22927,60,12,True,all
emoface,brow_inner,noise,span_pyin,m.amp,True,0.018867,-0.14383,0.16394,0.3425,-0.01941,-0.0083333,0.083333,0.076978,0.22927,58,12,True,excl_fail
emoface,brow_inner,noise,span_pyin,m.amp,False,-0.035488,-0.17372,0.10183,0.62,-0.13154,0.04,0,-0.1328,0.2164,25,5,True,lang:cn (descriptive)
emoface,brow_inner,noise,span_pyin,m.amp,False,0.024334,-0.010594,0.027419,0.277,0.125,0.066667,0,0.31468,0.19701,15,3,True,lang:en (descriptive)
emoface,brow_inner,noise,span_pyin,m.amp,False,0.036679,-0.32813,0.52688,0.43,-0.045113,0.025,0.25,0.073729,0.38859,20,4,True,lang:jp (descriptive)
emoface,brow_inner,noise,dyn,m.amp,False,-0.044837,-0.20327,0.12487,0.7125,-0.15872,-0.29167,0.083333,-0.1345,0.11443,36,12,True,all
emoface,brow_inner,noise,dyn,m.amp,False,-0.14836,-0.283,-0.037387,1,-0.57143,-0.5,0,-0.68412,0.11648,15,5,True,lang:cn (descriptive)
emoface,brow_inner,noise,dyn,m.amp,False,0.096056,-0.52218,0.71028,0.389,0.26667,-0.16667,0.33333,0.16604,0.37368,9,3,True,lang:en (descriptive)
emoface,brow_inner,noise,dyn,m.amp,False,-0.018964,-0.14617,0.06749,0.675,0.15385,-0.125,0,-0.12426,0.098657,12,4,True,lang:jp (descriptive)
emoface,brow_inner,noise,combined,m.amp,False,0.010315,-0.073649,0.10457,0.431,-0.058948,-0.125,0.25,0.058019,0.26276,36,12,True,all
emoface,brow_inner,noise,combined,m.amp,True,0.023926,-0.063299,0.11682,0.326,0.0052926,-0.045455,0.27273,0.13544,0.21764,35,12,True,excl_fail
emoface,brow_inner,noise,combined,m.amp,False,-0.070425,-0.13157,-0.010566,0.991,-0.54805,-0.5,0,-0.56467,0.20927,15,5,True,lang:cn (descriptive)
emoface,brow_inner,noise,combined,m.amp,False,0.070094,-0.16739,0.26354,0.254,0.31623,0.33333,0.66667,0.35377,0.31067,9,3,True,lang:en (descriptive)
emoface,brow_inner,noise,combined,m.amp,False,0.066406,-0.082907,0.25398,0.241,0.20696,0,0.25,0.30985,0.23597,12,4,True,lang:jp (descriptive)
emoface,brow_inner,noise,register,m.amp,False,-0.0074376,-0.045093,0.033352,0.6505,-0.16216,-0.041667,0.083333,-0.084263,0.21456,36,12,True,all
emoface,brow_inner,noise,register,m.amp,False,0.0087939,-0.022825,0.033618,0.252,0.089286,0.3,0.2,0.14688,0.19361,15,5,True,lang:cn (descriptive)
emoface,brow_inner,noise,register,m.amp,False,0.029575,-0.039708,0.16082,0.277,0.11667,-0.16667,0,0.25677,0.19259,9,3,True,lang:en (descriptive)
emoface,brow_inner,noise,register,m.amp,False,-0.054896,-0.11506,-0.0049387,0.98,-0.41259,-0.375,0,-0.57957,0.23829,12,4,True,lang:jp (descriptive)
emoface,brow_inner,noise,rate,m.amp,False,-0.082948,-0.91399,0.74373,0.5865,-0.10835,,,-0.055278,0.10188,24,12,True,all
emoface,brow_inner,noise,rate,m.amp,False,-0.74177,-1.8484,0.54056,0.858,-0.52223,,,-0.45772,0.17943,10,5,True,lang:cn (descriptive)
emoface,brow_inner,noise,rate,m.amp,False,1.2567,-0.35361,3.0898,0.033,0.68313,,,0.66417,0.1151,6,3,True,lang:en (descriptive)
emoface,brow_inner,noise,rate,m.amp,False,-0.26418,-1.1346,0.50786,0.699,-0.21822,,,-0.29781,0.064304,8,4,True,lang:jp (descriptive)
emoface,brow_outer,clean,span,m.amp,False,-0.046326,-0.11987,0.045212,0.8675,-0.22729,-0.25833,0,-0.17461,0.21658,60,12,True,all
emoface,brow_outer,clean,span,m.amp,True,-0.032068,-0.11219,0.069504,0.766,-0.13968,-0.18333,0.083333,-0.12735,0.19698,58,12,True,excl_fail
emoface,brow_outer,clean,span,m.amp,False,-0.08743,-0.13625,-0.030429,1,-0.32077,-0.36,0,-0.31834,0.20362,25,5,True,lang:cn (descriptive)
emoface,brow_outer,clean,span,m.amp,False,0.046471,-0.14149,0.35996,0.389,0.028571,0.1,0,0.1422,0.32127,15,3,True,lang:en (descriptive)
emoface,brow_outer,clean,span,m.amp,False,-0.077722,-0.18394,0.036337,0.868,-0.35639,-0.4,0,-0.40676,0.16203,20,4,True,lang:jp (descriptive)
emoface,brow_outer,clean,span_pyin,m.amp,False,0.013455,-0.14549,0.061178,0.4185,-0.21995,-0.31667,0,0.069155,0.21658,60,12,True,all
emoface,brow_outer,clean,span_pyin,m.amp,True,0.021764,-0.13126,0.066437,0.38,-0.15211,-0.18333,0.083333,0.11864,0.19698,58,12,True,excl_fail
emoface,brow_outer,clean,span_pyin,m.amp,False,-0.082343,-0.18094,-0.022989,1,-0.27154,-0.36,0,-0.24632,0.20362,25,5,True,lang:cn (descriptive)
emoface,brow_outer,clean,span_pyin,m.amp,False,0.058037,-0.25247,0.082926,0.277,0.075,-0.13333,0,0.37724,0.32127,15,3,True,lang:en (descriptive)
emoface,brow_outer,clean,span_pyin,m.amp,False,-0.082239,-0.18722,0.033714,0.868,-0.38496,-0.4,0,-0.42421,0.16203,20,4,True,lang:jp (descriptive)
emoface,brow_outer,clean,dyn,m.amp,False,0.019384,-0.11794,0.16737,0.374,-0.053678,-0.083333,0.25,0.067085,0.12867,36,12,True,all
emoface,brow_outer,clean,dyn,m.amp,False,0.030491,-0.14587,0.21191,0.32,0.025,-0.2,0.4,0.13536,0.13821,15,5,True,lang:cn (descriptive)
emoface,brow_outer,clean,dyn,m.amp,False,-0.070609,-0.47768,0.55435,0.644,-0.43333,-0.33333,0.33333,-0.15649,0.33873,9,3,True,lang:en (descriptive)
emoface,brow_outer,clean,dyn,m.amp,False,0.073661,0.01604,0.12758,0.004,0.35664,0.25,0,0.39881,0.10076,12,4,True,lang:jp (descriptive)
emoface,brow_outer,clean,combined,m.amp,False,-0.027398,-0.076624,0.024202,0.849,-0.19322,-0.33333,0.083333,-0.2028,0.19474,36,12,True,all
emoface,brow_outer,clean,combined,m.amp,True,-0.018138,-0.071448,0.040646,0.727,-0.1429,-0.31818,0.090909,-0.13662,0.19474,35,12,True,excl_fail
emoface,brow_outer,clean,combined,m.amp,False,-0.033212,-0.12533,0.071952,0.76,-0.22678,-0.3,0,-0.22649,0.20518,15,5,True,lang:cn (descriptive)
emoface,brow_outer,clean,combined,m.amp,False,-0.03173,-0.033579,-0.029814,1,-0.36893,-0.66667,0,-0.22902,0.095959,9,3,True,lang:en (descriptive)
emoface,brow_outer,clean,combined,m.amp,False,-0.016882,-0.11351,0.060332,0.561,-0.14783,-0.125,0.25,-0.1454,0.19172,12,4,True,lang:jp (descriptive)
emoface,brow_outer,clean,register,m.amp,False,-0.0039113,-0.038047,0.038597,0.5965,-0.20077,-0.125,0.25,-0.042728,0.24618,36,12,True,all
emoface,brow_outer,clean,register,m.amp,False,-0.024168,-0.057368,0.032283,0.803,-0.38929,-0.5,0.2,-0.31709,0.20007,15,5,True,lang:cn (descriptive)
emoface,brow_outer,clean,register,m.amp,False,0.020954,-0.084506,0.17937,0.277,-0.11667,0,0.33333,0.14841,0.39958,9,3,True,lang:en (descriptive)
emoface,brow_outer,clean,register,m.amp,False,0.0028816,-0.029755,0.026259,0.449,-0.055944,0.25,0.25,0.052239,0.16352,12,4,True,lang:jp (descriptive)
emoface,brow_outer,clean,rate,m.amp,False,-1.0294,-3.1181,0.28223,0.8965,-0.25281,,,-0.31343,0.080418,24,12,True,all
emoface,brow_outer,clean,rate,m.amp,False,-0.35295,-1.3579,0.652,0.724,-0.24371,,,-0.28582,0.11818,10,5,True,lang:cn (descriptive)
emoface,brow_outer,clean,rate,m.amp,False,-3.069,-10.806,1.8845,0.728,-0.29277,,,-0.48445,0.21964,6,3,True,lang:en (descriptive)
emoface,brow_outer,clean,rate,m.amp,False,-0.34516,-0.79603,0.10571,0.91,-0.54554,,,-0.58178,0.054462,8,4,True,lang:jp (descriptive)
emoface,brow_outer,noise,span,m.amp,False,-0.033292,-0.10768,0.058605,0.788,-0.14393,1.8504e-17,0,-0.12709,0.2293,60,12,True,all
emoface,brow_outer,noise,span,m.amp,True,-0.021142,-0.10258,0.085034,0.6775,-0.082223,0.075,0.083333,-0.083435,0.20732,58,12,True,excl_fail
emoface,brow_outer,noise,span,m.amp,False,-0.042017,-0.10839,0.044243,0.813,-0.038462,0.22,0,-0.15247,0.19817,25,5,True,lang:cn (descriptive)
emoface,brow_outer,noise,span,m.amp,False,0.04523,-0.17997,0.35842,0.343,0.046429,0.033333,0,0.14434,0.29684,15,3,True,lang:en (descriptive)
emoface,brow_outer,noise,span,m.amp,False,-0.086403,-0.17836,0.026794,0.91,-0.36992,-0.3,0,-0.44432,0.16902,20,4,True,lang:jp (descriptive)
emoface,brow_outer,noise,span_pyin,m.amp,False,0.0203,-0.13387,0.066085,0.3935,-0.12909,-0.058333,0,0.10567,0.2293,60,12,True,all
emoface,brow_outer,noise,span_pyin,m.amp,True,0.02741,-0.12168,0.071767,0.365,-0.075887,0.075,0.083333,0.14848,0.20732,58,12,True,excl_fail
emoface,brow_outer,noise,span_pyin,m.amp,False,-0.02854,-0.14019,0.05522,0.716,0.037692,0.22,0,-0.08509,0.19817,25,5,True,lang:cn (descriptive)
emoface,brow_outer,noise,span_pyin,m.amp,False,0.060013,-0.20969,0.085255,0.277,0.096429,-0.2,0,0.40682,0.29684,15,3,True,lang:en (descriptive)
emoface,brow_outer,noise,span_pyin,m.amp,False,-0.090775,-0.17791,0.027916,0.91,-0.39248,-0.3,0,-0.46009,0.16902,20,4,True,lang:jp (descriptive)
emoface,brow_outer,noise,dyn,m.amp,False,-0.031409,-0.16411,0.11253,0.6735,-0.18755,-0.125,0.16667,-0.11347,0.14828,36,12,True,all
emoface,brow_outer,noise,dyn,m.amp,False,-0.038807,-0.19033,0.18658,0.689,-0.31786,-0.3,0.2,-0.16558,0.14883,15,5,True,lang:cn (descriptive)
emoface,brow_outer,noise,dyn,m.amp,False,-0.1095,-0.52386,0.4137,0.644,-0.46667,-0.33333,0.33333,-0.26116,0.2704,9,3,True,lang:en (descriptive)
emoface,brow_outer,noise,dyn,m.amp,False,0.037618,-0.050385,0.095365,0.19,0.25175,0.25,0,0.22101,0.10938,12,4,True,lang:jp (descriptive)
emoface,brow_outer,noise,combined,m.amp,False,-0.030806,-0.076193,0.015323,0.893,-0.23907,-0.29167,0.16667,-0.25472,0.19247,36,12,True,all
emoface,brow_outer,noise,combined,m.amp,True,-0.025336,-0.074777,0.02513,0.8185,-0.18171,-0.27273,0.18182,-0.20859,0.19247,35,12,True,excl_fail
emoface,brow_outer,noise,combined,m.amp,False,-0.046755,-0.13398,0.043183,0.852,-0.24568,-0.2,0.2,-0.34,0.19962,15,5,True,lang:cn (descriptive)
emoface,brow_outer,noise,combined,m.amp,False,-0.015971,-0.024122,-0.0088953,1,-0.31623,-0.66667,0,-0.15575,0.080152,9,3,True,lang:en (descriptive)
emoface,brow_outer,noise,combined,m.amp,False,-0.021997,-0.1134,0.046499,0.707,-0.14783,-0.125,0.25,-0.19787,0.19194,12,4,True,lang:jp (descriptive)
emoface,brow_outer,noise,register,m.amp,False,0.00367,-0.030238,0.043361,0.4355,-0.11068,0,0.33333,0.043395,0.22984,36,12,True,all
emoface,brow_outer,noise,register,m.amp,False,-0.004961,-0.04799,0.052612,0.579,-0.18214,-0.1,0.4,-0.065135,0.1756,15,5,True,lang:cn (descriptive)
emoface,brow_outer,noise,register,m.amp,False,0.02329,-0.084435,0.16577,0.389,-0.1,-0.16667,0.33333,0.18855,0.30709,9,3,True,lang:en (descriptive)
emoface,brow_outer,noise,register,m.amp,False,-9.5486e-05,-0.032341,0.027614,0.566,-0.11888,0.25,0.25,-0.0017888,0.11892,12,4,True,lang:jp (descriptive)
emoface,brow_outer,noise,rate,m.amp,False,-0.84407,-2.8002,0.453,0.854,-0.10835,,,-0.28025,0.12199,24,12,True,all
emoface,brow_outer,noise,rate,m.amp,False,0.076269,-1.5616,1.3984,0.415,0.17408,,,0.045961,0.12741,10,5,True,lang:cn (descriptive)
emoface,brow_outer,noise,rate,m.amp,False,-2.8604,-9.5303,1.2442,0.728,-0.29277,,,-0.51523,0.14007,6,3,True,lang:en (descriptive)
emoface,brow_outer,noise,rate,m.amp,False,-0.4823,-1.0587,0.12583,0.925,-0.54554,,,-0.59483,0.063296,8,4,True,lang:jp (descriptive)
emoface,lid_upper,clean,span,m.amp,False,0.062192,-0.049451,0.168,0.144,0.2324,0.1,0.083333,0.17732,0.32236,60,12,True,all
emoface,lid_upper,clean,span,m.amp,True,0.059353,-0.056131,0.168,0.159,0.20151,0.091667,0.083333,0.16773,0.32236,58,12,True,excl_fail
emoface,lid_upper,clean,span,m.amp,False,-0.0063773,-0.20594,0.17716,0.513,-0.014615,-0.08,0,-0.016501,0.4197,25,5,True,lang:cn (descriptive)
emoface,lid_upper,clean,span,m.amp,False,0.18266,0.095685,0.3657,0,0.525,0.46667,0,0.44641,0.45947,15,3,True,lang:en (descriptive)
emoface,lid_upper,clean,span,m.amp,False,0.036926,-0.13829,0.17927,0.333,0.094737,0.05,0.25,0.14937,0.24249,20,4,True,lang:jp (descriptive)
emoface,lid_upper,clean,span,m.vel_rms,False,0.033599,-0.061776,0.13439,0.2725,0.16677,-0.066667,0.083333,0.1192,0.21573,60,12,True,all
emoface,lid_upper,clean,span,m.vel_rms,True,0.031065,-0.065207,0.13472,0.287,0.15519,-0.041667,0.16667,0.10922,0.21573,58,12,True,excl_fail
emoface,lid_upper,clean,span,m.event_rate,False,-0.062291,-0.24988,0.13974,0.7385,-0.16463,-0.20322,0,-0.10349,0.18334,60,12,False,all
emoface,lid_upper,clean,span,m.event_rate,True,-0.063997,-0.25611,0.14054,0.7385,-0.17321,-0.20322,0,-0.10489,0.18334,58,12,False,excl_fail
emoface,lid_upper,clean,span_pyin,m.amp,False,0.059504,-0.02917,0.13573,0.0655,0.19661,0.1,0.083333,0.23134,0.32236,60,12,True,all
emoface,lid_upper,clean,span_pyin,m.amp,True,0.057874,-0.037865,0.13386,0.075,0.16971,0.091667,0.083333,0.22449,0.32236,58,12,True,excl_fail
emoface,lid_upper,clean,span_pyin,m.amp,False,0.037232,-0.2369,0.21376,0.403,0.075385,-0.08,0,0.07915,0.4197,25,5,True,lang:cn (descriptive)
emoface,lid_upper,clean,span_pyin,m.amp,False,0.069146,0.060824,0.1571,0,0.36786,0.46667,0,0.35897,0.45947,15,3,True,lang:en (descriptive)
emoface,lid_upper,clean,span_pyin,m.amp,False,0.039906,-0.1447,0.18031,0.333,0.081203,0.05,0.25,0.15911,0.24249,20,4,True,lang:jp (descriptive)
emoface,lid_upper,clean,span_pyin,m.vel_rms,False,0.044502,-0.060536,0.090285,0.1485,0.13031,-0.066667,0.083333,0.21529,0.21573,60,12,True,all
emoface,lid_upper,clean,span_pyin,m.vel_rms,True,0.043244,-0.067141,0.088711,0.165,0.1128,-0.041667,0.16667,0.20869,0.21573,58,12,True,excl_fail
emoface,lid_upper,clean,span_pyin,m.event_rate,False,-0.041694,-0.24264,0.037621,0.86,-0.17424,-0.20322,0,-0.094456,0.18334,60,12,False,all
emoface,lid_upper,clean,span_pyin,m.event_rate,True,-0.042277,-0.25326,0.038433,0.86,-0.1782,-0.20322,0,-0.095114,0.18334,58,12,False,excl_fail
emoface,lid_upper,clean,dyn,m.amp,False,0.064789,-0.052134,0.20325,0.157,0.0363,-0.083333,0.33333,0.2661,0.098519,36,12,True,all
emoface,lid_upper,clean,dyn,m.amp,False,0.18487,-0.031538,0.41541,0.071,0.48929,0.1,0.4,0.55548,0.096982,15,5,True,lang:cn (descriptive)
emoface,lid_upper,clean,dyn,m.amp,False,0.0276,-0.15348,0.24549,0.394,-0.05,0.16667,0.33333,0.15437,0.1279,9,3,True,lang:en (descriptive)
emoface,lid_upper,clean,dyn,m.amp,False,-0.061422,-0.12525,0.044764,0.919,-0.6014,-0.5,0.25,-0.52236,0.088224,12,4,True,lang:jp (descriptive)
emoface,lid_upper,clean,dyn,m.vel_rms,False,0.10089,0.0091559,0.21128,0.014,0.4656,0.375,0.5,0.47229,0.10083,36,12,True,all
emoface,lid_upper,clean,dyn,m.event_rate,False,0.1308,-0.26377,0.43414,0.2325,0.28471,0.43301,0,0.17909,0.13889,36,12,False,all
emoface,lid_upper,clean,combined,m.amp,False,0.060402,0.002676,0.12503,0.0215,0.34059,0.16667,0.41667,0.42563,0.19482,36,12,True,all
emoface,lid_upper,clean,combined,m.amp,True,0.058528,-0.0030065,0.12841,0.031,0.30697,0.090909,0.36364,0.40427,0.16822,35,12,True,excl_fail
emoface,lid_upper,clean,combined,m.amp,False,0.071959,-0.012809,0.15949,0.064,0.47246,0.3,0.4,0.50377,0.29233,15,5,True,lang:cn (descriptive)
emoface,lid_upper,clean,combined,m.amp,False,0.15427,0.057386,0.30773,0,0.89598,1,1,0.79458,0.19037,9,3,True,lang:en (descriptive)
emoface,lid_upper,clean,combined,m.amp,False,-0.024441,-0.061482,0.027359,0.796,-0.50262,-0.625,0,-0.29986,0.11757,12,4,True,lang:jp (descriptive)
emoface,lid_upper,clean,combined,m.vel_rms,False,0.041078,-0.0093596,0.098418,0.057,0.30457,0.29167,0.5,0.34782,0.18327,36,12,True,all
emoface,lid_upper,clean,combined,m.vel_rms,True,0.038639,-0.015036,0.10046,0.083,0.2611,0.22727,0.45455,0.32115,0.1694,35,12,True,excl_fail
emoface,lid_upper,clean,combined,m.event_rate,False,-0.00042708,-0.13006,0.11882,0.504,0.059304,,0.1,-0.0014871,0.2,36,12,False,all
emoface,lid_upper,clean,combined,m.event_rate,True,0.026211,-0.096621,0.14332,0.3365,0.16609,,0.11111,0.094268,0.18333,35,12,False,excl_fail
emoface,lid_upper,clean,register,m.amp,False,-0.0033513,-0.042238,0.032331,0.571,-0.057658,-0.041667,0.16667,-0.042754,0.17348,36,12,True,all
emoface,lid_upper,clean,register,m.amp,False,-0.042746,-0.09997,-0.0053489,0.989,-0.33929,-0.4,0,-0.48933,0.15988,15,5,True,lang:cn (descriptive)
emoface,lid_upper,clean,register,m.amp,False,0.079472,0.038719,0.1254,0,0.8,0.83333,0.66667,0.85869,0.34579,9,3,True,lang:en (descriptive)
emoface,lid_upper,clean,register,m.amp,False,-0.015573,-0.043318,0.012158,0.835,-0.1958,-0.25,0,-0.31072,0.14564,12,4,True,lang:jp (descriptive)
emoface,lid_upper,clean,register,m.vel_rms,False,-0.014613,-0.054116,0.021889,0.7725,-0.22986,-0.375,0.25,-0.19266,0.15984,36,12,True,all
emoface,lid_upper,clean,register,m.event_rate,False,0.04637,-0.015283,0.11426,0.0685,0.23575,,0.11111,0.338,0.14583,36,12,False,all
emoface,lid_upper,clean,rate,m.amp,False,0.19083,-0.4984,0.84582,0.311,0.1565,,,0.15602,0.093495,24,12,True,all
emoface,lid_upper,clean,rate,m.amp,False,0.28773,-1.2092,1.607,0.375,0.17408,,,0.17661,0.19296,10,5,True,lang:cn (descriptive)
emoface,lid_upper,clean,rate,m.amp,False,0.25503,-0.31106,0.79102,0.158,0.29277,,,0.49271,0.032242,6,3,True,lang:en (descriptive)
emoface,lid_upper,clean,rate,m.amp,False,0.021562,-0.89834,0.89374,0.438,0,,,0.021901,0.09447,8,4,True,lang:jp (descriptive)
emoface,lid_upper,clean,rate,m.vel_rms,False,0.22923,-0.33072,0.66928,0.206,0.40931,,,0.24568,0.074456,24,12,True,all
emoface,lid_upper,clean,rate,m.event_rate,False,0.4658,-1.1175,1.8678,0.271,0.27254,,,0.17674,0,24,12,False,all
emoface,lid_upper,noise,span,m.amp,False,0.051943,-0.054602,0.1538,0.1755,0.23151,0.16667,0.083333,0.15071,0.32881,60,12,True,all
emoface,lid_upper,noise,span,m.amp,True,0.050074,-0.059564,0.15497,0.19,0.20354,0.19167,0.16667,0.14371,0.32881,58,12,True,excl_fail
emoface,lid_upper,noise,span,m.amp,False,-0.027039,-0.20452,0.14518,0.622,-0.049231,0.02,0,-0.06994,0.41499,25,5,True,lang:cn (descriptive)
emoface,lid_upper,noise,span,m.amp,False,0.16767,0.080445,0.34235,0,0.53571,0.5,0,0.42955,0.46764,15,3,True,lang:en (descriptive)
emoface,lid_upper,noise,span,m.amp,False,0.041029,-0.13015,0.18656,0.333,0.17594,0.1,0.25,0.16609,0.23973,20,4,True,lang:jp (descriptive)
emoface,lid_upper,noise,span,m.vel_rms,False,0.030608,-0.06588,0.13019,0.2855,0.15749,0.025,0.083333,0.10901,0.20292,60,12,True,all
emoface,lid_upper,noise,span,m.vel_rms,True,0.02902,-0.068871,0.13126,0.301,0.14817,0.05,0.16667,0.10239,0.20292,58,12,True,excl_fail
emoface,lid_upper,noise,span,m.event_rate,False,-0.055487,-0.23556,0.1464,0.7195,-0.085447,-0.10662,0,-0.083569,0.225,60,12,False,all
emoface,lid_upper,noise,span,m.event_rate,True,-0.057006,-0.24077,0.1497,0.7195,-0.093813,-0.10662,0,-0.084705,0.225,58,12,False,excl_fail
emoface,lid_upper,noise,span_pyin,m.amp,False,0.050354,-0.040647,0.12139,0.085,0.19122,0.16667,0.083333,0.19923,0.32881,60,12,True,all
emoface,lid_upper,noise,span_pyin,m.amp,True,0.04927,-0.047025,0.12107,0.099,0.17555,0.19167,0.16667,0.1941,0.32881,58,12,True,excl_fail
emoface,lid_upper,noise,span_pyin,m.amp,False,0.0049801,-0.25662,0.17389,0.493,0.031538,0.02,0,0.010584,0.41499,25,5,True,lang:cn (descriptive)
emoface,lid_upper,noise,span_pyin,m.amp,False,0.060776,0.052992,0.14712,0,0.375,0.5,0,0.33074,0.46764,15,3,True,lang:en (descriptive)
emoface,lid_upper,noise,span_pyin,m.amp,False,0.044251,-0.13615,0.19021,0.333,0.15789,0.1,0.25,0.17655,0.23973,20,4,True,lang:jp (descriptive)
emoface,lid_upper,noise,span_pyin,m.vel_rms,False,0.045163,-0.063371,0.089363,0.1575,0.11998,0.025,0.083333,0.21933,0.20292,60,12,True,all
emoface,lid_upper,noise,span_pyin,m.vel_rms,True,0.044427,-0.071107,0.089124,0.169,0.1136,0.05,0.16667,0.21516,0.20292,58,12,True,excl_fail
emoface,lid_upper,noise,span_pyin,m.event_rate,False,-0.036264,-0.23459,0.051045,0.827,-0.085053,-0.10662,0,-0.074478,0.225,60,12,False,all
emoface,lid_upper,noise,span_pyin,m.event_rate,True,-0.036771,-0.24019,0.054243,0.827,-0.086503,-0.10662,0,-0.074996,0.225,58,12,False,excl_fail
emoface,lid_upper,noise,dyn,m.amp,False,0.057615,-0.062796,0.19821,0.193,0.041964,-0.083333,0.33333,0.23488,0.10491,36,12,True,all
emoface,lid_upper,noise,dyn,m.amp,False,0.18148,-0.019822,0.40937,0.071,0.51786,0.1,0.4,0.56288,0.062857,15,5,True,lang:cn (descriptive)
emoface,lid_upper,noise,dyn,m.amp,False,0.031857,-0.17638,0.26954,0.394,-0.05,0.16667,0.33333,0.15946,0.14529,9,3,True,lang:en (descriptive)
emoface,lid_upper,noise,dyn,m.amp,False,-0.082173,-0.16888,0.020098,0.959,-0.66434,-0.5,0.25,-0.592,0.089677,12,4,True,lang:jp (descriptive)
emoface,lid_upper,noise,dyn,m.vel_rms,False,0.096398,0.0061368,0.20679,0.017,0.45504,0.41667,0.5,0.46088,0.092702,36,12,True,all
emoface,lid_upper,noise,dyn,m.event_rate,False,0.22333,0.064141,0.39939,0,0.41808,0.66068,0,0.46808,0.050001,36,12,False,all
emoface,lid_upper,noise,combined,m.amp,False,0.060838,0.0056067,0.12131,0.0135,0.34387,0.20833,0.41667,0.42877,0.20403,36,12,True,all
emoface,lid_upper,noise,combined,m.amp,True,0.058476,0.00049694,0.12408,0.024,0.3052,0.13636,0.36364,0.40491,0.164,35,12,True,excl_fail
emoface,lid_upper,noise,combined,m.amp,False,0.072853,-0.012713,0.15963,0.054,0.43466,0.3,0.4,0.48247,0.29931,15,5,True,lang:cn (descriptive)
emoface,lid_upper,noise,combined,m.amp,False,0.14293,0.03473,0.28817,0,0.89598,1,1,0.77053,0.20614,9,3,True,lang:en (descriptive)
emoface,lid_upper,noise,combined,m.amp,False,-0.01575,-0.052912,0.023417,0.782,-0.38435,-0.5,0,-0.20184,0.10275,12,4,True,lang:jp (descriptive)
emoface,lid_upper,noise,combined,m.vel_rms,False,0.040427,-0.010296,0.099656,0.064,0.31112,0.29167,0.41667,0.33871,0.18067,36,12,True,all
emoface,lid_upper,noise,combined,m.vel_rms,True,0.038126,-0.015846,0.1013,0.0895,0.2611,0.22727,0.36364,0.31317,0.17399,35,12,True,excl_fail
emoface,lid_upper,noise,combined,m.event_rate,False,0.017728,-0.09678,0.12515,0.3835,0.1151,,0,0.068053,0.225,36,12,False,all
emoface,lid_upper,noise,combined,m.event_rate,True,0.045577,-0.056883,0.14789,0.1915,0.22609,,0,0.18345,0.2,35,12,False,excl_fail
emoface,lid_upper,noise,register,m.amp,False,-0.0007846,-0.03902,0.034366,0.514,-0.0082368,-0.083333,0.16667,-0.0099564,0.20949,36,12,True,all
emoface,lid_upper,noise,register,m.amp,False,-0.038032,-0.098203,0.0084173,0.962,-0.22143,-0.4,0,-0.42523,0.19694,15,5,True,lang:cn (descriptive)
emoface,lid_upper,noise,register,m.amp,False,0.07951,0.040258,0.12411,0,0.8,0.83333,0.66667,0.86391,0.34497,9,3,True,lang:en (descriptive)
emoface,lid_upper,noise,register,m.amp,False,-0.013806,-0.038647,0.011045,0.874,-0.18182,-0.375,0,-0.28655,0.13634,12,4,True,lang:jp (descriptive)
emoface,lid_upper,noise,register,m.vel_rms,False,-0.012817,-0.052853,0.023731,0.7445,-0.20695,-0.25,0.25,-0.16838,0.16116,36,12,True,all
emoface,lid_upper,noise,register,m.event_rate,False,0.041419,-0.022605,0.11382,0.1095,0.31347,,0.125,0.28448,0.14583,36,12,False,all
emoface,lid_upper,noise,rate,m.amp,False,0.2303,-0.44927,0.92125,0.2835,0.18058,,,0.18267,0.086405,24,12,True,all
emoface,lid_upper,noise,rate,m.amp,False,0.4559,-1.0036,1.8597,0.306,0.31334,,,0.26671,0.16941,10,5,True,lang:cn (descriptive)
emoface,lid_upper,noise,rate,m.amp,False,0.11067,-0.46493,0.634,0.376,0.29277,,,0.23875,0.047805,6,3,True,lang:en (descriptive)
emoface,lid_upper,noise,rate,m.amp,False,0.038033,-0.8473,0.91628,0.438,0,,,0.03891,0.093204,8,4,True,lang:jp (descriptive)
emoface,lid_upper,noise,rate,m.vel_rms,False,0.25082,-0.29338,0.66663,0.1775,0.43339,,,0.27862,0.068258,24,12,True,all
emoface,lid_upper,noise,rate,m.event_rate,False,-0.06825,-1.9774,1.8081,0.5325,-0.012865,,,-0.020108,0.050001,24,12,False,all
emoface,jaw,clean,span,m.amp,False,-0.0054022,-0.042923,0.036493,0.608,-0.12959,-0.31667,0,-0.046739,0.092246,60,12,True,all
emoface,jaw,clean,span,m.amp,True,-0.010541,-0.043749,0.026911,0.6975,-0.19782,-0.34167,0,-0.093237,0.089225,58,12,True,excl_fail
emoface,jaw,clean,span,m.amp,False,-0.026618,-0.08591,0.043382,0.803,-0.51231,-0.6,0,-0.2417,0.063523,25,5,True,lang:cn (descriptive)
emoface,jaw,clean,span,m.amp,False,0.026013,-0.044635,0.11712,0.305,0.2,0.1,0,0.17124,0.17558,15,3,True,lang:en (descriptive)
emoface,jaw,clean,span,m.amp,False,-0.0085941,-0.050077,0.057806,0.754,-0.25865,-0.275,0,-0.10315,0.062604,20,4,True,lang:jp (descriptive)
emoface,jaw,clean,span,m.vel_rms,False,3.1692e-05,-0.023063,0.023799,0.495,0.003112,-0.1,0,0.0003909,0.064786,60,12,True,all
emoface,jaw,clean,span,m.vel_rms,True,-0.0012815,-0.024124,0.022729,0.533,-0.041865,-0.13333,0,-0.01569,0.064786,58,12,True,excl_fail
emoface,jaw,clean,span,m.event_rate,False,0.077754,-0.025312,0.19199,0.072,0.15807,,0,0.15647,0.125,60,12,False,all
emoface,jaw,clean,span,m.event_rate,True,0.043503,-0.042166,0.14693,0.168,0.10086,,0,0.096593,0.10417,58,12,False,excl_fail
emoface,jaw,clean,span_pyin,m.amp,False,-0.00033277,-0.035129,0.028299,0.523,-0.13281,-0.31667,0,-0.003926,0.092246,60,12,True,all
emoface,jaw,clean,span_pyin,m.amp,True,-0.0029021,-0.040899,0.019642,0.6405,-0.20053,-0.34167,0,-0.035234,0.089225,58,12,True,excl_fail
emoface,jaw,clean,span_pyin,m.amp,False,-0.027715,-0.10481,0.054062,0.759,-0.45692,-0.6,0,-0.20677,0.063523,25,5,True,lang:cn (descriptive)
emoface,jaw,clean,span_pyin,m.amp,False,0.0070211,-0.0062779,0.16604,0.033,0.15357,0.1,0,0.09818,0.17558,15,3,True,lang:en (descriptive)
emoface,jaw,clean,span_pyin,m.amp,False,-0.0079205,-0.053416,0.058932,0.754,-0.23158,-0.275,0,-0.093695,0.062604,20,4,True,lang:jp (descriptive)
emoface,jaw,clean,span_pyin,m.vel_rms,False,-0.0027028,-0.017138,0.020328,0.6595,-0.061406,-0.125,0,-0.045459,0.064786,60,12,True,all
emoface,jaw,clean,span_pyin,m.vel_rms,True,-0.0034013,-0.019777,0.0191,0.706,-0.086653,-0.13333,0,-0.057163,0.064786,58,12,True,excl_fail
emoface,jaw,clean,span_pyin,m.event_rate,False,0.042395,-0.014576,0.23673,0.0675,0.19467,,0,0.11634,0.125,60,12,False,all
emoface,jaw,clean,span_pyin,m.event_rate,True,0.023832,-0.033347,0.16666,0.1595,0.13443,,0,0.072632,0.10417,58,12,False,excl_fail
emoface,jaw,clean,dyn,m.amp,False,0.0073535,-0.078808,0.1119,0.4385,-0.10452,0.041667,0.5,0.041997,0.10822,36,12,True,all
emoface,jaw,clean,dyn,m.amp,False,-0.054999,-0.15587,0.053161,0.87,-0.42143,-0.1,0.4,-0.39105,0.086293,15,5,True,lang:cn (descriptive)
emoface,jaw,clean,dyn,m.amp,False,0.12762,-0.17274,0.34119,0.282,0.31667,0.33333,0.66667,0.47647,0.19593,9,3,True,lang:en (descriptive)
emoface,jaw,clean,dyn,m.amp,False,-0.004037,-0.11223,0.1022,0.555,0.17483,0,0.5,-0.034929,0.078932,12,4,True,lang:jp (descriptive)
emoface,jaw,clean,dyn,m.vel_rms,False,0.0044611,-0.049943,0.060308,0.4265,-0.016992,0.20833,0.5,0.041822,0.071141,36,12,True,all
emoface,jaw,clean,dyn,m.event_rate,False,-0.10857,-0.36757,0.13595,0.798,-0.23415,,0,-0.18445,0.18333,36,12,False,all
emoface,jaw,clean,combined,m.amp,False,-0.0033333,-0.043219,0.041529,0.557,-0.062223,-0.125,0.33333,-0.038227,0.13189,36,12,True,all
emoface,jaw,clean,combined,m.amp,True,-0.010441,-0.047235,0.035135,0.6755,-0.1182,-0.22727,0.27273,-0.12138,0.13189,35,12,True,excl_fail
emoface,jaw,clean,combined,m.amp,False,-0.035359,-0.082758,0.012041,0.927,-0.45356,-0.5,0.2,-0.5217,0.098937,15,5,True,lang:cn (descriptive)
emoface,jaw,clean,combined,m.amp,False,0.059646,-0.086894,0.13792,0.282,0.36893,0.5,0.66667,0.44876,0.27436,9,3,True,lang:en (descriptive)
emoface,jaw,clean,combined,m.amp,False,-0.010536,-0.059195,0.042357,0.651,-0.029566,-0.125,0.25,-0.17053,0.10778,12,4,True,lang:jp (descriptive)
emoface,jaw,clean,combined,m.vel_rms,False,-0.0023699,-0.028004,0.026111,0.5655,-0.088422,-0.20833,0.25,-0.043041,0.08702,36,12,True,all
emoface,jaw,clean,combined,m.vel_rms,True,-0.0075631,-0.031597,0.019883,0.7065,-0.15348,-0.31818,0.18182,-0.14158,0.08702,35,12,True,excl_fail
emoface,jaw,clean,combined,m.event_rate,False,0.016817,-0.089179,0.12044,0.378,0.11852,0.23325,0.125,0.071394,0.14583,36,12,False,all
emoface,jaw,clean,combined,m.event_rate,True,0.017938,-0.092406,0.13005,0.378,0.12013,0.23325,0.125,0.073735,0.14583,35,12,False,excl_fail
emoface,jaw,clean,register,m.amp,False,0.00014668,-0.01047,0.010584,0.4805,-0.010553,0.041667,0.25,0.005442,0.079216,36,12,True,all
emoface,jaw,clean,register,m.amp,False,0.008949,-0.0064023,0.024024,0.181,0.26071,0.4,0.4,0.40343,0.079635,15,5,True,lang:cn (descriptive)
emoface,jaw,clean,register,m.amp,False,-0.0093177,-0.013055,-0.0053157,1,-0.3,-0.5,0,-0.27705,0.078797,9,3,True,lang:en (descriptive)
emoface,jaw,clean,register,m.amp,False,-0.0037945,-0.024987,0.014832,0.589,-0.12587,0,0.25,-0.14152,0.086588,12,4,True,lang:jp (descriptive)
emoface,jaw,clean,register,m.vel_rms,False,0.0026579,-0.0026682,0.0086327,0.196,0.1964,0.125,0.16667,0.1107,0.060122,36,12,True,all
emoface,jaw,clean,register,m.event_rate,False,-0.0022891,-0.054011,0.053868,0.541,-0.12807,-0.014886,0,-0.018691,0.18333,36,12,False,all
emoface,jaw,clean,rate,m.amp,False,0.54372,0.29726,0.82294,0,0.83066,,,0.74829,0.046574,24,12,True,all
emoface,jaw,clean,rate,m.amp,False,0.38507,0.093902,0.69848,0.005,0.80076,,,0.7433,0.041371,10,5,True,lang:cn (descriptive)
emoface,jaw,clean,rate,m.amp,False,1.0633,0.33871,1.512,0,0.87831,,,0.89926,0.15154,6,3,True,lang:en (descriptive)
emoface,jaw,clean,rate,m.amp,False,0.35232,0.097101,0.60755,0,0.87287,,,0.78817,0.034655,8,4,True,lang:jp (descriptive)
emoface,jaw,clean,rate,m.vel_rms,False,0.77524,0.5745,0.96151,0,0.86678,,,0.90576,0.081521,24,12,True,all
emoface,jaw,clean,rate,m.event_rate,False,1.19,-0.30617,2.9594,0.0735,0.32992,,,0.37452,0,24,12,False,all
emoface,jaw,noise,span,m.amp,False,0.00063633,-0.034643,0.040225,0.4935,-0.13532,-0.25,0,0.0044367,0.11117,60,12,True,all
emoface,jaw,noise,span,m.amp,True,-0.0091993,-0.040393,0.028131,0.705,-0.17088,-0.29167,0,-0.071812,0.11117,58,12,True,excl_fail
emoface,jaw,noise,span,m.amp,False,-0.022064,-0.060672,0.048965,0.744,-0.34154,-0.36,0,-0.16586,0.09267,25,5,True,lang:cn (descriptive)
emoface,jaw,noise,span,m.amp,False,0.036882,-0.04152,0.094898,0.16,0.16429,-0.033333,0,0.18868,0.20267,15,3,True,lang:en (descriptive)
emoface,jaw,noise,span,m.amp,False,-0.0048569,-0.058514,0.071395,0.635,-0.18496,-0.275,0,-0.049649,0.087688,20,4,True,lang:jp (descriptive)
emoface,jaw,noise,span,m.vel_rms,False,0.0031646,-0.022818,0.027948,0.4,0.046179,-0.033333,0,0.032199,0.089321,60,12,True,all
emoface,jaw,noise,span,m.vel_rms,True,0.002693,-0.023626,0.028255,0.4115,0.014058,-0.05,0,0.027401,0.089321,58,12,True,excl_fail
emoface,jaw,noise,span,m.event_rate,False,-0.046289,-0.10018,-0.0095538,0.997,-0.13108,-0.1803,0,-0.074017,0.17143,60,12,False,all
emoface,jaw,noise,span,m.event_rate,True,-0.047556,-0.10124,-0.0099739,0.997,-0.1305,-0.1803,0,-0.075023,0.17143,58,12,False,excl_fail
emoface,jaw,noise,span_pyin,m.amp,False,0.004477,-0.024604,0.0419,0.327,-0.095749,-0.21667,0,0.042566,0.11117,60,12,True,all
emoface,jaw,noise,span_pyin,m.amp,True,-0.00040945,-0.039014,0.030499,0.533,-0.15593,-0.29167,0,-0.0043872,0.11117,58,12,True,excl_fail
emoface,jaw,noise,span_pyin,m.amp,False,-0.020127,-0.074512,0.065309,0.69,-0.30923,-0.36,0,-0.12431,0.09267,25,5,True,lang:cn (descriptive)
emoface,jaw,noise,span_pyin,m.amp,False,0.01132,0.0027636,0.1909,0,0.20714,0.1,0,0.12301,0.20267,15,3,True,lang:en (descriptive)
emoface,jaw,noise,span_pyin,m.amp,False,-0.0032025,-0.062024,0.072292,0.635,-0.15789,-0.275,0,-0.032267,0.087688,20,4,True,lang:jp (descriptive)
emoface,jaw,noise,span_pyin,m.vel_rms,False,-0.00026847,-0.019366,0.023719,0.495,-0.0069464,-0.066667,0,-0.0037249,0.089321,60,12,True,all
emoface,jaw,noise,span_pyin,m.vel_rms,True,-0.00048296,-0.020763,0.024277,0.509,-0.017318,-0.05,0,-0.0067451,0.089321,58,12,True,excl_fail
emoface,jaw,noise,span_pyin,m.event_rate,False,-0.002183,-0.13636,0.029883,0.5685,-0.14247,-0.1803,0,-0.0047599,0.17143,60,12,False,all
emoface,jaw,noise,span_pyin,m.event_rate,True,-0.0022135,-0.14043,0.030002,0.5685,-0.14319,-0.1803,0,-0.0047931,0.17143,58,12,False,excl_fail
emoface,jaw,noise,dyn,m.amp,False,-0.011655,-0.090858,0.081788,0.598,-0.20506,-0.041667,0.33333,-0.069563,0.10474,36,12,True,all
emoface,jaw,noise,dyn,m.amp,False,-0.078519,-0.18547,0.02538,0.93,-0.58929,-0.2,0.2,-0.52927,0.074067,15,5,True,lang:cn (descriptive)
emoface,jaw,noise,dyn,m.amp,False,0.10736,-0.1403,0.3079,0.282,0.33333,0.16667,0.33333,0.44368,0.18444,9,3,True,lang:en (descriptive)
emoface,jaw,noise,dyn,m.amp,False,-0.016287,-0.12034,0.085892,0.63,0.027972,0,0.5,-0.14484,0.077832,12,4,True,lang:jp (descriptive)
emoface,jaw,noise,dyn,m.vel_rms,False,0.00045826,-0.059815,0.057742,0.477,0.0020596,0.083333,0.33333,0.0041089,0.061761,36,12,True,all
emoface,jaw,noise,dyn,m.event_rate,False,0.041232,-0.30911,0.37058,0.394,0.065669,0.32934,0.11111,0.060843,0.225,36,12,False,all
emoface,jaw,noise,combined,m.amp,False,-0.0032487,-0.04941,0.050506,0.5515,-0.085148,-0.16667,0.33333,-0.033026,0.14019,36,12,True,all
emoface,jaw,noise,combined,m.amp,True,-0.015903,-0.054043,0.02895,0.75,-0.15701,-0.27273,0.27273,-0.1778,0.14019,35,12,True,excl_fail
emoface,jaw,noise,combined,m.amp,False,-0.042458,-0.092473,0.007557,0.954,-0.51025,-0.5,0.2,-0.56347,0.089156,15,5,True,lang:cn (descriptive)
emoface,jaw,noise,combined,m.amp,False,0.069901,-0.10446,0.20037,0.282,0.47434,0.5,0.66667,0.44796,0.30148,9,3,True,lang:en (descriptive)
emoface,jaw,noise,combined,m.amp,False,-0.0090991,-0.063186,0.043376,0.651,-0.059131,-0.25,0.25,-0.15024,0.095446,12,4,True,lang:jp (descriptive)
emoface,jaw,noise,combined,m.vel_rms,False,0.00015733,-0.027788,0.032083,0.5,-0.065498,-0.083333,0.25,0.00257,0.082608,36,12,True,all
emoface,jaw,noise,combined,m.vel_rms,True,-0.0054547,-0.030068,0.023689,0.64,-0.13055,-0.18182,0.18182,-0.091894,0.082608,35,12,True,excl_fail
emoface,jaw,noise,combined,m.event_rate,False,0.02356,-0.024457,0.08755,0.237,0.034756,0.026795,0.2,0.15012,0,36,12,False,all
emoface,jaw,noise,combined,m.event_rate,True,0.025131,-0.030869,0.092726,0.237,0.037171,0.026795,0.2,0.15504,0,35,12,False,excl_fail
emoface,jaw,noise,register,m.amp,False,0.0021433,-0.0084905,0.012129,0.326,0.080824,0.125,0.16667,0.074123,0.086545,36,12,True,all
emoface,jaw,noise,register,m.amp,False,0.0089256,-0.0033953,0.021938,0.099,0.39286,0.4,0.2,0.40821,0.06158,15,5,True,lang:cn (descriptive)
emoface,jaw,noise,register,m.amp,False,0.0010778,-0.017033,0.022251,0.427,0.05,-0.16667,0,0.028299,0.1112,9,3,True,lang:en (descriptive)
emoface,jaw,noise,register,m.amp,False,-0.0054883,-0.026059,0.013369,0.642,-0.13287,0,0.25,-0.19083,0.090742,12,4,True,lang:jp (descriptive)
emoface,jaw,noise,register,m.vel_rms,False,0.0027992,-0.0036911,0.0099953,0.221,0.12072,0.083333,0.16667,0.11358,0.063805,36,12,True,all
emoface,jaw,noise,register,m.event_rate,False,-0.0021454,-0.074411,0.055436,0.5005,0.064414,0.10825,0.125,-0.015027,0.13393,36,12,False,all
emoface,jaw,noise,rate,m.amp,False,0.53923,0.22303,0.86438,0.0005,0.71028,,,0.67147,0.058859,24,12,True,all
emoface,jaw,noise,rate,m.amp,False,0.18033,-0.23742,0.52792,0.21,0.38297,,,0.37094,0.05396,10,5,True,lang:cn (descriptive)
emoface,jaw,noise,rate,m.amp,False,1.3751,1.0576,1.6546,0,0.87831,,,0.98447,0.16055,6,3,True,lang:en (descriptive)
emoface,jaw,noise,rate,m.amp,False,0.36095,0.15296,0.56894,0,0.87287,,,0.86034,0.035462,8,4,True,lang:jp (descriptive)
emoface,jaw,noise,rate,m.vel_rms,False,0.71422,0.47584,0.93035,0,0.85474,,,0.86311,0.085985,24,12,True,all
emoface,jaw,noise,rate,m.event_rate,False,1.3989,0.12922,2.9321,0.0205,0.43684,,,0.49525,0,24,12,False,all
emoface,brow_inner_net,clean,span,m.amp,False,0.034343,-0.088484,0.16388,0.2915,0.11453,0.125,0.083333,0.1088,0.2374,60,12,True,all
emoface,brow_inner_net,clean,span,m.amp,True,0.032654,-0.092392,0.16467,0.3075,0.10265,0.075,0.083333,0.10237,0.2374,58,12,True,excl_fail
emoface,brow_inner_net,clean,span,m.amp,False,-0.014021,-0.15355,0.11305,0.584,-0.092308,-0.06,0,-0.05002,0.29625,25,5,True,lang:cn (descriptive)
emoface,brow_inner_net,clean,span,m.amp,False,0.035754,0.019699,0.068273,0,0.24643,0.36667,0.33333,0.31915,0.091447,15,3,True,lang:en (descriptive)
emoface,brow_inner_net,clean,span,m.amp,False,0.082501,-0.24808,0.4341,0.342,0.20602,0.175,0,0.18934,0.34057,20,4,True,lang:jp (descriptive)
emoface,brow_inner_net,clean,span_pyin,m.amp,False,0.027615,-0.084578,0.16117,0.207,0.1491,0.16667,0.083333,0.1193,0.2374,60,12,True,all
emoface,brow_inner_net,clean,span_pyin,m.amp,True,0.02654,-0.090666,0.16545,0.217,0.12572,0.075,0.083333,0.11421,0.2374,58,12,True,excl_fail
emoface,brow_inner_net,clean,span_pyin,m.amp,False,-0.0064538,-0.18819,0.14173,0.536,-0.014615,-0.06,0,-0.018916,0.29625,25,5,True,lang:cn (descriptive)
emoface,brow_inner_net,clean,span_pyin,m.amp,False,0.02111,0.019351,0.067745,0,0.37143,0.53333,0.33333,0.40028,0.091447,15,3,True,lang:en (descriptive)
emoface,brow_inner_net,clean,span_pyin,m.amp,False,0.075591,-0.24563,0.43772,0.342,0.13985,0.175,0,0.17099,0.34057,20,4,True,lang:jp (descriptive)
emoface,brow_inner_net,clean,dyn,m.amp,False,-0.0090237,-0.13518,0.10471,0.562,0.0081097,-0.20833,0.33333,-0.041266,0.10322,36,12,True,all
emoface,brow_inner_net,clean,dyn,m.amp,False,0.1129,0.0011915,0.22798,0.023,0.49286,0.2,0.6,0.65243,0.095086,15,5,True,lang:cn (descriptive)
emoface,brow_inner_net,clean,dyn,m.amp,False,-0.27065,-0.52885,-0.10823,1,-0.86667,-1,0,-0.82576,0.18309,9,3,True,lang:en (descriptive)
emoface,brow_inner_net,clean,dyn,m.amp,False,0.033419,-0.10275,0.20012,0.332,0.06993,-0.125,0.25,0.2097,0.085034,12,4,True,lang:jp (descriptive)
emoface,brow_inner_net,clean,combined,m.amp,False,0.036752,-0.035075,0.11236,0.1685,0.14737,0.16667,0.41667,0.24231,0.20165,36,12,True,all
emoface,brow_inner_net,clean,combined,m.amp,True,0.052488,-0.013234,0.12387,0.0655,0.2364,0.27273,0.45455,0.35476,0.16887,35,12,True,excl_fail
emoface,brow_inner_net,clean,combined,m.amp,False,0.042989,-0.047355,0.13618,0.171,0.22678,0.2,0.4,0.29639,0.22664,15,5,True,lang:cn (descriptive)
emoface,brow_inner_net,clean,combined,m.amp,False,-0.01947,-0.17005,0.10102,0.593,-0.052705,0.16667,0.33333,-0.16362,0.21093,9,3,True,lang:en (descriptive)
emoface,brow_inner_net,clean,combined,m.amp,False,0.071123,-0.044019,0.24257,0.267,0.17739,0.125,0.5,0.39697,0.11279,12,4,True,lang:jp (descriptive)
emoface,brow_inner_net,clean,register,m.amp,False,-0.039662,-0.068426,-0.013432,0.9985,-0.62574,-0.5,0,-0.55574,0.17457,36,12,True,all
emoface,brow_inner_net,clean,register,m.amp,False,-0.0093655,-0.045037,0.022078,0.664,-0.21071,0,0,-0.16833,0.18794,15,5,True,lang:cn (descriptive)
emoface,brow_inner_net,clean,register,m.amp,False,-0.031522,-0.033859,-0.029037,1,-0.51667,-0.66667,0,-0.77812,0.14239,9,3,True,lang:en (descriptive)
emoface,brow_inner_net,clean,register,m.amp,False,-0.083272,-0.12738,-0.039184,1,-0.87413,-1,0,-0.82774,0.24983,12,4,True,lang:jp (descriptive)
emoface,brow_inner_net,clean,rate,m.amp,False,0.5266,-0.075929,1.138,0.047,0.44543,,,0.42906,0.082724,24,12,True,all
emoface,brow_inner_net,clean,rate,m.amp,False,0.86509,-0.53019,2.0821,0.104,0.52223,,,0.49247,0.18277,10,5,True,lang:cn (descriptive)
emoface,brow_inner_net,clean,rate,m.amp,False,0.29419,-0.30717,1.1972,0.305,0.09759,,,0.41227,0.031845,6,3,True,lang:en (descriptive)
emoface,brow_inner_net,clean,rate,m.amp,False,0.2778,-0.16228,0.71788,0.099,0.43644,,,0.52501,0.048495,8,4,True,lang:jp (descriptive)
emoface,brow_inner_net,noise,span,m.amp,False,0.03917,-0.077696,0.16994,0.274,0.10092,0.15,0.083333,0.12747,0.19487,60,12,True,all
emoface,brow_inner_net,noise,span,m.amp,True,0.03886,-0.078609,0.17351,0.2775,0.11034,0.125,0.083333,0.12485,0.19487,58,12,True,excl_fail
emoface,brow_inner_net,noise,span,m.amp,False,0.00054307,-0.13255,0.14313,0.436,-0.08,4.4409e-17,0,0.0020444,0.28756,25,5,True,lang:cn (descriptive)
emoface,brow_inner_net,noise,span,m.amp,False,0.017536,-0.0048605,0.062805,0.135,0.10714,0.2,0,0.16242,0.081742,15,3,True,lang:en (descriptive)
emoface,brow_inner_net,noise,span,m.amp,False,0.095605,-0.2129,0.45238,0.33,0.25113,0.3,0.25,0.22282,0.3195,20,4,True,lang:jp (descriptive)
emoface,brow_inner_net,noise,span_pyin,m.amp,False,0.029955,-0.07377,0.17021,0.1825,0.13976,0.18333,0.083333,0.13293,0.19487,60,12,True,all
emoface,brow_inner_net,noise,span_pyin,m.amp,True,0.029615,-0.077452,0.17466,0.1895,0.13322,0.125,0.083333,0.1306,0.19487,58,12,True,excl_fail
emoface,brow_inner_net,noise,span_pyin,m.amp,False,0.0090309,-0.15466,0.18607,0.451,0.024615,4.4409e-17,0,0.027932,0.28756,25,5,True,lang:cn (descriptive)
emoface,brow_inner_net,noise,span_pyin,m.amp,False,0.01787,-0.0041539,0.019281,0.033,0.28571,0.33333,0,0.35159,0.081742,15,3,True,lang:en (descriptive)
emoface,brow_inner_net,noise,span_pyin,m.amp,False,0.08909,-0.21083,0.45634,0.33,0.18797,0.3,0.25,0.20466,0.3195,20,4,True,lang:jp (descriptive)
emoface,brow_inner_net,noise,dyn,m.amp,False,-0.01671,-0.13818,0.094655,0.6135,-0.10761,-0.20833,0.25,-0.078152,0.074951,36,12,True,all
emoface,brow_inner_net,noise,dyn,m.amp,False,0.081724,-0.031625,0.20229,0.071,0.41786,0.3,0.4,0.50202,0.047428,15,5,True,lang:cn (descriptive)
emoface,brow_inner_net,noise,dyn,m.amp,False,-0.24749,-0.50814,-0.03897,1,-0.86667,-1,0,-0.78316,0.19934,9,3,True,lang:en (descriptive)
emoface,brow_inner_net,noise,dyn,m.amp,False,0.032454,-0.097589,0.21436,0.378,-0.048951,-0.25,0.25,0.18996,0.074951,12,4,True,lang:jp (descriptive)
emoface,brow_inner_net,noise,combined,m.amp,False,0.025769,-0.03781,0.093647,0.232,0.13755,0.16667,0.33333,0.1934,0.18491,36,12,True,all
emoface,brow_inner_net,noise,combined,m.amp,True,0.040641,-0.01699,0.1041,0.093,0.2364,0.27273,0.36364,0.31792,0.17591,35,12,True,excl_fail
emoface,brow_inner_net,noise,combined,m.amp,False,0.021178,-0.054142,0.093324,0.267,0.22678,0.3,0.4,0.18283,0.20237,15,5,True,lang:cn (descriptive)
emoface,brow_inner_net,noise,combined,m.amp,False,-0.022344,-0.16185,0.085983,0.593,-0.052705,0.16667,0.33333,-0.19679,0.18283,9,3,True,lang:en (descriptive)
emoface,brow_inner_net,noise,combined,m.amp,False,0.067593,-0.035422,0.22501,0.245,0.14783,0,0.25,0.41274,0.10558,12,4,True,lang:jp (descriptive)
emoface,brow_inner_net,noise,register,m.amp,False,-0.039956,-0.068385,-0.014524,0.999,-0.69395,-0.54167,0,-0.56531,0.1686,36,12,True,all
emoface,brow_inner_net,noise,register,m.amp,False,-0.016658,-0.048474,0.015379,0.83,-0.40714,-0.2,0,-0.30214,0.18798,15,5,True,lang:cn (descriptive)
emoface,brow_inner_net,noise,register,m.amp,False,-0.02331,-0.025018,-0.021596,1,-0.43333,-0.5,0,-0.59409,0.14741,9,3,True,lang:en (descriptive)
emoface,brow_inner_net,noise,register,m.amp,False,-0.081155,-0.12561,-0.037199,1,-0.85315,-1,0,-0.81263,0.23424,12,4,True,lang:jp (descriptive)
emoface,brow_inner_net,noise,rate,m.amp,False,0.21606,-0.38462,0.85492,0.244,0.25281,,,0.19413,0.069064,24,12,True,all
emoface,brow_inner_net,noise,rate,m.amp,False,-0.004624,-1.2264,1.4485,0.523,-0.034816,,,-0.002981,0.090532,10,5,True,lang:cn (descriptive)
emoface,brow_inner_net,noise,rate,m.amp,False,0.66516,0.29522,1.2107,0,0.87831,,,0.86048,0.052931,6,3,True,lang:en (descriptive)
emoface,brow_inner_net,noise,rate,m.amp,False,0.15509,-0.3257,0.63588,0.304,0.43644,,,0.30397,0.052048,8,4,True,lang:jp (descriptive)
emoface,brow_outer_net,clean,span,m.amp,False,-0.054178,-0.16192,0.065833,0.823,-0.12315,-0.05,0,-0.15597,0.30062,60,12,True,all
emoface,brow_outer_net,clean,span,m.amp,True,-0.038779,-0.15136,0.084539,0.733,-0.071026,0.025,0.083333,-0.11522,0.26892,58,12,True,excl_fail
emoface,brow_outer_net,clean,span,m.amp,False,-0.082312,-0.2451,0.21574,0.73,-0.23846,-0.14,0,-0.19409,0.41716,25,5,True,lang:cn (descriptive)
emoface,brow_outer_net,clean,span,m.amp,False,0.0091184,-0.092814,0.15775,0.389,0.053571,0.23333,0,0.037934,0.18858,15,3,True,lang:en (descriptive)
emoface,brow_outer_net,clean,span,m.amp,False,-0.075494,-0.29634,0.12757,0.725,-0.15489,-0.15,0,-0.22764,0.31568,20,4,True,lang:jp (descriptive)
emoface,brow_outer_net,clean,span_pyin,m.amp,False,-0.0071915,-0.18321,0.047807,0.5945,-0.11709,-0.10833,0,-0.028232,0.30062,60,12,True,all
emoface,brow_outer_net,clean,span_pyin,m.amp,True,0.001399,-0.16464,0.057967,0.4925,-0.057615,0.025,0.083333,0.0057054,0.26892,58,12,True,excl_fail
emoface,brow_outer_net,clean,span_pyin,m.amp,False,-0.069543,-0.31955,0.22747,0.725,-0.17,-0.14,0,-0.13472,0.41716,25,5,True,lang:cn (descriptive)
emoface,brow_outer_net,clean,span_pyin,m.amp,False,0.023687,-0.33444,0.037613,0.277,0.067857,-3.7007e-17,0,0.20933,0.18858,15,3,True,lang:en (descriptive)
emoface,brow_outer_net,clean,span_pyin,m.amp,False,-0.076305,-0.29954,0.12701,0.725,-0.20902,-0.15,0,-0.22677,0.31568,20,4,True,lang:jp (descriptive)
emoface,brow_outer_net,clean,dyn,m.amp,False,0.0086448,-0.096601,0.13069,0.4665,0.0068224,-0.083333,0.33333,0.038089,0.15796,36,12,True,all
emoface,brow_outer_net,clean,dyn,m.amp,False,0.19474,0.021868,0.31237,0.004,0.74643,0.6,0.8,0.74369,0.21347,15,5,True,lang:cn (descriptive)
emoface,brow_outer_net,clean,dyn,m.amp,False,-0.20539,-0.27208,-0.12543,1,-0.9,-0.83333,0,-0.88794,0.17608,9,3,True,lang:en (descriptive)
emoface,brow_outer_net,clean,dyn,m.amp,False,-0.067772,-0.12598,0.0060918,0.969,-0.41259,-0.375,0,-0.40474,0.096306,12,4,True,lang:jp (descriptive)
emoface,brow_outer_net,clean,combined,m.amp,False,-0.046367,-0.11109,0.017812,0.915,-0.18994,0,0.16667,-0.29584,0.24379,36,12,True,all
emoface,brow_outer_net,clean,combined,m.amp,True,-0.037212,-0.1031,0.026904,0.8505,-0.10232,0.045455,0.18182,-0.24044,0.22777,35,12,True,excl_fail
emoface,brow_outer_net,clean,combined,m.amp,False,0.014265,-0.10784,0.096308,0.31,0.35907,0.5,0.4,0.087938,0.24053,15,5,True,lang:cn (descriptive)
emoface,brow_outer_net,clean,combined,m.amp,False,-0.050918,-0.13365,0.004982,0.962,-0.57975,-0.33333,0,-0.54457,0.048552,9,3,True,lang:en (descriptive)
emoface,brow_outer_net,clean,combined,m.amp,False,-0.11874,-0.20925,-0.027088,0.998,-0.59131,-0.375,0,-0.64166,0.29601,12,4,True,lang:jp (descriptive)
emoface,brow_outer_net,clean,register,m.amp,False,-0.029379,-0.049417,-0.0090103,0.998,-0.52124,-0.41667,0.083333,-0.39671,0.19623,36,12,True,all
emoface,brow_outer_net,clean,register,m.amp,False,-0.030084,-0.065877,0.010209,0.909,-0.46786,-0.4,0,-0.34903,0.23707,15,5,True,lang:cn (descriptive)
emoface,brow_outer_net,clean,register,m.amp,False,-0.0061567,-0.02618,0.024344,0.718,-0.16667,0,0.33333,-0.09648,0.15715,9,3,True,lang:en (descriptive)
emoface,brow_outer_net,clean,register,m.amp,False,-0.045641,-0.072835,-0.024546,1,-0.74126,-0.75,0,-0.71166,0.19432,12,4,True,lang:jp (descriptive)
emoface,brow_outer_net,clean,rate,m.amp,False,-0.10404,-1.0427,0.75128,0.5755,0.012039,,,-0.066127,0.091499,24,12,True,all
emoface,brow_outer_net,clean,rate,m.amp,False,0.66468,-0.76573,1.8489,0.155,0.38297,,,0.391,0.20202,10,5,True,lang:cn (descriptive)
emoface,brow_outer_net,clean,rate,m.amp,False,-0.94753,-3.3195,0.659,0.728,-0.29277,,,-0.48424,0.0719,6,3,True,lang:en (descriptive)
emoface,brow_outer_net,clean,rate,m.amp,False,-0.43233,-1.2581,0.39346,0.802,-0.43644,,,-0.44529,0.075005,8,4,True,lang:jp (descriptive)
emoface,brow_outer_net,noise,span,m.amp,False,-0.056012,-0.16479,0.064285,0.8245,-0.13281,-0.025,0,-0.16671,0.30599,60,12,True,all
emoface,brow_outer_net,noise,span,m.amp,True,-0.039581,-0.15068,0.084573,0.7345,-0.085669,0.05,0.083333,-0.1232,0.25295,58,12,True,excl_fail
emoface,brow_outer_net,noise,span,m.amp,False,-0.091018,-0.25548,0.20753,0.779,-0.26692,-0.18,0,-0.22796,0.38919,25,5,True,lang:cn (descriptive)
emoface,brow_outer_net,noise,span,m.amp,False,0.0021422,-0.11949,0.15129,0.356,0.025,0.23333,0,0.0088704,0.16274,15,3,True,lang:en (descriptive)
emoface,brow_outer_net,noise,span,m.amp,False,-0.066266,-0.27866,0.12902,0.71,-0.076692,-0.025,0,-0.20113,0.30599,20,4,True,lang:jp (descriptive)
emoface,brow_outer_net,noise,span_pyin,m.amp,False,-0.0073583,-0.1861,0.048107,0.598,-0.11892,-0.083333,0,-0.029865,0.30599,60,12,True,all
emoface,brow_outer_net,noise,span_pyin,m.amp,True,0.0017184,-0.16039,0.057278,0.4895,-0.061368,0.05,0.083333,0.0073416,0.25295,58,12,True,excl_fail
emoface,brow_outer_net,noise,span_pyin,m.amp,False,-0.07712,-0.32069,0.2207,0.721,-0.18077,-0.18,0,-0.15869,0.38919,25,5,True,lang:cn (descriptive)
emoface,brow_outer_net,noise,span_pyin,m.amp,False,0.022283,-0.38282,0.036835,0.244,0.060714,-3.7007e-17,0,0.196,0.16274,15,3,True,lang:en (descriptive)
emoface,brow_outer_net,noise,span_pyin,m.amp,False,-0.066687,-0.2812,0.12868,0.71,-0.13233,-0.025,0,-0.19949,0.30599,20,4,True,lang:jp (descriptive)
emoface,brow_outer_net,noise,dyn,m.amp,False,0.0090279,-0.10217,0.13548,0.466,-0.010169,-0.083333,0.33333,0.039294,0.13534,36,12,True,all
emoface,brow_outer_net,noise,dyn,m.amp,False,0.20672,0.042877,0.35202,0.004,0.74643,0.6,0.8,0.75064,0.20827,15,5,True,lang:cn (descriptive)
emoface,brow_outer_net,noise,dyn,m.amp,False,-0.20411,-0.30021,-0.125,1,-0.9,-0.83333,0,-0.85904,0.15138,9,3,True,lang:en (descriptive)
emoface,brow_outer_net,noise,dyn,m.amp,False,-0.082993,-0.13375,-0.028695,0.998,-0.3986,-0.375,0,-0.5821,0.096694,12,4,True,lang:jp (descriptive)
emoface,brow_outer_net,noise,combined,m.amp,False,-0.04892,-0.11025,0.010081,0.945,-0.21287,-0.20833,0.083333,-0.32754,0.18732,36,12,True,all
emoface,brow_outer_net,noise,combined,m.amp,True,-0.039294,-0.10317,0.017979,0.893,-0.12349,-0.13636,0.090909,-0.26922,0.17666,35,12,True,excl_fail
emoface,brow_outer_net,noise,combined,m.amp,False,-0.004376,-0.11761,0.066368,0.509,0.094491,0.1,0,-0.029295,0.19545,15,5,True,lang:cn (descriptive)
emoface,brow_outer_net,noise,combined,m.amp,False,-0.050312,-0.14617,-0.0017557,1,-0.52705,-0.66667,0,-0.51727,0.032985,9,3,True,lang:en (descriptive)
emoface,brow_outer_net,noise,combined,m.amp,False,-0.10355,-0.20905,0.0019393,0.961,-0.50262,-0.25,0.25,-0.57949,0.24582,12,4,True,lang:jp (descriptive)
emoface,brow_outer_net,noise,register,m.amp,False,-0.02408,-0.043439,-0.0041181,0.993,-0.42548,-0.33333,0.083333,-0.33299,0.18551,36,12,True,all
emoface,brow_outer_net,noise,register,m.amp,False,-0.021138,-0.055566,0.019619,0.843,-0.28929,-0.2,0,-0.24496,0.25699,15,5,True,lang:cn (descriptive)
emoface,brow_outer_net,noise,register,m.amp,False,-0.0075403,-0.026248,0.02061,0.718,-0.23333,0,0.33333,-0.12281,0.17717,9,3,True,lang:en (descriptive)
emoface,brow_outer_net,noise,register,m.amp,False,-0.039938,-0.068461,-0.01843,1,-0.72028,-0.75,0,-0.66969,0.18551,12,4,True,lang:jp (descriptive)
emoface,brow_outer_net,noise,rate,m.amp,False,-0.1095,-1.0573,0.74171,0.577,-0.036116,,,-0.069581,0.085486,24,12,True,all
emoface,brow_outer_net,noise,rate,m.amp,False,0.50744,-1.1183,1.8493,0.253,0.24371,,,0.27302,0.21829,10,5,True,lang:cn (descriptive)
emoface,brow_outer_net,noise,rate,m.amp,False,-0.90413,-2.905,0.581,0.84,-0.29277,,,-0.52412,0.063126,6,3,True,lang:en (descriptive)
emoface,brow_outer_net,noise,rate,m.amp,False,-0.28469,-1.1598,0.59039,0.696,-0.43644,,,-0.30356,0.078086,8,4,True,lang:jp (descriptive)
emotalk,brow_mean,clean,span,m.amp,False,0.080499,-0.045136,0.23872,0.1475,0.16443,0.15,0.083333,0.23793,0.1788,60,12,True,all
emotalk,brow_mean,clean,span,m.amp,True,0.084738,-0.04495,0.24532,0.14,0.18416,0.15,0.083333,0.24727,0.1788,58,12,True,excl_fail
emotalk,brow_mean,clean,span,m.amp,False,0.16405,-0.18064,0.50085,0.277,0.26846,0.16,0.2,0.32977,0.21928,25,5,True,lang:cn (descriptive)
emotalk,brow_mean,clean,span,m.amp,False,0.010479,-0.065036,0.065971,0.376,0.28929,0.1,0,0.10489,0.076822,15,3,True,lang:en (descriptive)
emotalk,brow_mean,clean,span,m.amp,False,0.050667,-0.020293,0.12351,0.058,0.10376,0.175,0,0.20436,0.18022,20,4,True,lang:jp (descriptive)
emotalk,brow_mean,clean,span,m.vel_rms,False,0.098646,-0.041768,0.27032,0.108,0.19405,0.066667,0.083333,0.2948,0.20474,60,12,True,all
emotalk,brow_mean,clean,span,m.vel_rms,True,0.1014,-0.042999,0.27674,0.108,0.20988,0.1,0.083333,0.29898,0.20474,58,12,True,excl_fail
emotalk,brow_mean,clean,span,m.event_rate,False,0.0048669,-0.16203,0.18082,0.5085,-0.027799,-0.13012,0,0.012474,0.1579,60,12,False,all
emotalk,brow_mean,clean,span,m.event_rate,True,0.0050001,-0.17515,0.1814,0.5085,-0.019684,-0.14067,0,0.012644,0.1579,58,12,False,excl_fail
emotalk,brow_mean,clean,span_pyin,m.amp,False,0.044054,-0.018839,0.19292,0.0625,0.19244,0.175,0.083333,0.17756,0.1788,60,12,True,all
emotalk,brow_mean,clean,span_pyin,m.amp,True,0.045741,-0.016533,0.20471,0.0575,0.20108,0.15,0.083333,0.1832,0.1788,58,12,True,excl_fail
emotalk,brow_mean,clean,span_pyin,m.amp,False,0.15505,-0.19898,0.6305,0.261,0.22077,0.16,0.2,0.25607,0.21928,25,5,True,lang:cn (descriptive)
emotalk,brow_mean,clean,span_pyin,m.amp,False,0.021646,-0.094111,0.077384,0.142,0.45,0.2,0,0.46027,0.076822,15,3,True,lang:en (descriptive)
emotalk,brow_mean,clean,span_pyin,m.amp,False,0.047663,-0.023588,0.12179,0.058,0.11729,0.175,0,0.18949,0.18022,20,4,True,lang:jp (descriptive)
emotalk,brow_mean,clean,span_pyin,m.vel_rms,False,0.059521,-0.011666,0.22185,0.0365,0.23784,0.091667,0.083333,0.24256,0.20474,60,12,True,all
emotalk,brow_mean,clean,span_pyin,m.vel_rms,True,0.060369,-0.012049,0.23444,0.0365,0.24968,0.1,0.083333,0.24432,0.20474,58,12,True,excl_fail
emotalk,brow_mean,clean,span_pyin,m.event_rate,False,0.0044446,-0.10847,0.13188,0.469,-8.3733e-05,-0.085396,0,0.015534,0.1579,60,12,False,all
emotalk,brow_mean,clean,span_pyin,m.event_rate,True,0.0045067,-0.11468,0.13709,0.469,-0.01269,-0.14067,0,0.015642,0.1579,58,12,False,excl_fail
emotalk,brow_mean,clean,dyn,m.amp,False,-0.11307,-0.40715,0.16405,0.7685,-0.05754,-0.20833,0.33333,-0.21071,0.36588,36,12,True,all
emotalk,brow_mean,clean,dyn,m.amp,False,-0.37346,-0.81909,0.10211,0.961,-0.40357,-0.6,0.2,-0.59916,0.31868,15,5,True,lang:cn (descriptive)
emotalk,brow_mean,clean,dyn,m.amp,False,0.035515,-0.48923,0.50229,0.343,0.16667,0.16667,0.33333,0.076777,0.36871,9,3,True,lang:en (descriptive)
emotalk,brow_mean,clean,dyn,m.amp,False,0.10884,-0.33197,0.5213,0.316,0.30769,0,0.5,0.23481,0.37668,12,4,True,lang:jp (descriptive)
emotalk,brow_mean,clean,dyn,m.vel_rms,False,-0.21477,-0.4323,-0.012189,0.985,-0.26891,-0.41667,0.16667,-0.47087,0.2591,36,12,True,all
emotalk,brow_mean,clean,dyn,m.event_rate,False,-0.15582,-0.43535,0.11105,0.8645,-0.18386,-0.24837,0,-0.26638,0.2,36,12,False,all
emotalk,brow_mean,clean,combined,m.amp,False,-0.019294,-0.12003,0.083587,0.6465,-0.065498,-0.083333,0.33333,-0.094111,0.31737,36,12,True,all
emotalk,brow_mean,clean,combined,m.amp,True,-0.016976,-0.12519,0.092694,0.6255,-0.051161,-0.045455,0.36364,-0.080349,0.31737,35,12,True,excl_fail
emotalk,brow_mean,clean,combined,m.amp,False,-0.12451,-0.24547,-0.0035453,0.984,-0.58584,-0.5,0.2,-0.62471,0.28862,15,5,True,lang:cn (descriptive)
emotalk,brow_mean,clean,combined,m.amp,False,-0.030311,-0.25448,0.18434,0.606,-0.10541,-0.33333,0,-0.1476,0.4726,9,3,True,lang:en (descriptive)
emotalk,brow_mean,clean,combined,m.amp,False,0.12049,-0.0077906,0.26204,0.04,0.53218,0.625,0.75,0.56923,0.31737,12,4,True,lang:jp (descriptive)
emotalk,brow_mean,clean,combined,m.vel_rms,False,-0.055171,-0.13095,0.022301,0.9205,-0.32094,-0.33333,0.16667,-0.33778,0.2589,36,12,True,all
emotalk,brow_mean,clean,combined,m.vel_rms,True,-0.057043,-0.13806,0.025899,0.915,-0.31755,-0.27273,0.18182,-0.33845,0.2589,35,12,True,excl_fail
emotalk,brow_mean,clean,combined,m.event_rate,False,0.047212,-0.070484,0.15008,0.2115,0.27126,0.40981,0.2,0.20273,0.22222,36,12,False,all
emotalk,brow_mean,clean,combined,m.event_rate,True,0.063693,-0.057009,0.15808,0.135,0.33664,0.55157,0.22222,0.27114,0.22222,35,12,False,excl_fail
emotalk,brow_mean,clean,register,m.amp,False,-0.017214,-0.050276,0.0091316,0.8795,-0.22754,-0.20833,0.083333,-0.21299,0.17111,36,12,True,all
emotalk,brow_mean,clean,register,m.amp,False,-0.00048491,-0.026316,0.025559,0.515,-0.11786,-0.1,0,-0.0059835,0.17478,15,5,True,lang:cn (descriptive)
emotalk,brow_mean,clean,register,m.amp,False,-0.056834,-0.1609,0.0048048,0.962,-0.68333,-0.5,0,-0.59187,0.051254,9,3,True,lang:en (descriptive)
emotalk,brow_mean,clean,register,m.amp,False,-0.0087394,-0.043094,0.025598,0.654,-0.22378,-0.125,0.25,-0.13023,0.19187,12,4,True,lang:jp (descriptive)
emotalk,brow_mean,clean,register,m.vel_rms,False,-0.015329,-0.04329,0.013108,0.8605,-0.23269,-0.25,0.083333,-0.1921,0.19561,36,12,True,all
emotalk,brow_mean,clean,register,m.event_rate,False,-0.02766,-0.064954,0.0097315,0.927,-0.2357,-0.24837,0,-0.27694,0.125,36,12,False,all
emotalk,brow_mean,clean,rate,m.amp,False,0.86571,-0.5424,2.261,0.1025,0.28893,,,0.33424,0.16696,24,12,True,all
emotalk,brow_mean,clean,rate,m.amp,False,1.7405,0.18969,3.2243,0.022,0.6615,,,0.69356,0.27453,10,5,True,lang:cn (descriptive)
emotalk,brow_mean,clean,rate,m.amp,False,0.91536,-3.2524,5.5467,0.343,0.29277,,,0.24597,0.29013,6,3,True,lang:en (descriptive)
emotalk,brow_mean,clean,rate,m.amp,False,-0.26501,-1.5557,1.0257,0.694,-0.21822,,,-0.19397,0.15115,8,4,True,lang:jp (descriptive)
emotalk,brow_mean,clean,rate,m.vel_rms,False,-0.081847,-1.9603,1.5804,0.521,0.08427,,,-0.026498,0.17871,24,12,True,all
emotalk,brow_mean,clean,rate,m.event_rate,False,-0.33007,-2.9035,1.7131,0.567,0.024529,,,-0.07854,0.10526,24,12,False,all
emotalk,brow_mean,noise,span,m.amp,False,0.072293,-0.04919,0.22931,0.1865,0.11264,0.15833,0.083333,0.21833,0.18907,60,12,True,all
emotalk,brow_mean,noise,span,m.amp,True,0.078857,-0.046214,0.23795,0.1625,0.15599,0.225,0.16667,0.23587,0.18907,58,12,True,excl_fail
emotalk,brow_mean,noise,span,m.amp,False,0.14777,-0.1761,0.49222,0.308,0.19,0.08,0.2,0.30426,0.19209,25,5,True,lang:cn (descriptive)
emotalk,brow_mean,noise,span,m.amp,False,0.0064643,-0.03454,0.066305,0.414,0.082143,0.26667,0,0.063889,0.088243,15,3,True,lang:en (descriptive)
emotalk,brow_mean,noise,span,m.amp,False,0.047373,-0.021691,0.11827,0.058,0.10075,0.175,0,0.19423,0.17537,20,4,True,lang:jp (descriptive)
emotalk,brow_mean,noise,span,m.vel_rms,False,0.095845,-0.041819,0.26916,0.118,0.16416,0.05,0.083333,0.28424,0.20609,60,12,True,all
emotalk,brow_mean,noise,span,m.vel_rms,True,0.098688,-0.042768,0.27462,0.117,0.17617,0.025,0.083333,0.28905,0.20609,58,12,True,excl_fail
emotalk,brow_mean,noise,span,m.event_rate,False,0.027651,-0.15185,0.24281,0.437,-0.074263,-0.13801,0,0.074098,0.15,60,12,False,all
emotalk,brow_mean,noise,span,m.event_rate,True,0.034123,-0.14822,0.24684,0.4125,-0.048795,-0.13801,0,0.092051,0.15,58,12,False,excl_fail
emotalk,brow_mean,noise,span_pyin,m.amp,False,0.0327,-0.024943,0.18199,0.104,0.11987,0.1,0.083333,0.13467,0.18907,60,12,True,all
emotalk,brow_mean,noise,span_pyin,m.amp,True,0.035588,-0.019595,0.19314,0.0795,0.15746,0.225,0.16667,0.14611,0.18907,58,12,True,excl_fail
emotalk,brow_mean,noise,span_pyin,m.amp,False,0.13065,-0.17769,0.6036,0.305,0.11923,0.08,0.2,0.221,0.19209,25,5,True,lang:cn (descriptive)
emotalk,brow_mean,noise,span_pyin,m.amp,False,0.010661,-0.10492,0.077479,0.142,0.071429,0.033333,0,0.22383,0.088243,15,3,True,lang:en (descriptive)
emotalk,brow_mean,noise,span_pyin,m.amp,False,0.044193,-0.025148,0.11633,0.07,0.11429,0.175,0,0.17859,0.17537,20,4,True,lang:jp (descriptive)
emotalk,brow_mean,noise,span_pyin,m.vel_rms,False,0.059872,-0.010172,0.22254,0.0375,0.22323,0.083333,0.083333,0.24213,0.20609,60,12,True,all
emotalk,brow_mean,noise,span_pyin,m.vel_rms,True,0.060899,-0.0099016,0.23471,0.0365,0.22975,0.025,0.083333,0.24483,0.20609,58,12,True,excl_fail
emotalk,brow_mean,noise,span_pyin,m.event_rate,False,0.0081288,-0.11353,0.16373,0.445,-0.0505,-0.10193,0,0.029704,0.15,60,12,False,all
emotalk,brow_mean,noise,span_pyin,m.event_rate,True,0.010879,-0.10993,0.17567,0.416,-0.03874,-0.13801,0,0.040283,0.15,58,12,False,excl_fail
emotalk,brow_mean,noise,dyn,m.amp,False,-0.1341,-0.40563,0.12222,0.837,-0.10684,-0.20833,0.33333,-0.26182,0.34906,36,12,True,all
emotalk,brow_mean,noise,dyn,m.amp,False,-0.38637,-0.78804,0.047119,0.967,-0.50357,-0.6,0.2,-0.65086,0.31007,15,5,True,lang:cn (descriptive)
emotalk,brow_mean,noise,dyn,m.amp,False,-0.028174,-0.49923,0.34722,0.56,0.13333,0.16667,0.33333,-0.067759,0.33335,9,3,True,lang:en (descriptive)
emotalk,brow_mean,noise,dyn,m.amp,False,0.10985,-0.33121,0.52255,0.316,0.30769,0,0.5,0.23715,0.37713,12,4,True,lang:jp (descriptive)
emotalk,brow_mean,noise,dyn,m.vel_rms,False,-0.22931,-0.43935,-0.040584,0.9925,-0.26221,-0.41667,0.16667,-0.51626,0.21685,36,12,True,all
emotalk,brow_mean,noise,dyn,m.event_rate,False,-0.1269,-0.45201,0.14077,0.8085,-0.15759,0.1,0,-0.18286,0.27273,36,12,False,all
emotalk,brow_mean,noise,combined,m.amp,False,-0.016991,-0.11864,0.084706,0.625,-0.062223,-0.083333,0.33333,-0.082513,0.31619,36,12,True,all
emotalk,brow_mean,noise,combined,m.amp,True,-0.012616,-0.12022,0.097739,0.587,-0.037048,-0.045455,0.36364,-0.059621,0.31619,35,12,True,excl_fail
emotalk,brow_mean,noise,combined,m.amp,False,-0.11661,-0.23388,0.010452,0.97,-0.54805,-0.5,0.2,-0.60484,0.23935,15,5,True,lang:cn (descriptive)
emotalk,brow_mean,noise,combined,m.amp,False,-0.032416,-0.2721,0.19453,0.606,-0.10541,-0.33333,0,-0.14706,0.5027,9,3,True,lang:en (descriptive)
emotalk,brow_mean,noise,combined,m.amp,False,0.1191,-0.0092574,0.25872,0.04,0.53218,0.625,0.75,0.56582,0.31619,12,4,True,lang:jp (descriptive)
emotalk,brow_mean,noise,combined,m.vel_rms,False,-0.056491,-0.13062,0.019562,0.9325,-0.32422,-0.33333,0.16667,-0.35031,0.25499,36,12,True,all
emotalk,brow_mean,noise,combined,m.vel_rms,True,-0.058614,-0.13708,0.020826,0.9235,-0.32637,-0.27273,0.18182,-0.35219,0.25499,35,12,True,excl_fail
emotalk,brow_mean,noise,combined,m.event_rate,False,-0.0070649,-0.097025,0.077293,0.5545,0.014777,0.1366,0.1,-0.036224,0.25,36,12,False,all
emotalk,brow_mean,noise,combined,m.event_rate,True,-0.014203,-0.11217,0.074738,0.6105,-0.021231,0.15178,0.11111,-0.071096,0.25,35,12,False,excl_fail
emotalk,brow_mean,noise,register,m.amp,False,-0.014459,-0.04846,0.012376,0.8295,-0.16602,-0.20833,0.083333,-0.18491,0.19382,36,12,True,all
emotalk,brow_mean,noise,register,m.amp,False,0.0051325,-0.020673,0.031099,0.361,0.0071429,-0.1,0,0.067273,0.22559,15,5,True,lang:cn (descriptive)
emotalk,brow_mean,noise,register,m.amp,False,-0.057185,-0.16004,0.00812,0.962,-0.56667,-0.5,0,-0.6058,0.078195,9,3,True,lang:en (descriptive)
emotalk,brow_mean,noise,register,m.amp,False,-0.0072453,-0.041746,0.027238,0.654,-0.11189,-0.125,0.25,-0.10906,0.19096,12,4,True,lang:jp (descriptive)
emotalk,brow_mean,noise,register,m.vel_rms,False,-0.0151,-0.040377,0.012006,0.8705,-0.21853,-0.25,0.083333,-0.19801,0.20067,36,12,True,all
emotalk,brow_mean,noise,register,m.event_rate,False,-0.033572,-0.066959,-0.0035393,0.992,-0.36824,-0.39979,0,-0.34359,0.11111,36,12,False,all
emotalk,brow_mean,noise,rate,m.amp,False,0.83018,-0.52628,2.1567,0.1135,0.32504,,,0.32924,0.16634,24,12,True,all
emotalk,brow_mean,noise,rate,m.amp,False,1.8035,0.23042,3.157,0.017,0.80076,,,0.7164,0.28629,10,5,True,lang:cn (descriptive)
emotalk,brow_mean,noise,rate,m.amp,False,0.54151,-3.3541,5.1333,0.389,0.09759,,,0.15291,0.2977,6,3,True,lang:en (descriptive)
emotalk,brow_mean,noise,rate,m.amp,False,-0.16996,-1.4304,1.0905,0.595,0,,,-0.12861,0.1399,8,4,True,lang:jp (descriptive)
emotalk,brow_mean,noise,rate,m.vel_rms,False,-0.21778,-2.1712,1.4839,0.574,0.024077,,,-0.068505,0.16624,24,12,True,all
emotalk,brow_mean,noise,rate,m.event_rate,False,-0.057237,-2.6867,2.1158,0.497,0.18803,,,-0.013225,0.2,24,12,False,all
emotalk,brow_inner,clean,span,m.amp,False,0.071904,-0.037569,0.21948,0.1625,0.11386,0.091667,0,0.2248,0.15243,60,12,True,all
emotalk,brow_inner,clean,span,m.amp,True,0.076429,-0.034697,0.22546,0.1455,0.14854,0.11667,0,0.23609,0.15243,58,12,True,excl_fail
emotalk,brow_inner,clean,span,m.amp,False,0.14165,-0.14793,0.46735,0.312,0.19308,-0.12,0,0.30346,0.28105,25,5,True,lang:cn (descriptive)
emotalk,brow_inner,clean,span,m.amp,False,0.015,-0.0604,0.080539,0.254,0.17857,0.2,0,0.1876,0.094697,15,3,True,lang:en (descriptive)
emotalk,brow_inner,clean,span,m.amp,False,0.045781,0.010264,0.11068,0,0.14737,0.275,0,0.18643,0.12393,20,4,True,lang:jp (descriptive)
emotalk,brow_inner,clean,span_pyin,m.amp,False,0.036376,-0.017273,0.17442,0.064,0.12992,0.091667,0,0.15508,0.15243,60,12,True,all
emotalk,brow_inner,clean,span_pyin,m.amp,True,0.038172,-0.013364,0.17917,0.058,0.15267,0.11667,0,0.16185,0.15243,58,12,True,excl_fail
emotalk,brow_inner,clean,span_pyin,m.amp,False,0.13161,-0.14445,0.6075,0.307,0.13692,-0.12,0,0.23165,0.28105,25,5,True,lang:cn (descriptive)
emotalk,brow_inner,clean,span_pyin,m.amp,False,0.016413,-0.089068,0.043966,0.142,0.29286,0.2,0,0.43605,0.094697,15,3,True,lang:en (descriptive)
emotalk,brow_inner,clean,span_pyin,m.amp,False,0.042177,0.009094,0.10618,0,0.14887,0.275,0,0.16929,0.12393,20,4,True,lang:jp (descriptive)
emotalk,brow_inner,clean,dyn,m.amp,False,-0.10367,-0.32587,0.11914,0.818,-0.12049,-0.16667,0.41667,-0.24546,0.30006,36,12,True,all
emotalk,brow_inner,clean,dyn,m.amp,False,-0.32834,-0.59828,-0.018247,0.976,-0.49286,-0.6,0.2,-0.6815,0.41126,15,5,True,lang:cn (descriptive)
emotalk,brow_inner,clean,dyn,m.amp,False,-0.005312,-0.41158,0.24449,0.586,0.11667,0.33333,0.66667,-0.016742,0.16135,9,3,True,lang:en (descriptive)
emotalk,brow_inner,clean,dyn,m.amp,False,0.11052,-0.29142,0.48662,0.301,0.43357,0,0.5,0.26927,0.33263,12,4,True,lang:jp (descriptive)
emotalk,brow_inner,clean,combined,m.amp,False,-0.0094141,-0.10899,0.091109,0.576,0.0131,0.125,0.41667,-0.048725,0.33474,36,12,True,all
emotalk,brow_inner,clean,combined,m.amp,True,-0.011179,-0.11381,0.095929,0.5865,-0.0017642,0.090909,0.45455,-0.056038,0.33474,35,12,True,excl_fail
emotalk,brow_inner,clean,combined,m.amp,False,-0.091094,-0.23553,0.053339,0.903,-0.41576,-0.3,0.2,-0.43556,0.35113,15,5,True,lang:cn (descriptive)
emotalk,brow_inner,clean,combined,m.amp,False,-0.041605,-0.24869,0.077814,0.682,0,0.16667,0.33333,-0.26234,0.16643,9,3,True,lang:en (descriptive)
emotalk,brow_inner,clean,combined,m.amp,False,0.11683,-0.0026006,0.24609,0.04,0.62088,0.625,0.75,0.59581,0.29402,12,4,True,lang:jp (descriptive)
emotalk,brow_inner,clean,register,m.amp,False,-0.010424,-0.0407,0.013614,0.7675,-0.16474,-0.041667,0.16667,-0.16463,0.17154,36,12,True,all
emotalk,brow_inner,clean,register,m.amp,False,0.0056276,-0.011057,0.024168,0.311,0.0035714,-0.1,0,0.10784,0.17667,15,5,True,lang:cn (descriptive)
emotalk,brow_inner,clean,register,m.amp,False,-0.04272,-0.13848,0.010153,0.695,-0.28333,0.16667,0.33333,-0.51618,0.040683,9,3,True,lang:en (descriptive)
emotalk,brow_inner,clean,register,m.amp,False,-0.0065159,-0.046214,0.033162,0.613,-0.14685,-0.125,0.25,-0.10998,0.19916,12,4,True,lang:jp (descriptive)
emotalk,brow_inner,clean,rate,m.amp,False,0.87335,-0.28373,1.9666,0.0675,0.39727,,,0.39594,0.1672,24,12,True,all
emotalk,brow_inner,clean,rate,m.amp,False,2.2149,0.59774,3.2075,0.005,0.80076,,,0.82013,0.37158,10,5,True,lang:cn (descriptive)
emotalk,brow_inner,clean,rate,m.amp,False,0.1537,-1.709,3.4046,0.389,0.09759,,,0.066478,0.16478,6,3,True,lang:en (descriptive)
emotalk,brow_inner,clean,rate,m.amp,False,-0.26391,-1.2882,0.89259,0.7,-0.21822,,,-0.21769,0.12597,8,4,True,lang:jp (descriptive)
emotalk,brow_inner,noise,span,m.amp,False,0.069702,-0.03624,0.2166,0.1865,0.11081,0.091667,0.083333,0.22018,0.1591,60,12,True,all
emotalk,brow_inner,noise,span,m.amp,True,0.075281,-0.03216,0.2259,0.1645,0.14215,0.15,0.16667,0.23537,0.1591,58,12,True,excl_fail
emotalk,brow_inner,noise,span,m.amp,False,0.13189,-0.14208,0.47058,0.332,0.13385,-0.1,0.2,0.28719,0.30864,25,5,True,lang:cn (descriptive)
emotalk,brow_inner,noise,span,m.amp,False,0.028233,-0.0045127,0.072537,0.046,0.29286,0.43333,0,0.28356,0.10323,15,3,True,lang:en (descriptive)
emotalk,brow_inner,noise,span,m.amp,False,0.039087,-0.0038049,0.10962,0.036,0.052632,0.075,0,0.16129,0.12506,20,4,True,lang:jp (descriptive)
emotalk,brow_inner,noise,span_pyin,m.amp,False,0.037882,-0.024535,0.1667,0.079,0.11703,0.041667,0.083333,0.16318,0.1591,60,12,True,all
emotalk,brow_inner,noise,span_pyin,m.amp,True,0.040253,-0.019738,0.17469,0.0675,0.14448,0.15,0.16667,0.17275,0.1591,58,12,True,excl_fail
emotalk,brow_inner,noise,span_pyin,m.amp,False,0.11447,-0.14541,0.60273,0.332,0.065385,-0.1,0.2,0.20478,0.30864,25,5,True,lang:cn (descriptive)
emotalk,brow_inner,noise,span_pyin,m.amp,False,0.023794,-0.051875,0.030401,0.142,0.30357,0.23333,0,0.50765,0.10323,15,3,True,lang:en (descriptive)
emotalk,brow_inner,noise,span_pyin,m.amp,False,0.035334,-0.0049513,0.1045,0.058,0.04812,0.075,0,0.1437,0.12506,20,4,True,lang:jp (descriptive)
emotalk,brow_inner,noise,dyn,m.amp,False,-0.097709,-0.30457,0.11265,0.8205,-0.13774,-0.25,0.25,-0.24114,0.3008,36,12,True,all
emotalk,brow_inner,noise,dyn,m.amp,False,-0.28968,-0.52771,0.015024,0.964,-0.5,-0.6,0.2,-0.66368,0.38684,15,5,True,lang:cn (descriptive)
emotalk,brow_inner,noise,dyn,m.amp,False,-0.037681,-0.41329,0.18131,0.682,-0.13333,0,0,-0.11035,0.22283,9,3,True,lang:en (descriptive)
emotalk,brow_inner,noise,dyn,m.amp,False,0.10362,-0.29769,0.47911,0.301,0.43357,0,0.5,0.25389,0.33097,12,4,True,lang:jp (descriptive)
emotalk,brow_inner,noise,combined,m.amp,False,-0.0076223,-0.10097,0.086765,0.562,-0.032749,0.083333,0.33333,-0.040377,0.30834,36,12,True,all
emotalk,brow_inner,noise,combined,m.amp,True,-0.0066817,-0.10478,0.093788,0.55,-0.029991,0.045455,0.36364,-0.034285,0.30834,35,12,True,excl_fail
emotalk,brow_inner,noise,combined,m.amp,False,-0.081177,-0.19988,0.037521,0.883,-0.45356,-0.3,0.2,-0.43483,0.34498,15,5,True,lang:cn (descriptive)
emotalk,brow_inner,noise,combined,m.amp,False,-0.043292,-0.26974,0.10167,0.682,-0.052705,0,0,-0.23609,0.22912,9,3,True,lang:en (descriptive)
emotalk,brow_inner,noise,combined,m.amp,False,0.11107,-0.012024,0.24062,0.04,0.59131,0.625,0.75,0.56882,0.29979,12,4,True,lang:jp (descriptive)
emotalk,brow_inner,noise,register,m.amp,False,-0.0098168,-0.042394,0.016361,0.7315,-0.12355,-0.041667,0.16667,-0.15185,0.1898,36,12,True,all
emotalk,brow_inner,noise,register,m.amp,False,0.010164,-0.01284,0.033333,0.199,0.125,0.1,0,0.19488,0.20569,15,5,True,lang:cn (descriptive)
emotalk,brow_inner,noise,register,m.amp,False,-0.049588,-0.15008,0.010372,0.84,-0.5,-0.16667,0.33333,-0.5627,0.041951,9,3,True,lang:en (descriptive)
emotalk,brow_inner,noise,register,m.amp,False,-0.0052676,-0.044957,0.034402,0.613,-0.14685,-0.125,0.25,-0.091101,0.19557,12,4,True,lang:jp (descriptive)
emotalk,brow_inner,noise,rate,m.amp,False,0.71573,-0.45859,1.7831,0.114,0.3732,,,0.33348,0.19645,24,12,True,all
emotalk,brow_inner,noise,rate,m.amp,False,2.0047,0.47819,2.9373,0.007,0.80076,,,0.80489,0.3461,10,5,True,lang:cn (descriptive)
emotalk,brow_inner,noise,rate,m.amp,False,-0.28994,-2.239,3.2213,0.718,0.09759,,,-0.11576,0.21014,6,3,True,lang:en (descriptive)
emotalk,brow_inner,noise,rate,m.amp,False,-0.14126,-1.1321,1.0161,0.576,0,,,-0.12116,0.11127,8,4,True,lang:jp (descriptive)
emotalk,brow_outer,clean,span,m.amp,False,0.089094,-0.070314,0.26563,0.1595,0.16899,0.125,0.083333,0.22792,0.25622,60,12,True,all
emotalk,brow_outer,clean,span,m.amp,True,0.093047,-0.070756,0.27244,0.1555,0.20164,0.1,0.083333,0.23505,0.25622,58,12,True,excl_fail
emotalk,brow_outer,clean,span,m.amp,False,0.18645,-0.22908,0.54158,0.241,0.30385,0.16,0,0.32467,0.25847,25,5,True,lang:cn (descriptive)
emotalk,brow_outer,clean,span,m.amp,False,0.0059583,-0.069673,0.095045,0.414,0.11786,0.2,0.33333,0.036616,0.11087,15,3,True,lang:en (descriptive)
emotalk,brow_outer,clean,span,m.amp,False,0.055553,-0.05944,0.1736,0.182,0.066165,0.025,0,0.20673,0.21798,20,4,True,lang:jp (descriptive)
emotalk,brow_outer,clean,span_pyin,m.amp,False,0.051733,-0.033668,0.2235,0.0755,0.189,0.125,0.083333,0.18047,0.25622,60,12,True,all
emotalk,brow_outer,clean,span_pyin,m.amp,True,0.053311,-0.032761,0.23423,0.0715,0.20422,0.1,0.083333,0.18485,0.25622,58,12,True,excl_fail
emotalk,brow_outer,clean,span_pyin,m.amp,False,0.1785,-0.26815,0.68133,0.261,0.26,0.16,0,0.25537,0.25847,25,5,True,lang:cn (descriptive)
emotalk,brow_outer,clean,span_pyin,m.amp,False,0.02688,-0.099154,0.1108,0.046,0.21786,0.2,0.33333,0.35089,0.11087,15,3,True,lang:en (descriptive)
emotalk,brow_outer,clean,span_pyin,m.amp,False,0.05315,-0.063212,0.17421,0.182,0.10376,0.025,0,0.19494,0.21798,20,4,True,lang:jp (descriptive)
emotalk,brow_outer,clean,dyn,m.amp,False,-0.12246,-0.49729,0.21075,0.727,-0.047628,-0.29167,0.33333,-0.17884,0.42307,36,12,True,all
emotalk,brow_outer,clean,dyn,m.amp,False,-0.41859,-1.0439,0.20136,0.921,-0.31786,-0.6,0.2,-0.53005,0.41605,15,5,True,lang:cn (descriptive)
emotalk,brow_outer,clean,dyn,m.amp,False,0.076341,-0.56689,0.8341,0.389,0.18333,-0.16667,0.33333,0.11269,0.43009,9,3,True,lang:en (descriptive)
emotalk,brow_outer,clean,dyn,m.amp,False,0.10716,-0.37252,0.55599,0.33,0.3007,0,0.5,0.2035,0.41822,12,4,True,lang:jp (descriptive)
emotalk,brow_outer,clean,combined,m.amp,False,-0.029173,-0.14888,0.090005,0.6865,-0.131,-0.125,0.16667,-0.11974,0.33954,36,12,True,all
emotalk,brow_outer,clean,combined,m.amp,True,-0.022772,-0.15183,0.10301,0.6425,-0.086445,-0.090909,0.18182,-0.091257,0.33954,35,12,True,excl_fail
emotalk,brow_outer,clean,combined,m.amp,False,-0.15793,-0.30439,-0.031166,1,-0.68034,-0.5,0,-0.67865,0.29989,15,5,True,lang:cn (descriptive)
emotalk,brow_outer,clean,combined,m.amp,False,-0.019017,-0.26026,0.29086,0.606,-0.052705,-0.33333,0,-0.068191,0.4745,9,3,True,lang:en (descriptive)
emotalk,brow_outer,clean,combined,m.amp,False,0.12415,-0.012981,0.27799,0.04,0.50262,0.5,0.5,0.5442,0.33954,12,4,True,lang:jp (descriptive)
emotalk,brow_outer,clean,register,m.amp,False,-0.024003,-0.061698,0.0062632,0.933,-0.25817,-0.45833,0,-0.23351,0.20159,36,12,True,all
emotalk,brow_outer,clean,register,m.amp,False,-0.0065974,-0.043727,0.030838,0.617,-0.12143,-0.2,0,-0.057599,0.23895,15,5,True,lang:cn (descriptive)
emotalk,brow_outer,clean,register,m.amp,False,-0.070949,-0.18332,-0.00054298,1,-0.78333,-0.83333,0,-0.64138,0.10393,9,3,True,lang:en (descriptive)
emotalk,brow_outer,clean,register,m.amp,False,-0.010963,-0.042751,0.023288,0.743,-0.25175,-0.5,0,-0.13964,0.20159,12,4,True,lang:jp (descriptive)
emotalk,brow_outer,clean,rate,m.amp,False,0.85807,-1.0078,2.8058,0.1895,0.27689,,,0.25075,0.19494,24,12,True,all
emotalk,brow_outer,clean,rate,m.amp,False,1.266,-0.92306,3.4557,0.186,0.59186,,,0.42903,0.19271,10,5,True,lang:cn (descriptive)
emotalk,brow_outer,clean,rate,m.amp,False,1.677,-4.7957,7.6888,0.343,0.29277,,,0.31198,0.39666,6,3,True,lang:en (descriptive)
emotalk,brow_outer,clean,rate,m.amp,False,-0.26611,-1.8233,1.2911,0.671,-0.21822,,,-0.16591,0.16671,8,4,True,lang:jp (descriptive)
emotalk,brow_outer,noise,span,m.amp,False,0.074883,-0.072644,0.24642,0.195,0.14115,0.05,0.083333,0.19539,0.22642,60,12,True,all
emotalk,brow_outer,noise,span,m.amp,True,0.082433,-0.068729,0.25463,0.178,0.18103,0.016667,0.083333,0.21374,0.22642,58,12,True,excl_fail
emotalk,brow_outer,noise,span,m.amp,False,0.16365,-0.21474,0.51991,0.281,0.31538,0.18,0.2,0.2901,0.42806,25,5,True,lang:cn (descriptive)
emotalk,brow_outer,noise,span,m.amp,False,-0.015304,-0.11053,0.10729,0.753,-0.092857,-0.13333,0,-0.10095,0.15618,15,3,True,lang:en (descriptive)
emotalk,brow_outer,noise,span,m.amp,False,0.055659,-0.058001,0.17234,0.172,0.054135,0.025,0,0.21019,0.22281,20,4,True,lang:jp (descriptive)
emotalk,brow_outer,noise,span_pyin,m.amp,False,0.027518,-0.0405,0.20118,0.1955,0.13532,0.025,0.083333,0.097911,0.22642,60,12,True,all
emotalk,brow_outer,noise,span_pyin,m.amp,True,0.030922,-0.036394,0.21665,0.1625,0.16983,0.016667,0.083333,0.11005,0.22642,58,12,True,excl_fail
emotalk,brow_outer,noise,span_pyin,m.amp,False,0.14682,-0.23555,0.63602,0.268,0.25462,0.18,0.2,0.21383,0.42806,25,5,True,lang:cn (descriptive)
emotalk,brow_outer,noise,span_pyin,m.amp,False,-0.0024712,-0.15797,0.12456,0.753,-0.075,-0.23333,0,-0.034626,0.15618,15,3,True,lang:en (descriptive)
emotalk,brow_outer,noise,span_pyin,m.amp,False,0.053052,-0.062154,0.17291,0.182,0.088722,0.025,0,0.19747,0.22281,20,4,True,lang:jp (descriptive)
emotalk,brow_outer,noise,dyn,m.amp,False,-0.17049,-0.52382,0.14122,0.8395,-0.094355,-0.29167,0.33333,-0.26354,0.40305,36,12,True,all
emotalk,brow_outer,noise,dyn,m.amp,False,-0.48306,-1.0795,0.074022,0.967,-0.425,-0.6,0.2,-0.61921,0.2856,15,5,True,lang:cn (descriptive)
emotalk,brow_outer,noise,dyn,m.amp,False,-0.018667,-0.58518,0.56045,0.606,0.033333,-0.16667,0.33333,-0.035154,0.44159,9,3,True,lang:en (descriptive)
emotalk,brow_outer,noise,dyn,m.amp,False,0.11609,-0.36473,0.56598,0.33,0.30769,0,0.5,0.2202,0.42123,12,4,True,lang:jp (descriptive)
emotalk,brow_outer,noise,combined,m.amp,False,-0.026359,-0.14437,0.092921,0.6665,-0.12117,-0.16667,0.16667,-0.10912,0.33216,36,12,True,all
emotalk,brow_outer,noise,combined,m.amp,True,-0.01855,-0.14443,0.10638,0.6085,-0.056454,-0.13636,0.18182,-0.075186,0.33216,35,12,True,excl_fail
emotalk,brow_outer,noise,combined,m.amp,False,-0.15204,-0.3012,-0.019693,0.984,-0.64254,-0.6,0,-0.65678,0.31775,15,5,True,lang:cn (descriptive)
emotalk,brow_outer,noise,combined,m.amp,False,-0.021539,-0.27447,0.28738,0.606,-0.10541,-0.33333,0,-0.078376,0.49903,9,3,True,lang:en (descriptive)
emotalk,brow_outer,noise,combined,m.amp,False,0.12713,-0.0064904,0.27683,0.04,0.50262,0.5,0.5,0.5606,0.33216,12,4,True,lang:jp (descriptive)
emotalk,brow_outer,noise,register,m.amp,False,-0.0191,-0.055755,0.010888,0.885,-0.19537,-0.20833,0.083333,-0.19334,0.20673,36,12,True,all
emotalk,brow_outer,noise,register,m.amp,False,0.0001011,-0.042797,0.035925,0.443,0.039286,0.2,0.2,0.0009209,0.30669,15,5,True,lang:cn (descriptive)
emotalk,brow_outer,noise,register,m.amp,False,-0.064782,-0.17,0.0058676,0.962,-0.61667,-0.5,0,-0.62853,0.14793,9,3,True,lang:en (descriptive)
emotalk,brow_outer,noise,register,m.amp,False,-0.0092231,-0.041195,0.024908,0.708,-0.25175,-0.5,0,-0.1164,0.20673,12,4,True,lang:jp (descriptive)
emotalk,brow_outer,noise,rate,m.amp,False,0.94464,-0.78504,2.7367,0.146,0.30096,,,0.28845,0.21249,24,12,True,all
emotalk,brow_outer,noise,rate,m.amp,False,1.6023,-0.5303,3.5758,0.075,0.59186,,,0.55444,0.25833,10,5,True,lang:cn (descriptive)
emotalk,brow_outer,noise,rate,m.amp,False,1.373,-4.8562,7.0452,0.343,0.29277,,,0.27111,0.40049,6,3,True,lang:en (descriptive)
emotalk,brow_outer,noise,rate,m.amp,False,-0.19865,-1.7322,1.3349,0.671,-0.21822,,,-0.12566,0.15836,8,4,True,lang:jp (descriptive)
emotalk,lid_upper,clean,span,m.amp,False,0.12444,0.03922,0.19878,0.003,0.389,0.325,0,0.3761,0.26787,60,12,True,all
emotalk,lid_upper,clean,span,m.amp,True,0.11949,0.034459,0.196,0.003,0.35993,0.35,0.083333,0.36049,0.26787,58,12,True,excl_fail
emotalk,lid_upper,clean,span,m.amp,False,0.14818,-0.071965,0.31864,0.076,0.31846,0.16,0,0.34736,0.45465,25,5,True,lang:cn (descriptive)
emotalk,lid_upper,clean,span,m.amp,False,0.12305,0.048594,0.15943,0,0.41786,0.53333,0,0.4068,0.32902,15,3,True,lang:en (descriptive)
emotalk,lid_upper,clean,span,m.amp,False,0.10136,-0.005315,0.19656,0.037,0.41654,0.375,0,0.45409,0.21923,20,4,True,lang:jp (descriptive)
emotalk,lid_upper,clean,span,m.vel_rms,False,0.10326,0.03186,0.17384,0.0035,0.38816,0.36667,0.083333,0.35751,0.20938,60,12,True,all
emotalk,lid_upper,clean,span,m.vel_rms,True,0.097067,0.026931,0.16672,0.0035,0.36307,0.39167,0.16667,0.33759,0.1964,58,12,True,excl_fail
emotalk,lid_upper,clean,span,m.event_rate,False,0.13653,-0.037265,0.30699,0.0625,0.23573,0.18147,0,0.25985,0.25,60,12,False,all
emotalk,lid_upper,clean,span,m.event_rate,True,0.10389,-0.066946,0.2806,0.114,0.1671,0.16956,0,0.21533,0.225,58,12,False,excl_fail
emotalk,lid_upper,clean,span_pyin,m.amp,False,0.033746,-0.016902,0.2181,0.15,0.25874,0.35,0.083333,0.13908,0.26787,60,12,True,all
emotalk,lid_upper,clean,span_pyin,m.amp,True,0.02984,-0.019544,0.21443,0.1865,0.23203,0.35,0.083333,0.12357,0.26787,58,12,True,excl_fail
emotalk,lid_upper,clean,span_pyin,m.amp,False,0.17453,-0.095817,0.4169,0.087,0.27769,0.16,0,0.33613,0.45465,25,5,True,lang:cn (descriptive)
emotalk,lid_upper,clean,span_pyin,m.amp,False,-0.01258,-0.035218,0.27068,0.723,0.025,0.63333,0.33333,-0.088345,0.32902,15,3,True,lang:en (descriptive)
emotalk,lid_upper,clean,span_pyin,m.amp,False,0.10399,-0.0048824,0.19711,0.037,0.43759,0.375,0,0.45921,0.21923,20,4,True,lang:jp (descriptive)
emotalk,lid_upper,clean,span_pyin,m.vel_rms,False,0.007023,-0.037258,0.17344,0.3695,0.27852,0.39167,0.16667,0.033156,0.20938,60,12,True,all
emotalk,lid_upper,clean,span_pyin,m.vel_rms,True,0.0023911,-0.039639,0.16274,0.4135,0.25239,0.39167,0.16667,0.011415,0.1964,58,12,True,excl_fail
emotalk,lid_upper,clean,span_pyin,m.event_rate,False,0.13711,-0.020008,0.28276,0.0425,0.27665,0.2392,0,0.35584,0.25,60,12,False,all
emotalk,lid_upper,clean,span_pyin,m.event_rate,True,0.11987,-0.062148,0.21492,0.084,0.22373,0.16956,0,0.34103,0.225,58,12,False,excl_fail
emotalk,lid_upper,clean,dyn,m.amp,False,-0.0008095,-0.17598,0.19901,0.516,-0.10234,-0.041667,0.33333,-0.0021796,0.24798,36,12,True,all
emotalk,lid_upper,clean,dyn,m.amp,False,0.099436,-0.17291,0.43216,0.283,0.15357,-0.1,0.2,0.23474,0.24898,15,5,True,lang:cn (descriptive)
emotalk,lid_upper,clean,dyn,m.amp,False,-0.1982,-0.45279,0.33738,0.746,-0.66667,-0.33333,0.33333,-0.49238,0.3244,9,3,True,lang:en (descriptive)
emotalk,lid_upper,clean,dyn,m.amp,False,0.020583,-0.17283,0.21394,0.444,0.06993,0.25,0.5,0.08002,0.16963,12,4,True,lang:jp (descriptive)
emotalk,lid_upper,clean,dyn,m.vel_rms,False,-0.11498,-0.26323,0.034551,0.921,-0.23647,-0.125,0.16667,-0.35944,0.12306,36,12,True,all
emotalk,lid_upper,clean,dyn,m.event_rate,False,-0.27018,-0.59089,0.032291,0.965,-0.21419,-0.33333,0,-0.35742,0.33333,36,12,False,all
emotalk,lid_upper,clean,combined,m.amp,False,0.069221,-0.011166,0.14695,0.046,0.37334,0.29167,0.58333,0.41292,0.29542,36,12,True,all
emotalk,lid_upper,clean,combined,m.amp,True,0.062883,-0.018843,0.14437,0.0695,0.33872,0.22727,0.54545,0.37462,0.24548,35,12,True,excl_fail
emotalk,lid_upper,clean,combined,m.amp,False,0.13738,0.029626,0.24018,0.007,0.68034,0.7,0.8,0.67776,0.43397,15,5,True,lang:cn (descriptive)
emotalk,lid_upper,clean,combined,m.amp,False,-0.025817,-0.20536,0.17218,0.624,-0.15811,-0.16667,0.33333,-0.15881,0.33797,9,3,True,lang:en (descriptive)
emotalk,lid_upper,clean,combined,m.amp,False,0.055302,-0.033997,0.1446,0.134,0.35479,0.125,0.5,0.48257,0.18746,12,4,True,lang:jp (descriptive)
emotalk,lid_upper,clean,combined,m.vel_rms,False,0.0036417,-0.063427,0.065919,0.448,0.13427,0.16667,0.33333,0.023792,0.24152,36,12,True,all
emotalk,lid_upper,clean,combined,m.vel_rms,True,-0.00028651,-0.071353,0.066066,0.496,0.084681,0.090909,0.27273,-0.0018219,0.24152,35,12,True,excl_fail
emotalk,lid_upper,clean,combined,m.event_rate,False,-0.12016,-0.21955,-0.0066884,0.9815,-0.41325,-0.40583,0,-0.41354,0.30952,36,12,False,all
emotalk,lid_upper,clean,combined,m.event_rate,True,-0.11484,-0.22148,-0.0017585,0.977,-0.40084,-0.35981,0,-0.38846,0.30952,35,12,False,excl_fail
emotalk,lid_upper,clean,register,m.amp,False,0.017722,-0.033188,0.066312,0.2585,0.074646,0.33333,0.41667,0.17334,0.37044,36,12,True,all
emotalk,lid_upper,clean,register,m.amp,False,-0.022563,-0.087887,0.027561,0.794,-0.28571,0.1,0.4,-0.2903,0.20092,15,5,True,lang:cn (descriptive)
emotalk,lid_upper,clean,register,m.amp,False,0.12048,0.083714,0.16906,0,0.68333,0.83333,0.66667,0.85335,0.69199,9,3,True,lang:en (descriptive)
emotalk,lid_upper,clean,register,m.amp,False,-0.0081095,-0.11069,0.075107,0.586,-0.1049,0.25,0.25,-0.085818,0.3058,12,4,True,lang:jp (descriptive)
emotalk,lid_upper,clean,register,m.vel_rms,False,0.024667,-0.0069791,0.058357,0.0725,0.12535,0.375,0.33333,0.32675,0.16726,36,12,True,all
emotalk,lid_upper,clean,register,m.event_rate,False,0.028179,-0.018279,0.071211,0.1115,0.33255,0.39029,0.14286,0.24868,0.19643,36,12,False,all
emotalk,lid_upper,clean,rate,m.amp,False,-1.6422,-3.1232,-0.28476,0.9895,-0.54174,,,-0.53818,0.1867,24,12,True,all
emotalk,lid_upper,clean,rate,m.amp,False,-0.10642,-1.4084,0.91136,0.531,-0.034816,,,-0.077177,0.078598,10,5,True,lang:cn (descriptive)
emotalk,lid_upper,clean,rate,m.amp,False,-5.3103,-6.3469,-3.3232,1,-0.87831,,,-0.96671,0.48296,6,3,True,lang:en (descriptive)
emotalk,lid_upper,clean,rate,m.amp,False,-0.81086,-2.071,0.71704,0.835,-0.54554,,,-0.47409,0.18588,8,4,True,lang:jp (descriptive)
emotalk,lid_upper,clean,rate,m.vel_rms,False,-1.2662,-3.1088,0.33626,0.928,-0.32504,,,-0.37831,0.18096,24,12,True,all
emotalk,lid_upper,clean,rate,m.event_rate,False,1.085,-2.7515,4.7782,0.2655,0.21726,,,0.15572,0.41667,24,12,False,all
emotalk,lid_upper,noise,span,m.amp,False,0.1268,0.037856,0.20341,0.003,0.35771,0.29167,0,0.36752,0.29549,60,12,True,all
emotalk,lid_upper,noise,span,m.amp,True,0.12175,0.031169,0.20226,0.0035,0.32991,0.31667,0.083333,0.35208,0.29549,58,12,True,excl_fail
emotalk,lid_upper,noise,span,m.amp,False,0.15444,-0.077048,0.32477,0.08,0.29385,0.16,0,0.33847,0.50383,25,5,True,lang:cn (descriptive)
emotalk,lid_upper,noise,span,m.amp,False,0.12924,0.081919,0.15281,0,0.45,0.53333,0,0.41904,0.32488,15,3,True,lang:en (descriptive)
emotalk,lid_upper,noise,span,m.amp,False,0.096731,-0.0090716,0.19358,0.037,0.36992,0.275,0,0.4457,0.20848,20,4,True,lang:jp (descriptive)
emotalk,lid_upper,noise,span,m.vel_rms,False,0.10999,0.036226,0.18065,0.003,0.41256,0.41667,0,0.36808,0.20769,60,12,True,all
emotalk,lid_upper,noise,span,m.vel_rms,True,0.10307,0.030207,0.17377,0.003,0.38423,0.44167,0.083333,0.34731,0.18762,58,12,True,excl_fail
emotalk,lid_upper,noise,span,m.event_rate,False,0.086381,-0.074368,0.26566,0.169,0.041872,0.12737,0,0.19348,0.26786,60,12,False,all
emotalk,lid_upper,noise,span,m.event_rate,True,0.076619,-0.080516,0.25141,0.1995,0.044498,0.14503,0,0.1717,0.26786,58,12,False,excl_fail
emotalk,lid_upper,noise,span_pyin,m.amp,False,0.036522,-0.013009,0.21556,0.1155,0.23184,0.31667,0.083333,0.14434,0.29549,60,12,True,all
emotalk,lid_upper,noise,span_pyin,m.amp,True,0.03256,-0.015532,0.21115,0.1435,0.20594,0.31667,0.083333,0.12924,0.29549,58,12,True,excl_fail
emotalk,lid_upper,noise,span_pyin,m.amp,False,0.17859,-0.096007,0.43637,0.086,0.25846,0.16,0,0.32157,0.50383,25,5,True,lang:cn (descriptive)
emotalk,lid_upper,noise,span_pyin,m.amp,False,-0.0079698,-0.029376,0.28398,0.723,0.082143,0.63333,0.33333,-0.054893,0.32488,15,3,True,lang:en (descriptive)
emotalk,lid_upper,noise,span_pyin,m.amp,False,0.099134,-0.0087762,0.19464,0.059,0.39398,0.275,0,0.45021,0.20848,20,4,True,lang:jp (descriptive)
emotalk,lid_upper,noise,span_pyin,m.vel_rms,False,0.012836,-0.031944,0.18219,0.3205,0.3037,0.44167,0.083333,0.058574,0.20769,60,12,True,all
emotalk,lid_upper,noise,span_pyin,m.vel_rms,True,0.0078094,-0.034503,0.16892,0.364,0.27694,0.44167,0.083333,0.036121,0.18762,58,12,True,excl_fail
emotalk,lid_upper,noise,span_pyin,m.event_rate,False,0.015606,-0.07784,0.23345,0.367,-0.024636,0.12737,0,0.047668,0.26786,60,12,False,all
emotalk,lid_upper,noise,span_pyin,m.event_rate,True,0.0094394,-0.086808,0.21765,0.4135,-0.0080426,0.14503,0,0.029036,0.26786,58,12,False,excl_fail
emotalk,lid_upper,noise,dyn,m.amp,False,-0.02149,-0.19389,0.17808,0.5915,-0.11572,-0.041667,0.25,-0.056356,0.24625,36,12,True,all
emotalk,lid_upper,noise,dyn,m.amp,False,0.051846,-0.21585,0.39091,0.39,0.17143,0,0.2,0.11637,0.2852,15,5,True,lang:cn (descriptive)
emotalk,lid_upper,noise,dyn,m.amp,False,-0.21399,-0.4649,0.32182,0.746,-0.66667,-0.33333,0.33333,-0.52442,0.34031,9,3,True,lang:en (descriptive)
emotalk,lid_upper,noise,dyn,m.amp,False,0.030803,-0.14989,0.21145,0.358,0.062937,0.125,0.25,0.12468,0.16457,12,4,True,lang:jp (descriptive)
emotalk,lid_upper,noise,dyn,m.vel_rms,False,-0.12008,-0.27705,0.037246,0.9195,-0.24805,-0.20833,0.083333,-0.35538,0.12232,36,12,True,all
emotalk,lid_upper,noise,dyn,m.event_rate,False,-0.37073,-0.65411,-0.093683,0.997,-0.48214,-0.57476,0.125,-0.50118,0.35416,36,12,False,all
emotalk,lid_upper,noise,combined,m.amp,False,0.072077,-0.0093246,0.15329,0.0405,0.36679,0.25,0.5,0.41522,0.28684,36,12,True,all
emotalk,lid_upper,noise,combined,m.amp,True,0.066106,-0.014897,0.15329,0.0615,0.32108,0.18182,0.45455,0.37915,0.25503,35,12,True,excl_fail
emotalk,lid_upper,noise,combined,m.amp,False,0.14008,0.020905,0.25855,0.009,0.60474,0.7,0.8,0.64525,0.37781,15,5,True,lang:cn (descriptive)
emotalk,lid_upper,noise,combined,m.amp,False,-0.015422,-0.18671,0.17484,0.624,-0.10541,-0.16667,0.33333,-0.09736,0.33782,9,3,True,lang:en (descriptive)
emotalk,lid_upper,noise,combined,m.amp,False,0.052692,-0.032124,0.13751,0.153,0.26609,0,0.25,0.46825,0.1914,12,4,True,lang:jp (descriptive)
emotalk,lid_upper,noise,combined,m.vel_rms,False,0.0035965,-0.061348,0.066003,0.449,0.10807,0.16667,0.33333,0.0239,0.24766,36,12,True,all
emotalk,lid_upper,noise,combined,m.vel_rms,True,-0.0002114,-0.071388,0.066748,0.4985,0.07586,0.090909,0.27273,-0.0013672,0.24766,35,12,True,excl_fail
emotalk,lid_upper,noise,combined,m.event_rate,False,-0.14208,-0.27127,-0.0065845,0.98,-0.43921,-0.45981,0.1,-0.44925,0.3875,36,12,False,all
emotalk,lid_upper,noise,combined,m.event_rate,True,-0.12489,-0.26063,0.018333,0.959,-0.38113,-0.41467,0.11111,-0.40302,0.375,35,12,False,excl_fail
emotalk,lid_upper,noise,register,m.amp,False,0.015909,-0.035926,0.065515,0.286,0.062033,0.25,0.41667,0.15022,0.37891,36,12,True,all
emotalk,lid_upper,noise,register,m.amp,False,-0.026215,-0.10022,0.02927,0.799,-0.29643,0.1,0.4,-0.29884,0.24921,15,5,True,lang:cn (descriptive)
emotalk,lid_upper,noise,register,m.amp,False,0.11928,0.085783,0.16962,0,0.68333,0.83333,0.66667,0.83268,0.69384,9,3,True,lang:en (descriptive)
emotalk,lid_upper,noise,register,m.amp,False,-0.0080902,-0.10904,0.071243,0.59,-0.15385,0,0.25,-0.086639,0.30909,12,4,True,lang:jp (descriptive)
emotalk,lid_upper,noise,register,m.vel_rms,False,0.025658,-0.00541,0.059359,0.0595,0.15701,0.33333,0.41667,0.33528,0.17298,36,12,True,all
emotalk,lid_upper,noise,register,m.event_rate,False,-0.022188,-0.06572,0.016085,0.866,0.012036,-0.019139,0,-0.16837,0.125,36,12,False,all
emotalk,lid_upper,noise,rate,m.amp,False,-1.513,-3.0253,-0.12004,0.9825,-0.49358,,,-0.49408,0.2078,24,12,True,all
emotalk,lid_upper,noise,rate,m.amp,False,0.19656,-1.2432,1.2076,0.336,0.24371,,,0.13163,0.14665,10,5,True,lang:cn (descriptive)
emotalk,lid_upper,noise,rate,m.amp,False,-5.2439,-6.27,-3.4018,1,-0.87831,,,-0.97039,0.4719,6,3,True,lang:en (descriptive)
emotalk,lid_upper,noise,rate,m.amp,False,-0.85175,-2.2109,0.8224,0.835,-0.54554,,,-0.45908,0.2078,8,4,True,lang:jp (descriptive)
emotalk,lid_upper,noise,rate,m.vel_rms,False,-1.2436,-3.1016,0.36002,0.926,-0.30096,,,-0.36992,0.16756,24,12,True,all
emotalk,lid_upper,noise,rate,m.event_rate,False,-0.46436,-3.1801,2.3437,0.6205,-0.054615,,,-0.093612,0.35,24,12,False,all
emotalk,jaw,clean,span,m.amp,False,0.0070545,-0.050654,0.053884,0.3885,0.05446,0.125,0,0.04288,0.15082,60,12,True,all
emotalk,jaw,clean,span,m.amp,True,0.0077542,-0.052463,0.055064,0.3815,0.076379,0.11667,0,0.046658,0.15082,58,12,True,excl_fail
emotalk,jaw,clean,span,m.amp,False,0.015282,-0.05494,0.083078,0.34,0.088462,0.04,0,0.076925,0.17133,25,5,True,lang:cn (descriptive)
emotalk,jaw,clean,span,m.amp,False,-0.018175,-0.053493,0.013537,0.84,-0.43214,-0.033333,0,-0.35017,0.059583,15,3,True,lang:en (descriptive)
emotalk,jaw,clean,span,m.amp,False,0.018594,-0.1356,0.096641,0.263,0.27068,0.35,0,0.10132,0.1414,20,4,True,lang:jp (descriptive)
emotalk,jaw,clean,span,m.vel_rms,False,0.032528,-0.032227,0.086313,0.1405,0.23562,0.16667,0,0.22255,0.11399,60,12,True,all
emotalk,jaw,clean,span,m.vel_rms,True,0.034341,-0.032187,0.087371,0.131,0.27079,0.15,0,0.2322,0.11399,58,12,True,excl_fail
emotalk,jaw,clean,span,m.event_rate,False,0.14043,0.028938,0.277,0.0045,0.34753,,0,0.29265,0.225,60,12,False,all
emotalk,jaw,clean,span,m.event_rate,True,0.1571,0.054212,0.28488,0,0.387,,0,0.34898,0.1625,58,12,False,excl_fail
emotalk,jaw,clean,span_pyin,m.amp,False,0.0047319,-0.053319,0.054265,0.352,0.067241,0.15833,0,0.039221,0.15082,60,12,True,all
emotalk,jaw,clean,span_pyin,m.amp,True,0.0049946,-0.05552,0.056336,0.3465,0.070042,0.11667,0,0.041252,0.15082,58,12,True,excl_fail
emotalk,jaw,clean,span_pyin,m.amp,False,0.0090685,-0.092329,0.10006,0.41,0.016154,0.04,0,0.037504,0.17133,25,5,True,lang:cn (descriptive)
emotalk,jaw,clean,span_pyin,m.amp,False,0.00052981,-0.053932,0.0030408,0.389,-0.21429,0.1,0,0.021684,0.059583,15,3,True,lang:en (descriptive)
emotalk,jaw,clean,span_pyin,m.amp,False,0.017074,-0.14505,0.097983,0.263,0.22857,0.35,0,0.0917,0.1414,20,4,True,lang:jp (descriptive)
emotalk,jaw,clean,span_pyin,m.vel_rms,False,0.013124,-0.034288,0.081061,0.189,0.18099,0.175,0,0.12244,0.11399,60,12,True,all
emotalk,jaw,clean,span_pyin,m.vel_rms,True,0.013754,-0.034293,0.085629,0.1815,0.19751,0.15,0,0.12765,0.11399,58,12,True,excl_fail
emotalk,jaw,clean,span_pyin,m.event_rate,False,0.069364,0.0099076,0.28061,0.0065,0.28497,,0,0.19712,0.225,60,12,False,all
emotalk,jaw,clean,span_pyin,m.event_rate,True,0.07783,0.018003,0.30811,0,0.32978,,0,0.23731,0.1625,58,12,False,excl_fail
emotalk,jaw,clean,dyn,m.amp,False,0.030388,-0.043695,0.1069,0.223,0.20789,-0.041667,0.33333,0.19483,0.1055,36,12,True,all
emotalk,jaw,clean,dyn,m.amp,False,-0.01143,-0.1156,0.1493,0.616,-0.13214,-0.6,0.2,-0.069841,0.082119,15,5,True,lang:cn (descriptive)
emotalk,jaw,clean,dyn,m.amp,False,-0.042816,-0.12695,0.056549,0.84,-0.13333,-0.16667,0.33333,-0.40613,0.053735,9,3,True,lang:en (descriptive)
emotalk,jaw,clean,dyn,m.amp,False,0.13999,0.11732,0.16225,0,0.81119,0.75,0.5,0.79209,0.12369,12,4,True,lang:jp (descriptive)
emotalk,jaw,clean,dyn,m.vel_rms,False,0.084318,0.0022944,0.16632,0.021,0.42801,0.5,0.58333,0.48152,0.098373,36,12,True,all
emotalk,jaw,clean,dyn,m.event_rate,False,0.15206,-0.12604,0.40555,0.133,0.30342,0.23312,0,0.25422,0.25,36,12,False,all
emotalk,jaw,clean,combined,m.amp,False,0.016323,-0.018115,0.055219,0.1975,0.18012,0.25,0.41667,0.1821,0.13474,36,12,True,all
emotalk,jaw,clean,combined,m.amp,True,0.016881,-0.020173,0.057633,0.206,0.18348,0.31818,0.45455,0.18239,0.13474,35,12,True,excl_fail
emotalk,jaw,clean,combined,m.amp,False,0.0063634,-0.056375,0.093786,0.436,0.018898,0,0.2,0.056531,0.20254,15,5,True,lang:cn (descriptive)
emotalk,jaw,clean,combined,m.amp,False,-0.010177,-0.07027,0.046963,0.606,-0.21082,-0.16667,0.33333,-0.19565,0.091747,9,3,True,lang:en (descriptive)
emotalk,jaw,clean,combined,m.amp,False,0.048648,0.022118,0.079124,0,0.68001,0.875,0.75,0.61603,0.14567,12,4,True,lang:jp (descriptive)
emotalk,jaw,clean,combined,m.vel_rms,False,0.032942,-0.0019182,0.070581,0.034,0.33077,0.16667,0.41667,0.37435,0.10639,36,12,True,all
emotalk,jaw,clean,combined,m.vel_rms,True,0.032033,-0.0042765,0.071989,0.0475,0.28403,0.090909,0.36364,0.35559,0.095594,35,12,True,excl_fail
emotalk,jaw,clean,combined,m.event_rate,False,0.094461,0.023585,0.16619,0.009,0.40819,,0.28571,0.4406,0.125,36,12,False,all
emotalk,jaw,clean,combined,m.event_rate,True,0.087425,0.022728,0.16185,0.009,0.37326,,0.33333,0.40603,0.125,35,12,False,excl_fail
emotalk,jaw,clean,register,m.amp,False,-0.024548,-0.051218,-0.00049387,0.9775,-0.32098,-0.20833,0,-0.38713,0.17725,36,12,True,all
emotalk,jaw,clean,register,m.amp,False,-0.02578,-0.077703,0.019161,0.846,-0.27857,-0.3,0,-0.34463,0.17421,15,5,True,lang:cn (descriptive)
emotalk,jaw,clean,register,m.amp,False,-0.022194,-0.0731,0.0041147,0.695,-0.25,0.16667,0,-0.42565,0.060526,9,3,True,lang:en (descriptive)
emotalk,jaw,clean,register,m.amp,False,-0.024758,-0.047085,0.013028,0.949,-0.18881,-0.375,0,-0.44995,0.18632,12,4,True,lang:jp (descriptive)
emotalk,jaw,clean,register,m.vel_rms,False,-0.025295,-0.049625,-0.0040322,0.9925,-0.47722,-0.29167,0.16667,-0.46958,0.099237,36,12,True,all
emotalk,jaw,clean,register,m.event_rate,False,-0.012971,-0.062846,0.043096,0.722,-0.15651,-0.17601,0.14286,-0.09504,0.14584,36,12,False,all
emotalk,jaw,clean,rate,m.amp,False,-0.23108,-1.6501,1.3678,0.6225,-0.18058,,,-0.086362,0.17468,24,12,True,all
emotalk,jaw,clean,rate,m.amp,False,-1.2521,-3.3687,0.73986,0.878,-0.4526,,,-0.45873,0.21494,10,5,True,lang:cn (descriptive)
emotalk,jaw,clean,rate,m.amp,False,0.87991,-1.8581,6.3483,0.305,0.09759,,,0.22189,0.1778,6,3,True,lang:en (descriptive)
emotalk,jaw,clean,rate,m.amp,False,0.21197,-0.33966,0.7636,0.271,0.43644,,,0.348,0.069474,8,4,True,lang:jp (descriptive)
emotalk,jaw,clean,rate,m.vel_rms,False,0.2105,-0.78509,1.5578,0.385,-0.10835,,,0.10295,0.12434,24,12,True,all
emotalk,jaw,clean,rate,m.event_rate,False,1.503,-0.7859,4.1929,0.1155,0.2573,,,0.32236,0.05,24,12,False,all
emotalk,jaw,noise,span,m.amp,False,0.00068441,-0.060503,0.051125,0.479,0.0086135,0.0083333,0,0.0040718,0.15053,60,12,True,all
emotalk,jaw,noise,span,m.amp,True,0.00071178,-0.062719,0.052494,0.4785,0.02667,-0.016667,0,0.0042171,0.15053,58,12,True,excl_fail
emotalk,jaw,noise,span,m.amp,False,-0.0033701,-0.083037,0.08011,0.572,-0.046923,-0.04,0,-0.016444,0.2039,25,5,True,lang:cn (descriptive)
emotalk,jaw,noise,span,m.amp,False,-0.021309,-0.045855,0.010901,0.962,-0.40357,-0.33333,0,-0.34108,0.048972,15,3,True,lang:en (descriptive)
emotalk,jaw,noise,span,m.amp,False,0.022181,-0.14074,0.11004,0.263,0.2812,0.325,0,0.12124,0.15053,20,4,True,lang:jp (descriptive)
emotalk,jaw,noise,span,m.vel_rms,False,0.024325,-0.037186,0.075981,0.1975,0.19428,0.14167,0,0.16938,0.12171,60,12,True,all
emotalk,jaw,noise,span,m.vel_rms,True,0.025026,-0.038322,0.077011,0.1965,0.21499,0.15833,0,0.17218,0.12171,58,12,True,excl_fail
emotalk,jaw,noise,span,m.event_rate,False,0.14518,-0.036978,0.31671,0.0555,0.31367,,0,0.28554,0.25,60,12,False,all
emotalk,jaw,noise,span,m.event_rate,True,0.16128,0.00066435,0.31915,0.025,0.34368,,0,0.31634,0.25,58,12,False,excl_fail
emotalk,jaw,noise,span_pyin,m.amp,False,0.0030671,-0.063935,0.052457,0.4035,0.044735,0.05,0,0.024883,0.15053,60,12,True,all
emotalk,jaw,noise,span_pyin,m.amp,True,0.0029988,-0.06659,0.053323,0.406,0.047095,-0.016667,0,0.024387,0.15053,58,12,True,excl_fail
emotalk,jaw,noise,span_pyin,m.amp,False,-0.0094785,-0.13501,0.093028,0.6,-0.10308,-0.04,0,-0.037997,0.2039,25,5,True,lang:cn (descriptive)
emotalk,jaw,noise,span_pyin,m.amp,False,0.00042206,-0.045939,0.0036954,0.277,-0.064286,-0.16667,0,0.01435,0.048972,15,3,True,lang:en (descriptive)
emotalk,jaw,noise,span_pyin,m.amp,False,0.021649,-0.14924,0.11206,0.263,0.24211,0.325,0,0.11663,0.15053,20,4,True,lang:jp (descriptive)
emotalk,jaw,noise,span_pyin,m.vel_rms,False,0.0093323,-0.036704,0.070857,0.2535,0.1511,0.175,0,0.088613,0.12171,60,12,True,all
emotalk,jaw,noise,span_pyin,m.vel_rms,True,0.0094409,-0.038963,0.074446,0.2535,0.15623,0.15833,0,0.089159,0.12171,58,12,True,excl_fail
emotalk,jaw,noise,span_pyin,m.event_rate,False,0.06983,-0.0029469,0.30292,0.0295,0.27768,,0,0.18729,0.25,60,12,False,all
emotalk,jaw,noise,span_pyin,m.event_rate,True,0.077191,0.010594,0.32464,0.008,0.30166,,0,0.20782,0.25,58,12,False,excl_fail
emotalk,jaw,noise,dyn,m.amp,False,0.022403,-0.04946,0.096579,0.2695,0.17455,0.041667,0.33333,0.15023,0.10693,36,12,True,all
emotalk,jaw,noise,dyn,m.amp,False,-0.023788,-0.12229,0.12941,0.72,-0.12143,-0.5,0.2,-0.14463,0.12624,15,5,True,lang:cn (descriptive)
emotalk,jaw,noise,dyn,m.amp,False,-0.028281,-0.14126,0.053053,0.728,0.016667,0,0.33333,-0.25737,0.042335,9,3,True,lang:en (descriptive)
emotalk,jaw,noise,dyn,m.amp,False,0.12047,0.1124,0.12968,0,0.70629,0.75,0.5,0.78106,0.10693,12,4,True,lang:jp (descriptive)
emotalk,jaw,noise,dyn,m.vel_rms,False,0.078073,-0.0058612,0.16094,0.037,0.36481,0.33333,0.5,0.44195,0.11176,36,12,True,all
emotalk,jaw,noise,dyn,m.event_rate,False,0.15854,-0.14148,0.4809,0.144,0.28312,0.34151,0.25,0.24764,0.25,36,12,False,all
emotalk,jaw,noise,combined,m.amp,False,0.014098,-0.022516,0.054677,0.243,0.14737,0.33333,0.5,0.1493,0.12979,36,12,True,all
emotalk,jaw,noise,combined,m.amp,True,0.012861,-0.026223,0.056356,0.278,0.12173,0.27273,0.45455,0.13237,0.12979,35,12,True,excl_fail
emotalk,jaw,noise,combined,m.amp,False,-0.0050772,-0.065347,0.084737,0.581,-0.11339,-0.1,0.2,-0.042241,0.20031,15,5,True,lang:cn (descriptive)
emotalk,jaw,noise,combined,m.amp,False,0.0027321,-0.067533,0.049393,0.343,0.10541,0.33333,0.66667,0.052053,0.09529,9,3,True,lang:en (descriptive)
emotalk,jaw,noise,combined,m.amp,False,0.046592,0.016322,0.077607,0,0.65044,0.875,0.75,0.5724,0.15199,12,4,True,lang:jp (descriptive)
emotalk,jaw,noise,combined,m.vel_rms,False,0.031585,-0.0056706,0.070532,0.051,0.29802,0.125,0.33333,0.34115,0.13163,36,12,True,all
emotalk,jaw,noise,combined,m.vel_rms,True,0.028631,-0.0094685,0.06998,0.077,0.24169,0.045455,0.27273,0.30592,0.11261,35,12,True,excl_fail
emotalk,jaw,noise,combined,m.event_rate,False,0.056768,-0.049967,0.18081,0.173,0.1342,0.2,0.4,0.25683,0,36,12,False,all
emotalk,jaw,noise,combined,m.event_rate,True,0.020553,-0.063595,0.10445,0.307,0.067742,0,0.25,0.12258,0,35,12,False,excl_fail
emotalk,jaw,noise,register,m.amp,False,-0.021573,-0.047567,0.0022501,0.961,-0.30656,-0.29167,0,-0.35819,0.16354,36,12,True,all
emotalk,jaw,noise,register,m.amp,False,-0.018891,-0.070758,0.028007,0.767,-0.23571,-0.3,0,-0.25877,0.16889,15,5,True,lang:cn (descriptive)
emotalk,jaw,noise,register,m.amp,False,-0.020303,-0.065754,0.0072377,0.728,-0.36667,-0.16667,0,-0.42297,0.049057,9,3,True,lang:en (descriptive)
emotalk,jaw,noise,register,m.amp,False,-0.025839,-0.045661,0.0082478,0.949,-0.18881,-0.375,0,-0.51767,0.17406,12,4,True,lang:jp (descriptive)
emotalk,jaw,noise,register,m.vel_rms,False,-0.026156,-0.050742,-0.0043558,0.992,-0.48546,-0.45833,0.16667,-0.47591,0.10929,36,12,True,all
emotalk,jaw,noise,register,m.event_rate,False,0.010253,-0.037842,0.062459,0.339,0.070866,0.10566,0.16667,0.094168,0.0625,36,12,False,all
emotalk,jaw,noise,rate,m.amp,False,-0.2228,-1.6587,1.411,0.6195,-0.18058,,,-0.082087,0.18693,24,12,True,all
emotalk,jaw,noise,rate,m.amp,False,-1.0838,-3.3175,1.1296,0.838,-0.31334,,,-0.39068,0.22103,10,5,True,lang:cn (descriptive)
emotalk,jaw,noise,rate,m.amp,False,0.80075,-1.973,6.3305,0.305,0.09759,,,0.20063,0.18769,6,3,True,lang:en (descriptive)
emotalk,jaw,noise,rate,m.amp,False,0.085724,-0.56972,0.79738,0.421,0.21822,,,0.11734,0.057573,8,4,True,lang:jp (descriptive)
emotalk,jaw,noise,rate,m.vel_rms,False,0.22691,-0.77046,1.5994,0.3805,-0.13242,,,0.1096,0.11888,24,12,True,all
emotalk,jaw,noise,rate,m.event_rate,False,3.2318,1.3138,5.5729,0,0.74363,,,0.65338,0.13393,24,12,False,all
emotalk,brow_inner_net,clean,span,m.amp,False,0.015411,-0.045066,0.081968,0.3405,0.027452,0.041667,0,0.071424,0.15771,60,12,True,all
emotalk,brow_inner_net,clean,span,m.amp,True,0.019184,-0.043115,0.085772,0.3005,0.038728,0.05,0,0.088555,0.15771,58,12,True,excl_fail
emotalk,brow_inner_net,clean,span,m.amp,False,0.051675,-0.083656,0.1855,0.281,0.16615,0.1,0,0.17883,0.16302,25,5,True,lang:cn (descriptive)
emotalk,brow_inner_net,clean,span,m.amp,False,0.0014739,-0.062721,0.080036,0.356,-0.15,-0.1,0,0.013427,0.12535,15,3,True,lang:en (descriptive)
emotalk,brow_inner_net,clean,span,m.amp,False,-0.01053,-0.1026,0.056537,0.676,-0.034586,0.075,0,-0.055376,0.18222,20,4,True,lang:jp (descriptive)
emotalk,brow_inner_net,clean,span_pyin,m.amp,False,0.0014823,-0.049705,0.053685,0.4735,-0.070853,0.041667,0,0.0093679,0.15771,60,12,True,all
emotalk,brow_inner_net,clean,span_pyin,m.amp,True,0.0033547,-0.045946,0.062595,0.4095,-0.051278,0.05,0,0.021256,0.15771,58,12,True,excl_fail
emotalk,brow_inner_net,clean,span_pyin,m.amp,False,0.036615,-0.10366,0.24825,0.347,-0.0053846,0.1,0,0.10411,0.16302,25,5,True,lang:cn (descriptive)
emotalk,brow_inner_net,clean,span_pyin,m.amp,False,-0.0010877,-0.10586,0.0026179,0.573,-0.21071,-0.1,0,-0.021048,0.12535,15,3,True,lang:en (descriptive)
emotalk,brow_inner_net,clean,span_pyin,m.amp,False,-0.013962,-0.10396,0.05269,0.676,-0.054135,0.075,0,-0.072366,0.18222,20,4,True,lang:jp (descriptive)
emotalk,brow_inner_net,clean,dyn,m.amp,False,0.0626,-0.033321,0.14831,0.0965,0.38888,0.25,0.41667,0.31945,0.12257,36,12,True,all
emotalk,brow_inner_net,clean,dyn,m.amp,False,0.11152,-0.035103,0.2507,0.087,0.52143,0.3,0.6,0.51222,0.17286,15,5,True,lang:cn (descriptive)
emotalk,brow_inner_net,clean,dyn,m.amp,False,-0.033507,-0.30625,0.13338,0.682,-0.11667,0.16667,0.33333,-0.14935,0.10112,9,3,True,lang:en (descriptive)
emotalk,brow_inner_net,clean,dyn,m.amp,False,0.072876,-0.014492,0.15462,0.047,0.47552,0.25,0.25,0.54728,0.080608,12,4,True,lang:jp (descriptive)
emotalk,brow_inner_net,clean,combined,m.amp,False,0.022194,-0.044112,0.077807,0.227,0.29147,0.41667,0.41667,0.1764,0.22748,36,12,True,all
emotalk,brow_inner_net,clean,combined,m.amp,True,0.028253,-0.041695,0.083647,0.1945,0.35284,0.5,0.45455,0.21948,0.22748,35,12,True,excl_fail
emotalk,brow_inner_net,clean,combined,m.amp,False,0.031206,-0.058674,0.10216,0.226,0.26458,0.4,0.2,0.24077,0.27291,15,5,True,lang:cn (descriptive)
emotalk,brow_inner_net,clean,combined,m.amp,False,-0.075241,-0.23397,0.051901,0.84,-0.26352,-0.16667,0.33333,-0.51823,0.11198,9,3,True,lang:en (descriptive)
emotalk,brow_inner_net,clean,combined,m.amp,False,0.084005,0.047407,0.1206,0,0.8574,0.875,0.75,0.81291,0.19769,12,4,True,lang:jp (descriptive)
emotalk,brow_inner_net,clean,register,m.amp,False,0.012756,-0.020283,0.045613,0.231,0.20309,0.29167,0.41667,0.1889,0.17849,36,12,True,all
emotalk,brow_inner_net,clean,register,m.amp,False,0.044322,-0.0022864,0.089422,0.05,0.57143,0.5,0.4,0.57815,0.052936,15,5,True,lang:cn (descriptive)
emotalk,brow_inner_net,clean,register,m.amp,False,-0.019591,-0.1015,0.03849,0.695,-0.18333,0.33333,0.66667,-0.28906,0.16354,9,3,True,lang:en (descriptive)
emotalk,brow_inner_net,clean,register,m.amp,False,-0.0025538,-0.043388,0.03826,0.567,-0.006993,0,0.25,-0.047421,0.19412,12,4,True,lang:jp (descriptive)
emotalk,brow_inner_net,clean,rate,m.amp,False,0.36072,-0.59196,1.2545,0.229,0.26485,,,0.21796,0.14925,24,12,True,all
emotalk,brow_inner_net,clean,rate,m.amp,False,0.36319,-1.4109,1.6095,0.306,0.24371,,,0.20198,0.17086,10,5,True,lang:cn (descriptive)
emotalk,brow_inner_net,clean,rate,m.amp,False,0.61484,-1.6844,2.9887,0.394,0.29277,,,0.30664,0.16261,6,3,True,lang:en (descriptive)
emotalk,brow_inner_net,clean,rate,m.amp,False,0.16705,-0.88382,1.1195,0.423,0.21822,,,0.1551,0.1019,8,4,True,lang:jp (descriptive)
emotalk,brow_inner_net,noise,span,m.amp,False,0.0063225,-0.047479,0.059286,0.422,-0.024062,0.0083333,0.083333,0.030014,0.16638,60,12,True,all
emotalk,brow_inner_net,noise,span,m.amp,True,0.0068027,-0.048629,0.061098,0.4175,-0.020763,-8.0954e-18,0.083333,0.031937,0.16638,58,12,True,excl_fail
emotalk,brow_inner_net,noise,span,m.amp,False,0.024155,-0.089551,0.12644,0.37,0.083077,0.12,0.2,0.086908,0.17807,25,5,True,lang:cn (descriptive)
emotalk,brow_inner_net,noise,span,m.amp,False,-0.0020699,-0.081736,0.099296,0.606,-0.11071,-0.2,0,-0.018335,0.12041,15,3,True,lang:en (descriptive)
emotalk,brow_inner_net,noise,span,m.amp,False,-0.0052182,-0.098129,0.063492,0.529,-0.06015,0.025,0,-0.027559,0.1858,20,4,True,lang:jp (descriptive)
emotalk,brow_inner_net,noise,span_pyin,m.amp,False,0.0029092,-0.049602,0.041506,0.41,-0.086802,0.033333,0.083333,0.018833,0.16638,60,12,True,all
emotalk,brow_inner_net,noise,span_pyin,m.amp,True,0.0031825,-0.051346,0.042822,0.4005,-0.083269,-8.0954e-18,0.083333,0.020509,0.16638,58,12,True,excl_fail
emotalk,brow_inner_net,noise,span_pyin,m.amp,False,0.010115,-0.10997,0.17936,0.474,-0.052308,0.12,0.2,0.029899,0.17807,25,5,True,lang:cn (descriptive)
emotalk,brow_inner_net,noise,span_pyin,m.amp,False,0.0047518,-0.077024,0.0080086,0.277,-0.082143,-0.1,0,0.089412,0.12041,15,3,True,lang:en (descriptive)
emotalk,brow_inner_net,noise,span_pyin,m.amp,False,-0.0089494,-0.098595,0.061761,0.618,-0.073684,0.025,0,-0.046585,0.1858,20,4,True,lang:jp (descriptive)
emotalk,brow_inner_net,noise,dyn,m.amp,False,0.058608,-0.043617,0.15295,0.134,0.37549,0.33333,0.5,0.27727,0.12945,36,12,True,all
emotalk,brow_inner_net,noise,dyn,m.amp,False,0.11137,-0.05348,0.26787,0.09,0.49286,0.3,0.6,0.46639,0.19744,15,5,True,lang:cn (descriptive)
emotalk,brow_inner_net,noise,dyn,m.amp,False,-0.03791,-0.338,0.14301,0.682,-0.033333,0.16667,0.33333,-0.15144,0.10029,9,3,True,lang:en (descriptive)
emotalk,brow_inner_net,noise,dyn,m.amp,False,0.064242,-0.0057463,0.14759,0.033,0.46853,0.5,0.5,0.52298,0.074452,12,4,True,lang:jp (descriptive)
emotalk,brow_inner_net,noise,combined,m.amp,False,0.025577,-0.036901,0.078608,0.19,0.29474,0.29167,0.41667,0.21303,0.20951,36,12,True,all
emotalk,brow_inner_net,noise,combined,m.amp,True,0.030481,-0.03656,0.083148,0.166,0.32814,0.40909,0.45455,0.24704,0.20951,35,12,True,excl_fail
emotalk,brow_inner_net,noise,combined,m.amp,False,0.029982,-0.038937,0.095638,0.203,0.18898,0.2,0.2,0.26424,0.25363,15,5,True,lang:cn (descriptive)
emotalk,brow_inner_net,noise,combined,m.amp,False,-0.068922,-0.22729,0.061237,0.84,-0.26352,-0.33333,0.33333,-0.48761,0.11544,9,3,True,lang:en (descriptive)
emotalk,brow_inner_net,noise,combined,m.amp,False,0.090946,0.052027,0.12986,0,0.8574,0.875,0.75,0.82438,0.20951,12,4,True,lang:jp (descriptive)
emotalk,brow_inner_net,noise,register,m.amp,False,0.015729,-0.016996,0.047504,0.183,0.27362,0.33333,0.5,0.23642,0.17339,36,12,True,all
emotalk,brow_inner_net,noise,register,m.amp,False,0.05172,0.0097551,0.094674,0,0.775,0.6,0.6,0.66464,0.13813,15,5,True,lang:cn (descriptive)
emotalk,brow_inner_net,noise,register,m.amp,False,-0.018144,-0.095428,0.03889,0.695,-0.16667,0.33333,0.66667,-0.2854,0.16549,9,3,True,lang:en (descriptive)
emotalk,brow_inner_net,noise,register,m.amp,False,-0.0039462,-0.045001,0.037088,0.667,-0.048951,0,0.25,-0.07612,0.17861,12,4,True,lang:jp (descriptive)
emotalk,brow_inner_net,noise,rate,m.amp,False,0.48581,-0.50956,1.3702,0.1705,0.30096,,,0.27958,0.17315,24,12,True,all
emotalk,brow_inner_net,noise,rate,m.amp,False,0.68091,-1.1695,1.981,0.25,0.24371,,,0.3398,0.22248,10,5,True,lang:cn (descriptive)
emotalk,brow_inner_net,noise,rate,m.amp,False,0.54677,-1.8674,2.6655,0.394,0.29277,,,0.2817,0.17861,6,3,True,lang:en (descriptive)
emotalk,brow_inner_net,noise,rate,m.amp,False,0.19623,-0.93861,1.1697,0.374,0.32733,,,0.17812,0.10497,8,4,True,lang:jp (descriptive)
emotalk,brow_outer_net,clean,span,m.amp,False,0.018574,-0.037039,0.083392,0.301,0.012892,0,0,0.087389,0.14944,60,12,True,all
emotalk,brow_outer_net,clean,span,m.amp,True,0.021686,-0.035304,0.087062,0.262,0.03073,-9.2519e-18,0,0.10149,0.14944,58,12,True,excl_fail
emotalk,brow_outer_net,clean,span,m.amp,False,0.049686,-0.095631,0.19079,0.289,0.15923,0.08,0,0.17373,0.17629,25,5,True,lang:cn (descriptive)
emotalk,brow_outer_net,clean,span,m.amp,False,0.0016646,-0.030762,0.08317,0.277,-0.18571,-0.13333,0,0.013237,0.11446,15,3,True,lang:en (descriptive)
emotalk,brow_outer_net,clean,span,m.amp,False,0.00022915,-0.063346,0.046228,0.402,-0.03609,0,0,0.0013004,0.16642,20,4,True,lang:jp (descriptive)
emotalk,brow_outer_net,clean,span_pyin,m.amp,False,-7.8183e-05,-0.042174,0.055113,0.5205,-0.085524,-0.025,0,-0.00050161,0.14944,60,12,True,all
emotalk,brow_outer_net,clean,span_pyin,m.amp,True,0.0013859,-0.040227,0.060011,0.47,-0.061921,-9.2519e-18,0,0.0089026,0.14944,58,12,True,excl_fail
emotalk,brow_outer_net,clean,span_pyin,m.amp,False,0.034376,-0.11913,0.25608,0.375,-0.013077,0.08,0,0.098755,0.17629,25,5,True,lang:cn (descriptive)
emotalk,brow_outer_net,clean,span_pyin,m.amp,False,-0.0059501,-0.061731,-0.0021235,1,-0.3,-0.23333,0,-0.10051,0.11446,15,3,True,lang:en (descriptive)
emotalk,brow_outer_net,clean,span_pyin,m.amp,False,-0.0029322,-0.063978,0.044442,0.51,-0.054135,0,0,-0.016401,0.16642,20,4,True,lang:jp (descriptive)
emotalk,brow_outer_net,clean,dyn,m.amp,False,0.038025,-0.072502,0.14018,0.242,0.29826,0.16667,0.41667,0.17927,0.15069,36,12,True,all
emotalk,brow_outer_net,clean,dyn,m.amp,False,0.071497,-0.085156,0.22961,0.227,0.41429,0.3,0.6,0.33261,0.1566,15,5,True,lang:cn (descriptive)
emotalk,brow_outer_net,clean,dyn,m.amp,False,-0.10815,-0.36829,0.034606,0.682,-0.31667,0,0,-0.46745,0.080007,9,3,True,lang:en (descriptive)
emotalk,brow_outer_net,clean,dyn,m.amp,False,0.10633,-0.041385,0.24454,0.051,0.51748,0.125,0.5,0.55339,0.10751,12,4,True,lang:jp (descriptive)
emotalk,brow_outer_net,clean,combined,m.amp,False,0.02207,-0.049989,0.080434,0.2465,0.29802,0.29167,0.33333,0.16811,0.21784,36,12,True,all
emotalk,brow_outer_net,clean,combined,m.amp,True,0.028479,-0.048209,0.086402,0.202,0.34754,0.36364,0.36364,0.21216,0.21784,35,12,True,excl_fail
emotalk,brow_outer_net,clean,combined,m.amp,False,0.025603,-0.040721,0.088292,0.238,0.18898,0.2,0.2,0.23532,0.2408,15,5,True,lang:cn (descriptive)
emotalk,brow_outer_net,clean,combined,m.amp,False,-0.098839,-0.28868,0.040967,0.84,-0.42164,-0.33333,0,-0.5674,0.11713,9,3,True,lang:en (descriptive)
emotalk,brow_outer_net,clean,combined,m.amp,False,0.10833,0.076662,0.14001,0,0.91653,0.875,0.75,0.91068,0.22599,12,4,True,lang:jp (descriptive)
emotalk,brow_outer_net,clean,register,m.amp,False,0.0094949,-0.024802,0.042309,0.299,0.16036,0,0.25,0.14219,0.15547,36,12,True,all
emotalk,brow_outer_net,clean,register,m.amp,False,0.038664,-0.009003,0.085754,0.09,0.41071,0,0.4,0.51688,0.06935,15,5,True,lang:cn (descriptive)
emotalk,brow_outer_net,clean,register,m.amp,False,-0.025862,-0.11875,0.040565,0.695,-0.21667,0.16667,0.33333,-0.34537,0.17314,9,3,True,lang:en (descriptive)
emotalk,brow_outer_net,clean,register,m.amp,False,-0.00061797,-0.030969,0.029718,0.545,-0.027972,-0.125,0,-0.013173,0.17049,12,4,True,lang:jp (descriptive)
emotalk,brow_outer_net,clean,rate,m.amp,False,0.3792,-0.66065,1.3938,0.2515,0.18058,,,0.20717,0.13056,24,12,True,all
emotalk,brow_outer_net,clean,rate,m.amp,False,0.64822,-1.3392,2.4525,0.276,0.31334,,,0.28261,0.18082,10,5,True,lang:cn (descriptive)
emotalk,brow_outer_net,clean,rate,m.amp,False,0.2949,-1.9745,2.7043,0.394,0.29277,,,0.15238,0.18782,6,3,True,lang:en (descriptive)
emotalk,brow_outer_net,clean,rate,m.amp,False,0.10614,-0.60779,0.88185,0.442,0,,,0.13015,0.061777,8,4,True,lang:jp (descriptive)
emotalk,brow_outer_net,noise,span,m.amp,False,0.024245,-0.045336,0.11052,0.306,0.024785,0.05,0,0.10684,0.19104,60,12,True,all
emotalk,brow_outer_net,noise,span,m.amp,True,0.028392,-0.043068,0.11624,0.266,0.046787,0.1,0,0.1242,0.19104,58,12,True,excl_fail
emotalk,brow_outer_net,noise,span,m.amp,False,0.065762,-0.1098,0.25808,0.314,0.19923,0.18,0,0.2075,0.22505,25,5,True,lang:cn (descriptive)
emotalk,brow_outer_net,noise,span,m.amp,False,0.0093006,-0.024239,0.086445,0.277,0.0071429,-0.1,0,0.071097,0.12101,15,3,True,lang:en (descriptive)
emotalk,brow_outer_net,noise,span,m.amp,False,-0.0062504,-0.073664,0.047244,0.568,-0.066165,0,0,-0.036846,0.15804,20,4,True,lang:jp (descriptive)
emotalk,brow_outer_net,noise,span_pyin,m.amp,False,0.00020839,-0.051349,0.070995,0.5235,-0.087191,0.0083333,0,0.0012522,0.19104,60,12,True,all
emotalk,brow_outer_net,noise,span_pyin,m.amp,True,0.0020917,-0.047228,0.078509,0.4705,-0.058538,0.1,0,0.012559,0.19104,58,12,True,excl_fail
emotalk,brow_outer_net,noise,span_pyin,m.amp,False,0.041346,-0.13482,0.32445,0.383,0.018462,0.18,0,0.10718,0.22505,25,5,True,lang:cn (descriptive)
emotalk,brow_outer_net,noise,span_pyin,m.amp,False,-0.0050595,-0.05033,-0.0020541,1,-0.21429,-0.26667,0,-0.082158,0.12101,15,3,True,lang:en (descriptive)
emotalk,brow_outer_net,noise,span_pyin,m.amp,False,-0.0095918,-0.074022,0.04547,0.568,-0.085714,0,0,-0.05573,0.15804,20,4,True,lang:jp (descriptive)
emotalk,brow_outer_net,noise,dyn,m.amp,False,0.038468,-0.075246,0.13836,0.238,0.27019,0.16667,0.33333,0.17621,0.15643,36,12,True,all
emotalk,brow_outer_net,noise,dyn,m.amp,False,0.058651,-0.13417,0.20034,0.187,0.40714,0.2,0.4,0.26449,0.17326,15,5,True,lang:cn (descriptive)
emotalk,brow_outer_net,noise,dyn,m.amp,False,-0.092016,-0.3745,0.10145,0.682,-0.21667,0,0,-0.37091,0.14434,9,3,True,lang:en (descriptive)
emotalk,brow_outer_net,noise,dyn,m.amp,False,0.11192,-0.023085,0.23823,0.051,0.52448,0.25,0.5,0.59712,0.1022,12,4,True,lang:jp (descriptive)
emotalk,brow_outer_net,noise,combined,m.amp,False,0.030781,-0.043164,0.090779,0.189,0.33732,0.33333,0.41667,0.22569,0.21134,36,12,True,all
emotalk,brow_outer_net,noise,combined,m.amp,True,0.037267,-0.041843,0.099406,0.164,0.39518,0.40909,0.45455,0.26656,0.21134,35,12,True,excl_fail
emotalk,brow_outer_net,noise,combined,m.amp,False,0.035692,-0.036761,0.11357,0.203,0.17008,0.2,0.2,0.3034,0.23461,15,5,True,lang:cn (descriptive)
emotalk,brow_outer_net,noise,combined,m.amp,False,-0.08275,-0.28734,0.056711,0.728,-0.26352,-0.16667,0.33333,-0.46353,0.15149,9,3,True,lang:en (descriptive)
emotalk,brow_outer_net,noise,combined,m.amp,False,0.10979,0.076748,0.14283,0,0.91653,0.875,0.75,0.90856,0.22573,12,4,True,lang:jp (descriptive)
emotalk,brow_outer_net,noise,register,m.amp,False,0.011761,-0.023301,0.044942,0.2565,0.20309,0.125,0.33333,0.17686,0.16923,36,12,True,all
emotalk,brow_outer_net,noise,register,m.amp,False,0.042011,-0.0023857,0.088557,0.041,0.58571,0.2,0.4,0.58428,0.085772,15,5,True,lang:cn (descriptive)
emotalk,brow_outer_net,noise,register,m.amp,False,-0.020577,-0.12112,0.04932,0.695,-0.16667,0.33333,0.66667,-0.26584,0.21425,9,3,True,lang:en (descriptive)
emotalk,brow_outer_net,noise,register,m.amp,False,-0.0019209,-0.032696,0.028838,0.545,-0.12587,-0.125,0,-0.039743,0.16923,12,4,True,lang:jp (descriptive)
emotalk,brow_outer_net,noise,rate,m.amp,False,0.32812,-0.752,1.3426,0.2815,0.16854,,,0.17641,0.11666,24,12,True,all
emotalk,brow_outer_net,noise,rate,m.amp,False,0.63887,-1.4653,2.4018,0.271,0.31334,,,0.27649,0.25927,10,5,True,lang:cn (descriptive)
emotalk,brow_outer_net,noise,rate,m.amp,False,0.13127,-2.2666,2.7332,0.44,0.09759,,,0.064019,0.21243,6,3,True,lang:en (descriptive)
emotalk,brow_outer_net,noise,rate,m.amp,False,0.087338,-0.56908,0.79085,0.442,0,,,0.11755,0.058012,8,4,True,lang:jp (descriptive)
emote,brow_mean,clean,span,m.amp,False,0.026525,-0.0076358,0.071898,0.0775,0.15932,-0.016667,0,0.22585,0.082558,60,12,True,all
emote,brow_mean,clean,span,m.amp,True,0.026999,-0.0083741,0.072443,0.0795,0.17143,-0.025,0,0.22682,0.082558,58,12,True,excl_fail
emote,brow_mean,clean,span,m.amp,False,0.02825,-0.033956,0.13652,0.344,0.098462,-0.2,0,0.19789,0.089223,25,5,True,lang:cn (descriptive)
emote,brow_mean,clean,span,m.amp,False,0.043001,-0.0091593,0.079499,0.046,0.42857,0.26667,0,0.38481,0.075894,15,3,True,lang:en (descriptive)
emote,brow_mean,clean,span,m.amp,False,0.011758,-0.011319,0.032264,0.17,0.10977,0,0,0.13051,0.076772,20,4,True,lang:jp (descriptive)
emote,brow_mean,clean,span,m.vel_rms,False,0.030514,-0.0051048,0.077443,0.057,0.16299,0.11667,0,0.29803,0.038305,60,12,True,all
emote,brow_mean,clean,span,m.vel_rms,True,0.031864,-0.0047326,0.078606,0.053,0.20188,0.1,0,0.30734,0.038305,58,12,True,excl_fail
emote,brow_mean,clean,span,m.event_rate,False,-0.02961,-0.1455,0.083444,0.714,-0.046695,-0.064284,0,-0.081125,0.22727,60,12,False,all
emote,brow_mean,clean,span,m.event_rate,True,-0.018736,-0.13999,0.09014,0.632,-0.0072483,,0,-0.052262,0.22727,58,12,False,excl_fail
emote,brow_mean,clean,span_pyin,m.amp,False,0.023219,-0.003005,0.069313,0.0335,0.23823,0.025,0,0.26958,0.082558,60,12,True,all
emote,brow_mean,clean,span_pyin,m.amp,True,0.023408,-0.0038007,0.070419,0.034,0.24396,-0.025,0,0.26992,0.082558,58,12,True,excl_fail
emote,brow_mean,clean,span_pyin,m.amp,False,0.045151,-0.051363,0.15424,0.344,0.10231,-0.2,0,0.25985,0.089223,25,5,True,lang:cn (descriptive)
emote,brow_mean,clean,span_pyin,m.amp,False,0.022102,0.00048894,0.093213,0,0.52143,0.43333,0,0.42014,0.075894,15,3,True,lang:en (descriptive)
emote,brow_mean,clean,span_pyin,m.amp,False,0.011791,-0.011517,0.0337,0.17,0.13534,0,0,0.129,0.076772,20,4,True,lang:jp (descriptive)
emote,brow_mean,clean,span_pyin,m.vel_rms,False,0.01746,-0.0037859,0.076013,0.0475,0.18355,0.125,0,0.23255,0.038305,60,12,True,all
emote,brow_mean,clean,span_pyin,m.vel_rms,True,0.017955,-0.0035779,0.079815,0.044,0.21037,0.1,0,0.23771,0.038305,58,12,True,excl_fail
emote,brow_mean,clean,span_pyin,m.event_rate,False,0.012502,-0.16173,0.068402,0.404,-0.011695,-0.10357,0,0.046707,0.22727,60,12,False,all
emote,brow_mean,clean,span_pyin,m.event_rate,True,0.01846,-0.14376,0.083328,0.3455,0.025713,,0,0.070677,0.22727,58,12,False,excl_fail
emote,brow_mean,clean,dyn,m.amp,False,0.006973,-0.06439,0.076967,0.406,0.23943,0.125,0.41667,0.055437,0.059399,36,12,True,all
emote,brow_mean,clean,dyn,m.amp,False,-0.02667,-0.15693,0.076657,0.624,0.2,0.1,0.4,-0.19057,0.089076,15,5,True,lang:cn (descriptive)
emote,brow_mean,clean,dyn,m.amp,False,0.070265,-0.019379,0.24033,0.318,0.066667,-0.16667,0.33333,0.4978,0.015917,9,3,True,lang:en (descriptive)
emote,brow_mean,clean,dyn,m.amp,False,0.0020444,-0.097993,0.072498,0.418,0.41259,0.375,0.5,0.023072,0.056035,12,4,True,lang:jp (descriptive)
emote,brow_mean,clean,dyn,m.vel_rms,False,0.026014,-0.0078505,0.064696,0.073,0.31383,0.16667,0.5,0.36288,0.030756,36,12,True,all
emote,brow_mean,clean,dyn,m.event_rate,False,0.10574,-0.032369,0.21762,0.056,0.38417,,0.1,0.33862,0.13333,36,12,False,all
emote,brow_mean,clean,combined,m.amp,False,0.01057,-0.0089414,0.029503,0.1415,0.21614,0.041667,0.25,0.22686,0.062937,36,12,True,all
emote,brow_mean,clean,combined,m.amp,True,0.011615,-0.0091027,0.031452,0.135,0.23464,0.13636,0.27273,0.24146,0.062937,35,12,True,excl_fail
emote,brow_mean,clean,combined,m.amp,False,-0.0010792,-0.031775,0.029498,0.501,0.094491,0.1,0.4,-0.027536,0.045582,15,5,True,lang:cn (descriptive)
emote,brow_mean,clean,combined,m.amp,False,0.020242,-0.003916,0.067529,0.318,-0.052705,-0.5,0,0.36787,0.007804,9,3,True,lang:en (descriptive)
emote,brow_mean,clean,combined,m.amp,False,0.017877,-0.0076775,0.045019,0.066,0.35479,0.375,0.25,0.371,0.08482,12,4,True,lang:jp (descriptive)
emote,brow_mean,clean,combined,m.vel_rms,False,0.011761,-0.0043642,0.030863,0.0865,0.21614,0.083333,0.25,0.31164,0.036205,36,12,True,all
emote,brow_mean,clean,combined,m.vel_rms,True,0.01259,-0.0046809,0.032442,0.0865,0.23111,0.18182,0.27273,0.32301,0.036205,35,12,True,excl_fail
emote,brow_mean,clean,combined,m.event_rate,False,-0.076592,-0.14501,-0.0091821,0.9895,-0.49508,-0.5109,0,-0.48322,0.11556,36,12,False,all
emote,brow_mean,clean,combined,m.event_rate,True,-0.068471,-0.14181,0.00285,0.972,-0.45752,-0.46651,0,-0.44038,0.11,35,12,False,excl_fail
emote,brow_mean,clean,register,m.amp,False,-0.00048764,-0.014506,0.014862,0.544,-0.1166,-0.041667,0.16667,-0.014421,0.055701,36,12,True,all
emote,brow_mean,clean,register,m.amp,False,0.015031,-0.010915,0.042525,0.129,0.42143,0.3,0.4,0.34219,0.095452,15,5,True,lang:cn (descriptive)
emote,brow_mean,clean,register,m.amp,False,0.00081669,-0.0012183,0.0028771,0.16,0.3,0.16667,0,0.076659,0.02151,9,3,True,lang:en (descriptive)
emote,brow_mean,clean,register,m.amp,False,-0.020711,-0.036759,-0.0046714,1,-0.72727,-0.625,0,-0.67989,0.092156,12,4,True,lang:jp (descriptive)
emote,brow_mean,clean,register,m.vel_rms,False,0.0028858,-0.011365,0.021725,0.413,-0.12252,-0.20833,0.083333,0.07463,0.04683,36,12,True,all
emote,brow_mean,clean,register,m.event_rate,False,-0.013337,-0.063666,0.035589,0.706,-0.022411,-0.06655,0.090909,-0.11282,0.15556,36,12,False,all
emote,brow_mean,clean,rate,m.amp,False,-0.024181,-0.71346,0.69797,0.5405,-0.048154,,,-0.01943,0.061224,24,12,True,all
emote,brow_mean,clean,rate,m.amp,False,-0.1216,-1.2724,0.80493,0.573,-0.10445,,,-0.095202,0.044835,10,5,True,lang:cn (descriptive)
emote,brow_mean,clean,rate,m.amp,False,1.1283,0.091492,2.4698,0,0.87831,,,0.75016,0.090642,6,3,True,lang:en (descriptive)
emote,brow_mean,clean,rate,m.amp,False,-0.76673,-1.3083,-0.31104,1,-0.87287,,,-0.80348,0.061224,8,4,True,lang:jp (descriptive)
emote,brow_mean,clean,rate,m.vel_rms,False,-0.0058249,-0.47237,0.60091,0.5535,-0.21669,,,-0.0061615,0.031904,24,12,True,all
emote,brow_mean,clean,rate,m.event_rate,False,-2.6894,-4.8798,-0.5985,0.993,-0.51175,,,-0.55754,0.26136,24,12,False,all
emote,brow_mean,noise,span,m.amp,False,0.027216,-0.0077009,0.074108,0.079,0.16766,-0.033333,0,0.23004,0.077069,60,12,True,all
emote,brow_mean,noise,span,m.amp,True,0.027454,-0.0084707,0.07488,0.0815,0.1686,0.0083333,0,0.22906,0.077069,58,12,True,excl_fail
emote,brow_mean,noise,span,m.amp,False,0.032413,-0.039149,0.13937,0.334,0.13231,-0.08,0,0.22541,0.085075,25,5,True,lang:cn (descriptive)
emote,brow_mean,noise,span,m.amp,False,0.043816,0.0052496,0.080275,0,0.40714,0.23333,0,0.38032,0.059088,15,3,True,lang:en (descriptive)
emote,brow_mean,noise,span,m.amp,False,0.0088135,-0.012478,0.03197,0.258,0.051128,-0.175,0,0.10004,0.078447,20,4,True,lang:jp (descriptive)
emote,brow_mean,noise,span,m.vel_rms,False,0.032241,0.00028888,0.073465,0.0245,0.23312,0.225,0.083333,0.34284,0.03884,60,12,True,all
emote,brow_mean,noise,span,m.vel_rms,True,0.033403,0.000416,0.075178,0.0235,0.26746,0.28333,0.083333,0.35081,0.03884,58,12,True,excl_fail
emote,brow_mean,noise,span,m.event_rate,False,0.0055432,-0.16402,0.14141,0.47,0.11563,0.072897,0,0.013392,0.4,60,12,False,all
emote,brow_mean,noise,span,m.event_rate,True,0.005695,-0.16929,0.14585,0.47,0.11535,0.072897,0,0.013574,0.4,58,12,False,excl_fail
emote,brow_mean,noise,span_pyin,m.amp,False,0.021522,-0.0027136,0.070162,0.0345,0.22595,-0.0083333,0,0.24807,0.077069,60,12,True,all
emote,brow_mean,noise,span_pyin,m.amp,True,0.021548,-0.0033798,0.072615,0.036,0.22698,0.0083333,0,0.24678,0.077069,58,12,True,excl_fail
emote,brow_mean,noise,span_pyin,m.amp,False,0.049241,-0.056996,0.15918,0.344,0.14846,-0.08,0,0.28134,0.085075,25,5,True,lang:cn (descriptive)
emote,brow_mean,noise,span_pyin,m.amp,False,0.019652,0.014771,0.093569,0,0.43571,0.33333,0,0.36235,0.059088,15,3,True,lang:en (descriptive)
emote,brow_mean,noise,span_pyin,m.amp,False,0.0087608,-0.01392,0.033664,0.258,0.081203,-0.175,0,0.098016,0.078447,20,4,True,lang:jp (descriptive)
emote,brow_mean,noise,span_pyin,m.vel_rms,False,0.016218,-0.00017167,0.075329,0.0285,0.22189,0.21667,0.083333,0.23516,0.03884,60,12,True,all
emote,brow_mean,noise,span_pyin,m.vel_rms,True,0.01657,-2.2249e-05,0.078705,0.0255,0.24962,0.28333,0.083333,0.23886,0.03884,58,12,True,excl_fail
emote,brow_mean,noise,span_pyin,m.event_rate,False,0.002518,-0.15704,0.11181,0.4805,0.058066,0.072897,0,0.0082955,0.4,60,12,False,all
emote,brow_mean,noise,span_pyin,m.event_rate,True,0.0025532,-0.16843,0.11605,0.4805,0.059846,0.072897,0,0.0083532,0.4,58,12,False,excl_fail
emote,brow_mean,noise,dyn,m.amp,False,0.0041975,-0.056111,0.062924,0.4315,0.17172,0.20833,0.33333,0.037371,0.066896,36,12,True,all
emote,brow_mean,noise,dyn,m.amp,False,-0.028057,-0.12661,0.05182,0.703,0.060714,0.1,0.4,-0.2452,0.077431,15,5,True,lang:cn (descriptive)
emote,brow_mean,noise,dyn,m.amp,False,0.070961,-0.0020651,0.20658,0.046,0.48333,0.33333,0.33333,0.54641,0.056361,9,3,True,lang:en (descriptive)
emote,brow_mean,noise,dyn,m.amp,False,-0.005164,-0.10406,0.075943,0.567,0.1958,0.25,0.25,-0.055166,0.062859,12,4,True,lang:jp (descriptive)
emote,brow_mean,noise,dyn,m.vel_rms,False,0.029414,-0.0062945,0.07389,0.065,0.28796,0.29167,0.41667,0.35363,0.03516,36,12,True,all
emote,brow_mean,noise,dyn,m.event_rate,False,0.0077504,-0.11895,0.12424,0.445,0.0021387,-0.014011,0.28571,0.022634,0.15556,36,12,False,all
emote,brow_mean,noise,combined,m.amp,False,0.010522,-0.011013,0.031186,0.159,0.19322,0,0.16667,0.21087,0.077865,36,12,True,all
emote,brow_mean,noise,combined,m.amp,True,0.01168,-0.011342,0.033736,0.1485,0.21347,0.090909,0.18182,0.22679,0.077865,35,12,True,excl_fail
emote,brow_mean,noise,combined,m.amp,False,-0.0013953,-0.03632,0.035048,0.507,-0.056695,-0.1,0.2,-0.030941,0.070764,15,5,True,lang:cn (descriptive)
emote,brow_mean,noise,combined,m.amp,False,0.017192,-0.0073013,0.064329,0.318,0.052705,-0.33333,0,0.30692,0.023835,9,3,True,lang:en (descriptive)
emote,brow_mean,noise,combined,m.amp,False,0.020416,-0.0058733,0.051098,0.063,0.41392,0.375,0.25,0.40241,0.086624,12,4,True,lang:jp (descriptive)
emote,brow_mean,noise,combined,m.vel_rms,False,0.013821,-0.0035483,0.034777,0.073,0.22597,0.125,0.33333,0.32395,0.037766,36,12,True,all
emote,brow_mean,noise,combined,m.vel_rms,True,0.014515,-0.0040942,0.037127,0.0775,0.22052,0.045455,0.27273,0.32949,0.037766,35,12,True,excl_fail
emote,brow_mean,noise,combined,m.event_rate,False,-0.02316,-0.096169,0.067849,0.725,-0.20748,-0.2366,0.1,-0.13034,0.21111,36,12,False,all
emote,brow_mean,noise,combined,m.event_rate,True,-0.024704,-0.10273,0.071326,0.725,-0.21081,-0.2366,0.1,-0.13461,0.21111,35,12,False,excl_fail
emote,brow_mean,noise,register,m.amp,False,-0.00044269,-0.013893,0.014449,0.5465,-0.10296,0,0.16667,-0.012736,0.057187,36,12,True,all
emote,brow_mean,noise,register,m.amp,False,0.014733,-0.013371,0.042402,0.144,0.43214,0.3,0.2,0.3213,0.098595,15,5,True,lang:cn (descriptive)
emote,brow_mean,noise,register,m.amp,False,-0.00079985,-0.0016054,0.00026263,0.962,-0.11667,-0.16667,0,-0.065916,0.030007,9,3,True,lang:en (descriptive)
emote,brow_mean,noise,register,m.amp,False,-0.019014,-0.034124,-0.0039114,0.996,-0.60839,-0.25,0.25,-0.64047,0.085533,12,4,True,lang:jp (descriptive)
emote,brow_mean,noise,register,m.vel_rms,False,0.0029803,-0.010598,0.021232,0.4025,-0.1323,-0.16667,0.16667,0.076308,0.046205,36,12,True,all
emote,brow_mean,noise,register,m.event_rate,False,0.026197,-0.026258,0.090531,0.1985,0.12501,0,0.125,0.21528,0.093478,36,12,False,all
emote,brow_mean,noise,rate,m.amp,False,0.0244,-0.63967,0.6993,0.4725,0.024077,,,0.020718,0.063314,24,12,True,all
emote,brow_mean,noise,rate,m.amp,False,-0.0062253,-1.029,0.90545,0.52,0.034816,,,-0.0052422,0.055073,10,5,True,lang:cn (descriptive)
emote,brow_mean,noise,rate,m.amp,False,1.0906,0.2175,2.2857,0,0.87831,,,0.78017,0.084355,6,3,True,lang:en (descriptive)
emote,brow_mean,noise,rate,m.amp,False,-0.73698,-1.347,-0.24361,1,-0.87287,,,-0.76324,0.05475,8,4,True,lang:jp (descriptive)
emote,brow_mean,noise,rate,m.vel_rms,False,-0.010974,-0.4466,0.5455,0.567,-0.21669,,,-0.012436,0.042936,24,12,True,all
emote,brow_mean,noise,rate,m.event_rate,False,-1.2166,-3.6969,1.4655,0.836,-0.2348,,,-0.25564,0.3285,24,12,False,all
emote,brow_inner,clean,span,m.amp,False,-0.0090087,-0.070467,0.055918,0.6155,-0.09347,-0.23333,0,-0.054121,0.12286,60,12,True,all
emote,brow_inner,clean,span,m.amp,True,-0.0092367,-0.072969,0.056705,0.6155,-0.087084,-0.2,0,-0.054747,0.12286,58,12,True,excl_fail
emote,brow_inner,clean,span,m.amp,False,-0.039808,-0.18423,0.13264,0.695,-0.23077,-0.46,0,-0.16885,0.15047,25,5,True,lang:cn (descriptive)
emote,brow_inner,clean,span,m.amp,False,0.014357,-0.014129,0.056344,0.142,0.028571,-0.066667,0,0.17314,0.097786,15,3,True,lang:en (descriptive)
emote,brow_inner,clean,span,m.amp,False,0.0039196,-0.034279,0.057017,0.466,0.018045,-0.075,0,0.031222,0.10428,20,4,True,lang:jp (descriptive)
emote,brow_inner,clean,span_pyin,m.amp,False,0.0096953,-0.058799,0.047175,0.318,-0.0066129,-0.20833,0,0.079425,0.12286,60,12,True,all
emote,brow_inner,clean,span_pyin,m.amp,True,0.0098349,-0.060975,0.048869,0.318,9.2282e-05,-0.2,0,0.080013,0.12286,58,12,True,excl_fail
emote,brow_inner,clean,span_pyin,m.amp,False,-0.022376,-0.2518,0.14314,0.602,-0.18,-0.46,0,-0.077979,0.15047,25,5,True,lang:cn (descriptive)
emote,brow_inner,clean,span_pyin,m.amp,False,0.017688,-0.010359,0.019044,0.046,0.17143,0.033333,0,0.45313,0.097786,15,3,True,lang:en (descriptive)
emote,brow_inner,clean,span_pyin,m.amp,False,0.0030838,-0.035243,0.058679,0.466,0.027068,-0.075,0,0.024211,0.10428,20,4,True,lang:jp (descriptive)
emote,brow_inner,clean,dyn,m.amp,False,-0.0056168,-0.10946,0.07533,0.5175,0.28114,0.20833,0.5,-0.033154,0.074994,36,12,True,all
emote,brow_inner,clean,dyn,m.amp,False,-0.071494,-0.28946,0.092171,0.733,0.125,0.1,0.4,-0.29979,0.10197,15,5,True,lang:cn (descriptive)
emote,brow_inner,clean,dyn,m.amp,False,0.033588,-0.020154,0.12484,0.318,0.15,0,0.33333,0.43981,0.031309,9,3,True,lang:en (descriptive)
emote,brow_inner,clean,dyn,m.amp,False,0.049294,-0.033913,0.12554,0.116,0.58042,0.5,0.75,0.49606,0.059418,12,4,True,lang:jp (descriptive)
emote,brow_inner,clean,combined,m.amp,False,-0.0026005,-0.049303,0.035978,0.521,0.17684,0.16667,0.25,-0.031172,0.086086,36,12,True,all
emote,brow_inner,clean,combined,m.amp,True,-0.0030875,-0.054491,0.038152,0.524,0.17465,0.13636,0.27273,-0.035838,0.086086,35,12,True,excl_fail
emote,brow_inner,clean,combined,m.amp,False,-0.047295,-0.12636,0.029066,0.91,-0.15119,0.1,0.4,-0.43242,0.078243,15,5,True,lang:cn (descriptive)
emote,brow_inner,clean,combined,m.amp,False,0.016499,-0.027951,0.074475,0.272,0.21082,0.16667,0.33333,0.34401,0.056333,9,3,True,lang:en (descriptive)
emote,brow_inner,clean,combined,m.amp,False,0.038943,0.012156,0.064227,0.004,0.56175,0.25,0,0.60083,0.119,12,4,True,lang:jp (descriptive)
emote,brow_inner,clean,register,m.amp,False,-0.003886,-0.026174,0.022166,0.645,-0.20978,-0.125,0.25,-0.078864,0.10672,36,12,True,all
emote,brow_inner,clean,register,m.amp,False,0.021177,-0.019102,0.067264,0.181,0.41429,0.3,0.4,0.34993,0.1778,15,5,True,lang:cn (descriptive)
emote,brow_inner,clean,register,m.amp,False,-0.00036221,-0.018508,0.02168,0.657,0.15,0,0.33333,-0.019507,0.078832,9,3,True,lang:en (descriptive)
emote,brow_inner,clean,register,m.amp,False,-0.037593,-0.054368,-0.020826,1,-0.86713,-0.75,0,-0.76209,0.16726,12,4,True,lang:jp (descriptive)
emote,brow_inner,clean,rate,m.amp,False,-0.099009,-0.99209,0.85327,0.5885,-0.072232,,,-0.060323,0.14123,24,12,True,all
emote,brow_inner,clean,rate,m.amp,False,0.085239,-1.6196,1.8199,0.477,0.10445,,,0.04212,0.20493,10,5,True,lang:cn (descriptive)
emote,brow_inner,clean,rate,m.amp,False,0.75445,-0.63745,2.3655,0.158,0.29277,,,0.5211,0.064957,6,3,True,lang:en (descriptive)
emote,brow_inner,clean,rate,m.amp,False,-0.96941,-1.6331,-0.30571,1,-0.87287,,,-0.82214,0.093045,8,4,True,lang:jp (descriptive)
emote,brow_inner,noise,span,m.amp,False,-0.0072644,-0.070039,0.05807,0.5935,-0.068297,-0.13333,0,-0.043897,0.12778,60,12,True,all
emote,brow_inner,noise,span,m.amp,True,-0.0076534,-0.071119,0.059503,0.5965,-0.073856,-0.14167,0,-0.045635,0.12778,58,12,True,excl_fail
emote,brow_inner,noise,span,m.amp,False,-0.038276,-0.18501,0.12217,0.67,-0.14615,-0.24,0,-0.16333,0.14217,25,5,True,lang:cn (descriptive)
emote,brow_inner,noise,span,m.amp,False,0.027432,-0.0019904,0.087665,0.046,0.12857,0.1,0,0.33064,0.11339,15,3,True,lang:en (descriptive)
emote,brow_inner,noise,span,m.amp,False,-0.0030672,-0.038821,0.049307,0.608,-0.081203,-0.175,0,-0.024617,0.10753,20,4,True,lang:jp (descriptive)
emote,brow_inner,noise,span_pyin,m.amp,False,0.010319,-0.059462,0.044248,0.3155,-0.010725,-0.091667,0,0.085031,0.12778,60,12,True,all
emote,brow_inner,noise,span_pyin,m.amp,True,0.01035,-0.062484,0.044847,0.317,-0.014119,-0.14167,0,0.084711,0.12778,58,12,True,excl_fail
emote,brow_inner,noise,span_pyin,m.amp,False,-0.025174,-0.2549,0.13548,0.632,-0.12538,-0.24,0,-0.088254,0.14217,25,5,True,lang:cn (descriptive)
emote,brow_inner,noise,span_pyin,m.amp,False,0.021117,0.0092697,0.022243,0,0.31786,0.26667,0,0.54067,0.11339,15,3,True,lang:en (descriptive)
emote,brow_inner,noise,span_pyin,m.amp,False,-0.0041571,-0.040027,0.050601,0.608,-0.069173,-0.175,0,-0.032885,0.10753,20,4,True,lang:jp (descriptive)
emote,brow_inner,noise,dyn,m.amp,False,-0.014943,-0.11298,0.061371,0.5895,0.21652,0.20833,0.33333,-0.089597,0.07922,36,12,True,all
emote,brow_inner,noise,dyn,m.amp,False,-0.087628,-0.29094,0.058191,0.834,0.032143,0,0.2,-0.38214,0.073162,15,5,True,lang:cn (descriptive)
emote,brow_inner,noise,dyn,m.amp,False,0.024562,-0.039399,0.11141,0.272,0.13333,0.33333,0.33333,0.25857,0.085278,9,3,True,lang:en (descriptive)
emote,brow_inner,noise,dyn,m.amp,False,0.0485,-0.029669,0.12164,0.126,0.61538,0.375,0.5,0.47869,0.070812,12,4,True,lang:jp (descriptive)
emote,brow_inner,noise,combined,m.amp,False,-0.00073839,-0.04932,0.040061,0.482,0.18994,0.16667,0.16667,-0.0086273,0.10065,36,12,True,all
emote,brow_inner,noise,combined,m.amp,True,-0.00097848,-0.053493,0.041807,0.4845,0.18524,0.22727,0.18182,-0.01107,0.10065,35,12,True,excl_fail
emote,brow_inner,noise,combined,m.amp,False,-0.044728,-0.12846,0.040332,0.857,-0.15119,0,0.2,-0.39672,0.10395,15,5,True,lang:cn (descriptive)
emote,brow_inner,noise,combined,m.amp,False,0.015961,-0.025468,0.073466,0.318,0.15811,0,0.33333,0.31915,0.061037,9,3,True,lang:en (descriptive)
emote,brow_inner,noise,combined,m.amp,False,0.041724,0.018747,0.064067,0,0.65044,0.5,0,0.64303,0.11992,12,4,True,lang:jp (descriptive)
emote,brow_inner,noise,register,m.amp,False,-0.0041925,-0.026121,0.021492,0.663,-0.19768,-0.16667,0.25,-0.085724,0.10739,36,12,True,all
emote,brow_inner,noise,register,m.amp,False,0.019946,-0.022398,0.067755,0.207,0.36786,0.2,0.4,0.32029,0.18751,15,5,True,lang:cn (descriptive)
emote,brow_inner,noise,register,m.amp,False,-0.0049801,-0.016643,0.0074429,0.865,-0.05,0,0.33333,-0.29942,0.038545,9,3,True,lang:en (descriptive)
emote,brow_inner,noise,register,m.amp,False,-0.033571,-0.049533,-0.017618,1,-0.82517,-0.75,0,-0.73115,0.15879,12,4,True,lang:jp (descriptive)
emote,brow_inner,noise,rate,m.amp,False,0.012104,-0.85326,0.90883,0.5105,-0.036116,,,0.0078564,0.13087,24,12,True,all
emote,brow_inner,noise,rate,m.amp,False,0.22457,-1.3507,1.8337,0.407,0.10445,,,0.11878,0.20557,10,5,True,lang:cn (descriptive)
emote,brow_inner,noise,rate,m.amp,False,0.78007,-0.41575,2.2582,0.158,0.68313,,,0.57507,0.053843,6,3,True,lang:en (descriptive)
emote,brow_inner,noise,rate,m.amp,False,-0.82945,-1.5886,-0.070292,0.996,-0.76376,,,-0.73518,0.085549,8,4,True,lang:jp (descriptive)
emote,brow_outer,clean,span,m.amp,False,0.062059,0.023866,0.10351,0.0005,0.416,0.35833,0,0.40595,0.071039,60,12,True,all
emote,brow_outer,clean,span,m.amp,True,0.063234,0.024112,0.10402,0.0005,0.42071,0.35,0,0.40818,0.071039,58,12,True,excl_fail
emote,brow_outer,clean,span,m.amp,False,0.096309,0.011125,0.15958,0.009,0.54692,0.44,0,0.54091,0.12304,25,5,True,lang:cn (descriptive)
emote,brow_outer,clean,span,m.amp,False,0.071646,-0.0041893,0.14988,0.046,0.425,0.26667,0,0.37565,0.074347,15,3,True,lang:en (descriptive)
emote,brow_outer,clean,span,m.amp,False,0.019597,0.0063309,0.041927,0,0.19699,0.325,0,0.28853,0.051245,20,4,True,lang:jp (descriptive)
emote,brow_outer,clean,span_pyin,m.amp,False,0.036743,0.019385,0.10825,0,0.42917,0.4,0,0.32775,0.071039,60,12,True,all
emote,brow_outer,clean,span_pyin,m.amp,True,0.03698,0.01938,0.11185,0,0.42151,0.35,0,0.32766,0.071039,58,12,True,excl_fail
emote,brow_outer,clean,span_pyin,m.amp,False,0.11268,0.011469,0.18887,0.01,0.49846,0.44,0,0.51994,0.12304,25,5,True,lang:cn (descriptive)
emote,brow_outer,clean,span_pyin,m.amp,False,0.026516,0.011337,0.17523,0,0.51786,0.43333,0,0.29533,0.074347,15,3,True,lang:en (descriptive)
emote,brow_outer,clean,span_pyin,m.amp,False,0.020499,0.0071431,0.043169,0,0.23008,0.325,0,0.29747,0.051245,20,4,True,lang:jp (descriptive)
emote,brow_outer,clean,dyn,m.amp,False,0.019563,-0.051119,0.097555,0.3165,0.14288,0,0.41667,0.14418,0.04186,36,12,True,all
emote,brow_outer,clean,dyn,m.amp,False,0.018154,-0.032704,0.073762,0.268,0.28929,0.1,0.4,0.26232,0.03851,15,5,True,lang:cn (descriptive)
emote,brow_outer,clean,dyn,m.amp,False,0.10694,-0.034882,0.35582,0.318,0.21667,-0.16667,0.33333,0.51011,0.026034,9,3,True,lang:en (descriptive)
emote,brow_outer,clean,dyn,m.amp,False,-0.045206,-0.15485,0.059982,0.742,-0.041958,0,0.5,-0.35221,0.077434,12,4,True,lang:jp (descriptive)
emote,brow_outer,clean,combined,m.amp,False,0.023741,-0.0030881,0.052542,0.042,0.34059,0.33333,0.33333,0.33512,0.092101,36,12,True,all
emote,brow_outer,clean,combined,m.amp,True,0.026318,-0.0022543,0.055951,0.0355,0.36519,0.40909,0.36364,0.36021,0.092101,35,12,True,excl_fail
emote,brow_outer,clean,combined,m.amp,False,0.045137,0.0040444,0.086871,0.006,0.51025,0.4,0.2,0.57913,0.082528,15,5,True,lang:cn (descriptive)
emote,brow_outer,clean,combined,m.amp,False,0.023985,-0.010806,0.060583,0.046,0.36893,0.33333,0.33333,0.32208,0.044203,9,3,True,lang:en (descriptive)
emote,brow_outer,clean,combined,m.amp,False,-0.0031883,-0.0498,0.043424,0.572,0,0.25,0.5,-0.055473,0.10897,12,4,True,lang:jp (descriptive)
emote,brow_outer,clean,register,m.amp,False,0.0029107,-0.0073673,0.012963,0.2955,-0.027542,-0.083333,0.25,0.088267,0.058947,36,12,True,all
emote,brow_outer,clean,register,m.amp,False,0.0088851,-0.0047775,0.025419,0.135,-0.017857,-0.1,0.2,0.19751,0.037445,15,5,True,lang:cn (descriptive)
emote,brow_outer,clean,register,m.amp,False,0.0019956,-0.020157,0.016071,0.247,0.066667,0.16667,0.33333,0.097549,0.07668,9,3,True,lang:en (descriptive)
emote,brow_outer,clean,register,m.amp,False,-0.0038292,-0.021906,0.01612,0.653,-0.062937,-0.25,0.25,-0.1871,0.071447,12,4,True,lang:jp (descriptive)
emote,brow_outer,clean,rate,m.amp,False,0.050646,-0.67977,0.87153,0.4545,0.048154,,,0.037012,0.073548,24,12,True,all
emote,brow_outer,clean,rate,m.amp,False,-0.32845,-1.2868,0.60036,0.719,-0.24371,,,-0.28326,0.091944,10,5,True,lang:cn (descriptive)
emote,brow_outer,clean,rate,m.amp,False,1.5021,-0.35233,2.574,0.038,0.68313,,,0.75201,0.27213,6,3,True,lang:en (descriptive)
emote,brow_outer,clean,rate,m.amp,False,-0.56405,-1.4253,0.053517,0.934,-0.54554,,,-0.58036,0.038429,8,4,True,lang:jp (descriptive)
emote,brow_outer,noise,span,m.amp,False,0.061696,0.021801,0.10696,0,0.38222,0.325,0,0.39273,0.079107,60,12,True,all
emote,brow_outer,noise,span,m.amp,True,0.062561,0.021372,0.10801,0,0.3878,0.36667,0,0.3931,0.079107,58,12,True,excl_fail
emote,brow_outer,noise,span,m.amp,False,0.1031,0.011589,0.17561,0.01,0.56462,0.42,0,0.55889,0.15114,25,5,True,lang:cn (descriptive)
emote,brow_outer,noise,span,m.amp,False,0.060201,0.0026161,0.15176,0,0.35357,0.2,0,0.30996,0.047251,15,3,True,lang:en (descriptive)
emote,brow_outer,noise,span,m.amp,False,0.020694,0.0057294,0.044755,0,0.17895,0.3,0,0.29706,0.060117,20,4,True,lang:jp (descriptive)
emote,brow_outer,noise,span_pyin,m.amp,False,0.032726,0.012208,0.11867,0,0.39089,0.35,0,0.28406,0.079107,60,12,True,all
emote,brow_outer,noise,span_pyin,m.amp,True,0.032746,0.011872,0.12249,0,0.3878,0.36667,0,0.28243,0.079107,58,12,True,excl_fail
emote,brow_outer,noise,span_pyin,m.amp,False,0.12366,0.0093755,0.21098,0.011,0.53846,0.42,0,0.55072,0.15114,25,5,True,lang:cn (descriptive)
emote,brow_outer,noise,span_pyin,m.amp,False,0.018187,0.0072993,0.17726,0,0.38929,0.3,0,0.19892,0.047251,15,3,True,lang:en (descriptive)
emote,brow_outer,noise,span_pyin,m.amp,False,0.021679,0.0054687,0.04532,0,0.21504,0.3,0,0.30672,0.060117,20,4,True,lang:jp (descriptive)
emote,brow_outer,noise,dyn,m.amp,False,0.023338,-0.04452,0.093575,0.2585,0.28114,0.083333,0.41667,0.183,0.051402,36,12,True,all
emote,brow_outer,noise,dyn,m.amp,False,0.031515,-0.017238,0.080491,0.1,0.45714,0.3,0.6,0.46273,0.029831,15,5,True,lang:cn (descriptive)
emote,brow_outer,noise,dyn,m.amp,False,0.11736,-0.0097761,0.30175,0.046,0.71667,0.33333,0.33333,0.64616,0.051238,9,3,True,lang:en (descriptive)
emote,brow_outer,noise,dyn,m.amp,False,-0.058828,-0.16665,0.047048,0.877,-0.15385,-0.375,0.25,-0.43273,0.083683,12,4,True,lang:jp (descriptive)
emote,brow_outer,noise,combined,m.amp,False,0.021783,-0.0067484,0.052947,0.0755,0.23907,0.33333,0.41667,0.29976,0.092239,36,12,True,all
emote,brow_outer,noise,combined,m.amp,True,0.024339,-0.0062039,0.057314,0.0635,0.28933,0.40909,0.45455,0.32483,0.092239,35,12,True,excl_fail
emote,brow_outer,noise,combined,m.amp,False,0.041937,-0.007247,0.09082,0.059,0.47246,0.4,0.4,0.5193,0.081736,15,5,True,lang:cn (descriptive)
emote,brow_outer,noise,combined,m.amp,False,0.018423,-0.010787,0.055192,0.158,0.21082,0.33333,0.33333,0.25576,0.027735,9,3,True,lang:en (descriptive)
emote,brow_outer,noise,combined,m.amp,False,-0.00089108,-0.050539,0.048757,0.55,0,0.25,0.5,-0.014459,0.1185,12,4,True,lang:jp (descriptive)
emote,brow_outer,noise,register,m.amp,False,0.0033071,-0.0064622,0.013164,0.2585,-0.039897,0.083333,0.16667,0.094577,0.050744,36,12,True,all
emote,brow_outer,noise,register,m.amp,False,0.0095191,-0.0043447,0.024463,0.113,0.032143,0.3,0.2,0.195,0.042071,15,5,True,lang:cn (descriptive)
emote,brow_outer,noise,register,m.amp,False,0.0033804,-0.010654,0.017168,0.343,0.16667,0.16667,0,0.1987,0.059416,9,3,True,lang:en (descriptive)
emote,brow_outer,noise,register,m.amp,False,-0.004457,-0.023527,0.016855,0.634,-0.020979,-0.25,0.25,-0.20532,0.073399,12,4,True,lang:jp (descriptive)
emote,brow_outer,noise,rate,m.amp,False,0.036695,-0.65107,0.79325,0.467,0,,,0.028907,0.090862,24,12,True,all
emote,brow_outer,noise,rate,m.amp,False,-0.23702,-1.1316,0.65759,0.673,-0.24371,,,-0.21829,0.12655,10,5,True,lang:cn (descriptive)
emote,brow_outer,noise,rate,m.amp,False,1.4012,-0.062741,2.3132,0.038,0.68313,,,0.80147,0.22848,6,3,True,lang:en (descriptive)
emote,brow_outer,noise,rate,m.amp,False,-0.64451,-1.5452,0.028573,0.959,-0.76376,,,-0.62355,0.042898,8,4,True,lang:jp (descriptive)
emote,lid_upper,clean,span,m.amp,False,-0.015415,-0.058101,0.029595,0.758,-0.16932,-0.175,0,-0.12691,0.12323,60,12,True,all
emote,lid_upper,clean,span,m.amp,True,-0.020522,-0.063961,0.025056,0.812,-0.23861,-0.21667,0,-0.17127,0.10921,58,12,True,excl_fail
emote,lid_upper,clean,span,m.amp,False,-0.013981,-0.10865,0.073951,0.625,-0.11923,3.3307e-17,0,-0.11702,0.12181,25,5,True,lang:cn (descriptive)
emote,lid_upper,clean,span,m.amp,False,-0.018951,-0.064056,0.0070839,0.858,-0.23214,-0.3,0,-0.12194,0.16281,15,3,True,lang:en (descriptive)
emote,lid_upper,clean,span,m.amp,False,-0.014085,-0.07903,0.04656,0.642,-0.23308,-0.3,0,-0.15922,0.09271,20,4,True,lang:jp (descriptive)
emote,lid_upper,clean,span,m.vel_rms,False,0.012536,-0.020684,0.037791,0.202,0.2264,0.16667,0.083333,0.17063,0.055544,60,12,True,all
emote,lid_upper,clean,span,m.vel_rms,True,0.0088728,-0.023554,0.034532,0.272,0.18989,0.175,0.083333,0.12618,0.043656,58,12,True,excl_fail
emote,lid_upper,clean,span,m.event_rate,False,-0.058183,-0.25599,0.11839,0.7175,-0.087837,-0.16757,0,-0.11906,0.25,60,12,False,all
emote,lid_upper,clean,span,m.event_rate,True,-0.059777,-0.26044,0.12148,0.7175,-0.091749,-0.16757,0,-0.12068,0.25,58,12,False,excl_fail
emote,lid_upper,clean,span_pyin,m.amp,False,-0.0042249,-0.042307,0.033641,0.6615,-0.078022,-0.11667,0,-0.047428,0.12323,60,12,True,all
emote,lid_upper,clean,span_pyin,m.amp,True,-0.006722,-0.047851,0.028563,0.7485,-0.1315,-0.21667,0,-0.077003,0.10921,58,12,True,excl_fail
emote,lid_upper,clean,span_pyin,m.amp,False,-5.0738e-05,-0.1436,0.086645,0.534,-0.027692,3.3307e-17,0,-0.00034891,0.12181,25,5,True,lang:cn (descriptive)
emote,lid_upper,clean,span_pyin,m.amp,False,-0.0023337,-0.012107,0.089872,0.644,-0.085714,-0.066667,0,-0.031898,0.16281,15,3,True,lang:en (descriptive)
emote,lid_upper,clean,span_pyin,m.amp,False,-0.014116,-0.08064,0.048114,0.642,-0.23759,-0.3,0,-0.15728,0.09271,20,4,True,lang:jp (descriptive)
emote,lid_upper,clean,span_pyin,m.vel_rms,False,0.0045925,-0.02008,0.042372,0.2645,0.19778,0.20833,0.083333,0.085238,0.055544,60,12,True,all
emote,lid_upper,clean,span_pyin,m.vel_rms,True,0.0025941,-0.024138,0.036668,0.3505,0.15107,0.175,0.083333,0.050637,0.043656,58,12,True,excl_fail
emote,lid_upper,clean,span_pyin,m.event_rate,False,-0.03563,-0.26301,0.06361,0.7775,-0.11637,-0.16757,0,-0.099419,0.25,60,12,False,all
emote,lid_upper,clean,span_pyin,m.event_rate,True,-0.036128,-0.27196,0.066961,0.7775,-0.11767,-0.16757,0,-0.10011,0.25,58,12,False,excl_fail
emote,lid_upper,clean,dyn,m.amp,False,0.079156,0.017401,0.14044,0.0055,0.58403,0.375,0.41667,0.53948,0.077697,36,12,True,all
emote,lid_upper,clean,dyn,m.amp,False,0.024042,-0.083012,0.14861,0.354,0.16786,-0.2,0.2,0.16422,0.07024,15,5,True,lang:cn (descriptive)
emote,lid_upper,clean,dyn,m.amp,False,0.1791,0.10272,0.22873,0,0.96667,0.83333,0.66667,0.92354,0.15987,9,3,True,lang:en (descriptive)
emote,lid_upper,clean,dyn,m.amp,False,0.073935,0.032025,0.11359,0,0.81818,0.75,0.5,0.76263,0.063685,12,4,True,lang:jp (descriptive)
emote,lid_upper,clean,dyn,m.vel_rms,False,0.066814,0.030445,0.11101,0,0.80286,0.70833,0.58333,0.6611,0.039742,36,12,True,all
emote,lid_upper,clean,dyn,m.event_rate,False,0.036493,-0.17039,0.21742,0.349,0.14603,,0,0.073019,0.16667,36,12,False,all
emote,lid_upper,clean,combined,m.amp,False,0.016024,-0.014299,0.044899,0.142,0.21942,0.125,0.25,0.22585,0.1283,36,12,True,all
emote,lid_upper,clean,combined,m.amp,True,0.010262,-0.020182,0.039624,0.2475,0.15172,0.090909,0.27273,0.15017,0.1162,35,12,True,excl_fail
emote,lid_upper,clean,combined,m.amp,False,-0.01969,-0.063283,0.034786,0.783,-0.35907,-0.4,0.2,-0.26872,0.13445,15,5,True,lang:cn (descriptive)
emote,lid_upper,clean,combined,m.amp,False,0.047093,0.013587,0.0713,0,0.47434,0.5,0,0.55599,0.17909,9,3,True,lang:en (descriptive)
emote,lid_upper,clean,combined,m.amp,False,0.037365,0.0091954,0.06291,0.004,0.68001,0.5,0.5,0.6811,0.10008,12,4,True,lang:jp (descriptive)
emote,lid_upper,clean,combined,m.vel_rms,False,0.029734,0.012812,0.048496,0,0.60586,0.41667,0.5,0.63551,0.062252,36,12,True,all
emote,lid_upper,clean,combined,m.vel_rms,True,0.02937,0.01064,0.049372,0.0005,0.5716,0.40909,0.54545,0.61884,0.05547,35,12,True,excl_fail
emote,lid_upper,clean,combined,m.event_rate,False,0.094312,0.028134,0.17033,0.0005,0.39892,0.51226,0.125,0.33371,0.25,36,12,False,all
emote,lid_upper,clean,combined,m.event_rate,True,0.1006,0.03085,0.1786,0.0005,0.41055,0.51226,0.125,0.34465,0.25,35,12,False,excl_fail
emote,lid_upper,clean,register,m.amp,False,0.0010561,-0.014311,0.017121,0.438,0.17323,0,0.25,0.030022,0.1277,36,12,True,all
emote,lid_upper,clean,register,m.amp,False,0.011574,-9.664e-05,0.02379,0.026,0.475,0.4,0.2,0.37113,0.12254,15,5,True,lang:cn (descriptive)
emote,lid_upper,clean,register,m.amp,False,-0.017841,-0.049761,0.045124,0.746,-0.083333,-0.33333,0.33333,-0.35108,0.17877,9,3,True,lang:en (descriptive)
emote,lid_upper,clean,register,m.amp,False,0.0019462,-0.0093666,0.021562,0.351,0.11189,-0.25,0.25,0.081246,0.090558,12,4,True,lang:jp (descriptive)
emote,lid_upper,clean,register,m.vel_rms,False,0.0058547,-0.0044448,0.01669,0.1275,0.15135,0.083333,0.33333,0.29685,0.040096,36,12,True,all
emote,lid_upper,clean,register,m.event_rate,False,0.011005,-0.047681,0.069414,0.3465,0.16607,0.20425,0.25,0.081202,0.27273,36,12,False,all
emote,lid_upper,clean,rate,m.amp,False,-0.29577,-0.72932,0.28305,0.873,-0.49358,,,-0.3056,0.067076,24,12,True,all
emote,lid_upper,clean,rate,m.amp,False,0.19257,-0.6995,1.2215,0.387,0.034816,,,0.15754,0.062542,10,5,True,lang:cn (descriptive)
emote,lid_upper,clean,rate,m.amp,False,-0.48021,-1.0683,-0.16982,1,-0.87831,,,-0.75577,0.021106,6,3,True,lang:en (descriptive)
emote,lid_upper,clean,rate,m.amp,False,-0.76788,-0.9623,-0.55082,1,-0.87287,,,-0.96014,0.079876,8,4,True,lang:jp (descriptive)
emote,lid_upper,clean,rate,m.vel_rms,False,0.17229,-0.25876,0.58866,0.2075,0.25281,,,0.22173,0.062212,24,12,True,all
emote,lid_upper,clean,rate,m.event_rate,False,-1.8792,-4.8998,0.95095,0.9075,-0.20834,,,-0.33959,0,24,12,False,all
emote,lid_upper,noise,span,m.amp,False,-0.0084979,-0.048004,0.035795,0.6625,-0.13204,-0.175,0,-0.070156,0.11373,60,12,True,all
emote,lid_upper,noise,span,m.amp,True,-0.011438,-0.051526,0.034659,0.7055,-0.16257,-0.20833,0,-0.094992,0.11364,58,12,True,excl_fail
emote,lid_upper,noise,span,m.amp,False,-0.0049301,-0.091057,0.083358,0.567,-0.060769,-0.1,0,-0.037449,0.13356,25,5,True,lang:cn (descriptive)
emote,lid_upper,noise,span,m.amp,False,-0.014298,-0.052869,0.0034256,0.756,-0.10357,-0.23333,0,-0.10565,0.11236,15,3,True,lang:en (descriptive)
emote,lid_upper,noise,span,m.amp,False,-0.0075527,-0.072498,0.055711,0.643,-0.14286,-0.225,0,-0.079236,0.11241,20,4,True,lang:jp (descriptive)
emote,lid_upper,noise,span,m.vel_rms,False,0.010302,-0.023908,0.036528,0.245,0.20089,0.21667,0,0.13854,0.055684,60,12,True,all
emote,lid_upper,noise,span,m.vel_rms,True,0.0070496,-0.025367,0.03282,0.308,0.1774,0.24167,0.083333,0.097542,0.053262,58,12,True,excl_fail
emote,lid_upper,noise,span,m.event_rate,False,-0.0061355,-0.22155,0.21293,0.524,-0.082925,-0.15227,0,-0.0099775,0.25,60,12,False,all
emote,lid_upper,noise,span,m.event_rate,True,-0.0063035,-0.22354,0.22166,0.524,-0.087378,-0.15227,0,-0.010113,0.25,58,12,False,excl_fail
emote,lid_upper,noise,span_pyin,m.amp,False,-0.0023784,-0.032571,0.038962,0.599,-0.050292,-0.11667,0,-0.026775,0.11373,60,12,True,all
emote,lid_upper,noise,span_pyin,m.amp,True,-0.003906,-0.037721,0.036404,0.6545,-0.078655,-0.20833,0,-0.044527,0.11364,58,12,True,excl_fail
emote,lid_upper,noise,span_pyin,m.amp,False,0.012994,-0.1176,0.095411,0.429,0.05,-0.1,0,0.081097,0.13356,25,5,True,lang:cn (descriptive)
emote,lid_upper,noise,span_pyin,m.amp,False,-0.004022,-0.006253,0.059178,0.756,-0.078571,0,0,-0.063126,0.11236,15,3,True,lang:en (descriptive)
emote,lid_upper,noise,span_pyin,m.amp,False,-0.0072326,-0.074498,0.057422,0.595,-0.14737,-0.225,0,-0.074788,0.11241,20,4,True,lang:jp (descriptive)
emote,lid_upper,noise,span_pyin,m.vel_rms,False,0.0015832,-0.023334,0.037437,0.3985,0.14521,0.24167,0.083333,0.029032,0.055684,60,12,True,all
emote,lid_upper,noise,span_pyin,m.vel_rms,True,-0.00023752,-0.028386,0.032878,0.4765,0.10868,0.24167,0.083333,-0.0045111,0.053262,58,12,True,excl_fail
emote,lid_upper,noise,span_pyin,m.event_rate,False,-0.016837,-0.22207,0.13362,0.6215,-0.10655,-0.15227,0,-0.037336,0.25,60,12,False,all
emote,lid_upper,noise,span_pyin,m.event_rate,True,-0.017072,-0.22772,0.139,0.6215,-0.10888,-0.15227,0,-0.037596,0.25,58,12,False,excl_fail
emote,lid_upper,noise,dyn,m.amp,False,0.067962,0.0020943,0.12959,0.021,0.52996,0.41667,0.5,0.47709,0.094479,36,12,True,all
emote,lid_upper,noise,dyn,m.amp,False,-0.00066543,-0.11226,0.11782,0.569,0.092857,-0.2,0.2,-0.0046456,0.09539,15,5,True,lang:cn (descriptive)
emote,lid_upper,noise,dyn,m.amp,False,0.16059,0.049964,0.2188,0,0.98333,0.83333,0.66667,0.9062,0.14734,9,3,True,lang:en (descriptive)
emote,lid_upper,noise,dyn,m.amp,False,0.085704,0.043136,0.13437,0,0.83217,0.875,0.75,0.79799,0.069388,12,4,True,lang:jp (descriptive)
emote,lid_upper,noise,dyn,m.vel_rms,False,0.060077,0.022479,0.10334,0.0005,0.67671,0.45833,0.58333,0.63464,0.040299,36,12,True,all
emote,lid_upper,noise,dyn,m.event_rate,False,0.06475,-0.074377,0.20142,0.175,0.20108,0.24744,0,0.13521,0.2,36,12,False,all
emote,lid_upper,noise,combined,m.amp,False,0.014949,-0.016631,0.045707,0.178,0.21942,0.25,0.25,0.20144,0.14796,36,12,True,all
emote,lid_upper,noise,combined,m.amp,True,0.0094939,-0.023792,0.04177,0.278,0.16407,0.22727,0.27273,0.13103,0.1083,35,12,True,excl_fail
emote,lid_upper,noise,combined,m.amp,False,-0.019046,-0.071974,0.040063,0.764,-0.24568,-0.1,0.2,-0.24702,0.1621,15,5,True,lang:cn (descriptive)
emote,lid_upper,noise,combined,m.amp,False,0.036829,0.0063597,0.063759,0,0.42164,0.5,0,0.4265,0.17683,9,3,True,lang:en (descriptive)
emote,lid_upper,noise,combined,m.amp,False,0.041035,0.012302,0.064781,0.004,0.68001,0.5,0.5,0.69378,0.10542,12,4,True,lang:jp (descriptive)
emote,lid_upper,noise,combined,m.vel_rms,False,0.027883,0.010251,0.047195,0,0.58621,0.41667,0.41667,0.60634,0.048829,36,12,True,all
emote,lid_upper,noise,combined,m.vel_rms,True,0.028436,0.0093924,0.049484,0.0005,0.55395,0.40909,0.45455,0.60216,0.048829,35,12,True,excl_fail
emote,lid_upper,noise,combined,m.event_rate,False,0.051055,-0.015656,0.12663,0.069,0.23155,0.30801,0,0.1743,0.25,36,12,False,all
emote,lid_upper,noise,combined,m.event_rate,True,0.054458,-0.015966,0.13262,0.069,0.23959,0.30801,0,0.18002,0.25,35,12,False,excl_fail
emote,lid_upper,noise,register,m.amp,False,0.0010827,-0.014234,0.016766,0.4215,0.16319,0.083333,0.33333,0.030764,0.10965,36,12,True,all
emote,lid_upper,noise,register,m.amp,False,0.010235,-0.00089844,0.021353,0.042,0.36429,0.3,0.4,0.31196,0.095369,15,5,True,lang:cn (descriptive)
emote,lid_upper,noise,register,m.amp,False,-0.017416,-0.05766,0.044123,0.746,0.016667,-0.33333,0.33333,-0.3466,0.19159,9,3,True,lang:en (descriptive)
emote,lid_upper,noise,register,m.amp,False,0.0033731,-0.0079272,0.02049,0.348,0.21678,0.125,0.25,0.15222,0.085706,12,4,True,lang:jp (descriptive)
emote,lid_upper,noise,register,m.vel_rms,False,0.0057601,-0.0035077,0.015615,0.1125,0.18842,0.125,0.33333,0.31145,0.054792,36,12,True,all
emote,lid_upper,noise,register,m.event_rate,False,-0.01328,-0.067562,0.038208,0.6895,0.057486,0.096225,0,-0.091037,0.33333,36,12,False,all
emote,lid_upper,noise,rate,m.amp,False,-0.24806,-0.68665,0.36698,0.8265,-0.48154,,,-0.24924,0.06944,24,12,True,all
emote,lid_upper,noise,rate,m.amp,False,0.19116,-0.77251,1.3765,0.402,-0.034816,,,0.14296,0.091966,10,5,True,lang:cn (descriptive)
emote,lid_upper,noise,rate,m.amp,False,-0.32501,-0.6538,-0.12603,1,-0.87831,,,-0.8113,0.020356,6,3,True,lang:en (descriptive)
emote,lid_upper,noise,rate,m.amp,False,-0.73939,-0.99007,-0.4642,1,-0.87287,,,-0.94189,0.077317,8,4,True,lang:jp (descriptive)
emote,lid_upper,noise,rate,m.vel_rms,False,0.24014,-0.22704,0.71693,0.1515,0.24077,,,0.27755,0.06263,24,12,True,all
emote,lid_upper,noise,rate,m.event_rate,False,-2.0118,-5.0322,0.77537,0.9185,-0.23116,,,-0.35649,0.2,24,12,False,all
emote,jaw,clean,span,m.amp,False,0.030842,-0.0076435,0.071802,0.073,0.28136,0.15833,0.083333,0.28225,0.086459,60,12,True,all
emote,jaw,clean,span,m.amp,True,0.030017,-0.0086026,0.072544,0.081,0.26113,0.14167,0.083333,0.27699,0.086459,58,12,True,excl_fail
emote,jaw,clean,span,m.amp,False,0.026377,-0.026215,0.096266,0.144,0.15923,0.18,0.2,0.22299,0.11665,25,5,True,lang:cn (descriptive)
emote,jaw,clean,span,m.amp,False,-0.0083159,-0.060769,0.071569,0.624,0.014286,-0.3,0,-0.098874,0.083396,15,3,True,lang:en (descriptive)
emote,jaw,clean,span,m.amp,False,0.06631,-0.0053138,0.13338,0.031,0.62105,0.475,0,0.56667,0.081586,20,4,True,lang:jp (descriptive)
emote,jaw,clean,span,m.vel_rms,False,0.030342,0.003074,0.061296,0.012,0.30097,0.225,0,0.32864,0.095062,60,12,True,all
emote,jaw,clean,span,m.vel_rms,True,0.029566,0.0020265,0.061296,0.0175,0.28383,0.2,0,0.31924,0.095062,58,12,True,excl_fail
emote,jaw,clean,span,m.event_rate,False,0.19415,0.029876,0.38263,0.0085,0.35183,0.43729,0,0.35808,0.21429,60,12,False,all
emote,jaw,clean,span,m.event_rate,True,0.19947,0.031377,0.39347,0.0085,0.35112,0.43729,0,0.36295,0.21429,58,12,False,excl_fail
emote,jaw,clean,span_pyin,m.amp,False,0.0078601,-0.01123,0.076583,0.268,0.21645,0.125,0.083333,0.098086,0.086459,60,12,True,all
emote,jaw,clean,span_pyin,m.amp,True,0.0072049,-0.012233,0.077143,0.283,0.20656,0.14167,0.083333,0.091256,0.086459,58,12,True,excl_fail
emote,jaw,clean,span_pyin,m.amp,False,0.028772,-0.034547,0.11532,0.207,0.18769,0.18,0.2,0.19984,0.11665,25,5,True,lang:cn (descriptive)
emote,jaw,clean,span_pyin,m.amp,False,-0.012886,-0.07021,0.065886,0.954,-0.19286,-0.43333,0,-0.32546,0.083396,15,3,True,lang:en (descriptive)
emote,jaw,clean,span_pyin,m.amp,False,0.069145,-0.0022707,0.13251,0.031,0.63459,0.475,0,0.58241,0.081586,20,4,True,lang:jp (descriptive)
emote,jaw,clean,span_pyin,m.vel_rms,False,0.010877,-0.0019316,0.061904,0.066,0.30553,0.225,0,0.16066,0.095062,60,12,True,all
emote,jaw,clean,span_pyin,m.vel_rms,True,0.010241,-0.0025001,0.0621,0.0805,0.29798,0.2,0,0.15177,0.095062,58,12,True,excl_fail
emote,jaw,clean,span_pyin,m.event_rate,False,0.084968,0.010879,0.39352,0.008,0.32315,0.43729,0,0.21369,0.21429,60,12,False,all
emote,jaw,clean,span_pyin,m.event_rate,True,0.086156,0.010906,0.41153,0.008,0.32687,0.43729,0,0.21518,0.21429,58,12,False,excl_fail
emote,jaw,clean,dyn,m.amp,False,0.0579,-0.0065609,0.12184,0.04,0.51271,0.45833,0.58333,0.45209,0.04871,36,12,True,all
emote,jaw,clean,dyn,m.amp,False,0.063328,-0.011401,0.15764,0.073,0.44286,0.2,0.4,0.52357,0.028789,15,5,True,lang:cn (descriptive)
emote,jaw,clean,dyn,m.amp,False,0.051408,0.010657,0.10808,0,0.65,0.83333,0.66667,0.72904,0.029231,9,3,True,lang:en (descriptive)
emote,jaw,clean,dyn,m.amp,False,0.055861,-0.11242,0.17921,0.231,0.62937,0.5,0.75,0.33751,0.12979,12,4,True,lang:jp (descriptive)
emote,jaw,clean,dyn,m.vel_rms,False,0.044365,-0.003665,0.097499,0.038,0.41475,0.375,0.58333,0.43149,0.06084,36,12,True,all
emote,jaw,clean,dyn,m.event_rate,False,0.17573,-0.11733,0.48823,0.1185,0.32669,0.57321,0.4,0.29538,0,36,12,False,all
emote,jaw,clean,combined,m.amp,False,0.01992,-0.009754,0.054017,0.0965,0.22597,0.20833,0.33333,0.30036,0.10354,36,12,True,all
emote,jaw,clean,combined,m.amp,True,0.02315,-0.0083118,0.058435,0.0765,0.27521,0.18182,0.36364,0.33995,0.10354,35,12,True,excl_fail
emote,jaw,clean,combined,m.amp,False,0.024491,-0.025606,0.087636,0.181,0.22678,0.4,0.4,0.32965,0.097825,15,5,True,lang:cn (descriptive)
emote,jaw,clean,combined,m.amp,False,0.017512,-0.022484,0.067492,0.272,0.31623,0.33333,0.33333,0.30954,0.10926,9,3,True,lang:en (descriptive)
emote,jaw,clean,combined,m.amp,False,0.016013,-0.034813,0.066838,0.323,0.088697,-0.125,0.25,0.25655,0.10085,12,4,True,lang:jp (descriptive)
emote,jaw,clean,combined,m.vel_rms,False,0.0059177,-0.02664,0.03467,0.328,0.19977,0.20833,0.41667,0.10156,0.064453,36,12,True,all
emote,jaw,clean,combined,m.vel_rms,True,0.0073064,-0.027312,0.037196,0.3015,0.217,0.31818,0.45455,0.12166,0.064453,35,12,True,excl_fail
emote,jaw,clean,combined,m.event_rate,False,0.015166,-0.068796,0.090312,0.353,0.16265,0.34151,0,0.089343,0,36,12,False,all
emote,jaw,clean,combined,m.event_rate,True,0.016177,-0.073395,0.096081,0.353,0.16719,0.34151,0,0.092273,0,35,12,False,excl_fail
emote,jaw,clean,register,m.amp,False,-0.0066933,-0.021175,0.0069063,0.831,-0.12613,-0.20833,0.083333,-0.21752,0.084828,36,12,True,all
emote,jaw,clean,register,m.amp,False,-0.0086903,-0.036231,0.010712,0.744,-0.12857,0,0,-0.25808,0.098173,15,5,True,lang:cn (descriptive)
emote,jaw,clean,register,m.amp,False,-0.0063075,-0.014407,-0.0016546,1,-0.45,-0.5,0,-0.44763,0.058754,9,3,True,lang:en (descriptive)
emote,jaw,clean,register,m.amp,False,-0.0044995,-0.026072,0.027915,0.633,0.12587,-0.25,0.25,-0.12641,0.13634,12,4,True,lang:jp (descriptive)
emote,jaw,clean,register,m.vel_rms,False,0.0023859,-0.012888,0.016356,0.3585,0.14801,0.16667,0.16667,0.074893,0.097838,36,12,True,all
emote,jaw,clean,register,m.event_rate,False,-0.0050048,-0.034584,0.015705,0.642,0.068586,0.17321,0,-0.059025,0,36,12,False,all
emote,jaw,clean,rate,m.amp,False,0.03284,-0.46779,0.5345,0.465,0.012039,,,0.036286,0.061744,24,12,True,all
emote,jaw,clean,rate,m.amp,False,0.087388,-0.72371,0.88291,0.389,0.17408,,,0.090542,0.071454,10,5,True,lang:cn (descriptive)
emote,jaw,clean,rate,m.amp,False,0.032244,-0.89629,1.8296,0.277,0.09759,,,0.025358,0.090112,6,3,True,lang:en (descriptive)
emote,jaw,clean,rate,m.amp,False,-0.034899,-0.3221,0.18975,0.571,0.10911,,,-0.12324,0.016399,8,4,True,lang:jp (descriptive)
emote,jaw,clean,rate,m.vel_rms,False,0.63767,-0.15439,1.5723,0.0655,0.26485,,,0.39035,0.090026,24,12,True,all
emote,jaw,clean,rate,m.event_rate,False,2.8021,1.0762,4.9072,0,0.74346,,,0.63611,0.14286,24,12,False,all
emote,jaw,noise,span,m.amp,False,0.023229,-0.017358,0.067008,0.1405,0.17705,0.125,0.083333,0.18177,0.097104,60,12,True,all
emote,jaw,noise,span,m.amp,True,0.02209,-0.019274,0.067066,0.159,0.16971,0.125,0.083333,0.19046,0.085171,58,12,True,excl_fail
emote,jaw,noise,span,m.amp,False,0.023276,-0.039224,0.10525,0.253,0.085385,0.08,0.2,0.17032,0.13929,25,5,True,lang:cn (descriptive)
emote,jaw,noise,span,m.amp,False,-0.027133,-0.079624,0.044017,0.746,-0.24286,-0.36667,0,-0.21263,0.084867,15,3,True,lang:en (descriptive)
emote,jaw,noise,span,m.amp,False,0.062946,-0.0034059,0.11943,0.031,0.58797,0.55,0,0.53244,0.084292,20,4,True,lang:jp (descriptive)
emote,jaw,noise,span,m.vel_rms,False,0.032587,0.0036562,0.065653,0.0115,0.28152,0.23333,0,0.33374,0.087634,60,12,True,all
emote,jaw,noise,span,m.vel_rms,True,0.032227,0.0025324,0.065905,0.0145,0.27435,0.23333,0,0.32982,0.087436,58,12,True,excl_fail
emote,jaw,noise,span,m.event_rate,False,0.15821,0.04143,0.28738,0.004,0.29897,0.40832,0,0.27406,0.29166,60,12,False,all
emote,jaw,noise,span,m.event_rate,True,0.16254,0.043327,0.29135,0.004,0.29342,0.40832,0,0.27779,0.29166,58,12,False,excl_fail
emote,jaw,noise,span_pyin,m.amp,False,0.0040323,-0.015271,0.072834,0.3625,0.1357,0.10833,0.083333,0.043028,0.097104,60,12,True,all
emote,jaw,noise,span_pyin,m.amp,True,0.0034489,-0.016034,0.073468,0.381,0.13649,0.125,0.083333,0.040817,0.085171,58,12,True,excl_fail
emote,jaw,noise,span_pyin,m.amp,False,0.027107,-0.049246,0.14133,0.292,0.14615,0.08,0.2,0.16296,0.13929,25,5,True,lang:cn (descriptive)
emote,jaw,noise,span_pyin,m.amp,False,-0.017116,-0.06329,0.040388,0.954,-0.35714,-0.43333,0,-0.28493,0.084867,15,3,True,lang:en (descriptive)
emote,jaw,noise,span_pyin,m.amp,False,0.065262,-0.0025813,0.11865,0.031,0.59398,0.55,0,0.54409,0.084292,20,4,True,lang:jp (descriptive)
emote,jaw,noise,span_pyin,m.vel_rms,False,0.013793,1.3476e-05,0.072543,0.025,0.3137,0.24167,0,0.19262,0.087634,60,12,True,all
emote,jaw,noise,span_pyin,m.vel_rms,True,0.013404,-0.00028225,0.073927,0.0315,0.32474,0.23333,0,0.18829,0.087436,58,12,True,excl_fail
emote,jaw,noise,span_pyin,m.event_rate,False,0.073744,0.015985,0.30994,0.003,0.2717,0.40832,0,0.1742,0.29166,60,12,False,all
emote,jaw,noise,span_pyin,m.event_rate,True,0.074775,0.016219,0.32821,0.003,0.27457,0.40832,0,0.17541,0.29166,58,12,False,excl_fail
emote,jaw,noise,dyn,m.amp,False,0.064805,0.00063092,0.12238,0.0235,0.51825,0.54167,0.58333,0.48875,0.074121,36,12,True,all
emote,jaw,noise,dyn,m.amp,False,0.066661,-0.0028163,0.14063,0.042,0.41786,0.4,0.4,0.55844,0.061458,15,5,True,lang:cn (descriptive)
emote,jaw,noise,dyn,m.amp,False,0.064304,0.036378,0.093,0,0.63333,0.83333,0.66667,0.72428,0.077009,9,3,True,lang:en (descriptive)
emote,jaw,noise,dyn,m.amp,False,0.062798,-0.11292,0.19114,0.221,0.6014,0.5,0.75,0.36713,0.12444,12,4,True,lang:jp (descriptive)
emote,jaw,noise,dyn,m.vel_rms,False,0.044708,0.00058981,0.090729,0.024,0.42183,0.375,0.58333,0.45145,0.057861,36,12,True,all
emote,jaw,noise,dyn,m.event_rate,False,0.00014881,-0.27556,0.25556,0.4945,0.10461,0.14434,0,0.00027397,0.083333,36,12,False,all
emote,jaw,noise,combined,m.amp,False,0.022182,-0.0071228,0.05314,0.0745,0.33404,0.20833,0.33333,0.34891,0.076029,36,12,True,all
emote,jaw,noise,combined,m.amp,True,0.022854,-0.008547,0.05541,0.0785,0.34225,0.18182,0.36364,0.34847,0.076029,35,12,True,excl_fail
emote,jaw,noise,combined,m.amp,False,0.020417,-0.036769,0.07679,0.175,0.30237,0.4,0.4,0.28128,0.10469,15,5,True,lang:cn (descriptive)
emote,jaw,noise,combined,m.amp,False,0.026775,-0.016393,0.070983,0.16,0.42164,0.33333,0.33333,0.51857,0.079757,9,3,True,lang:en (descriptive)
emote,jaw,noise,combined,m.amp,False,0.020944,-0.024442,0.072998,0.187,0.23652,-0.125,0.25,0.35201,0.062114,12,4,True,lang:jp (descriptive)
emote,jaw,noise,combined,m.vel_rms,False,0.013109,-0.020811,0.04124,0.1875,0.40936,0.375,0.41667,0.21728,0.071416,36,12,True,all
emote,jaw,noise,combined,m.vel_rms,True,0.013184,-0.022864,0.043216,0.201,0.39518,0.36364,0.45455,0.21186,0.071416,35,12,True,excl_fail
emote,jaw,noise,combined,m.event_rate,False,-0.028272,-0.10085,0.024225,0.8125,-0.083881,0,0,-0.14925,0,36,12,False,all
emote,jaw,noise,combined,m.event_rate,True,-0.030157,-0.11021,0.027717,0.8125,-0.087674,0,0,-0.15414,0,35,12,False,excl_fail
emote,jaw,noise,register,m.amp,False,-0.0048737,-0.020647,0.0097439,0.7305,-0.11429,0,0.16667,-0.1519,0.083562,36,12,True,all
emote,jaw,noise,register,m.amp,False,-0.0077703,-0.035347,0.013305,0.728,-0.19643,-0.1,0,-0.23793,0.088955,15,5,True,lang:cn (descriptive)
emote,jaw,noise,register,m.amp,False,0.00036591,-0.0023059,0.0028875,0.356,0.05,0.33333,0.33333,0.030613,0.038642,9,3,True,lang:en (descriptive)
emote,jaw,noise,register,m.amp,False,-0.005145,-0.033769,0.02978,0.609,0.083916,-0.125,0.25,-0.12714,0.14556,12,4,True,lang:jp (descriptive)
emote,jaw,noise,register,m.vel_rms,False,0.0067358,-0.0081351,0.020068,0.168,0.22239,0.16667,0.16667,0.21234,0.10457,36,12,True,all
emote,jaw,noise,register,m.event_rate,False,0.036263,-0.012494,0.08808,0.068,0.33757,0.41068,0,0.32318,0.16667,36,12,False,all
emote,jaw,noise,rate,m.amp,False,0.13933,-0.32414,0.58979,0.2725,0.19262,,,0.16781,0.059066,24,12,True,all
emote,jaw,noise,rate,m.amp,False,0.13761,-0.63835,0.81631,0.337,0.17408,,,0.15507,0.079003,10,5,True,lang:cn (descriptive)
emote,jaw,noise,rate,m.amp,False,0.28583,-0.57864,1.6806,0.277,0.09759,,,0.27594,0.059145,6,3,True,lang:en (descriptive)
emote,jaw,noise,rate,m.amp,False,0.031621,-0.49476,0.55801,0.331,0.43644,,,0.059848,0.057106,8,4,True,lang:jp (descriptive)
emote,jaw,noise,rate,m.vel_rms,False,0.69961,-0.15068,1.6998,0.0595,0.28893,,,0.40078,0.092697,24,12,True,all
emote,jaw,noise,rate,m.event_rate,False,3.733,1.2924,6.309,0.0005,0.60601,,,0.64108,0.3125,24,12,False,all
medtalk,brow_mean,clean,span,m.amp,False,-0.008423,-0.047365,0.033113,0.6715,-0.14137,-0.24167,0,-0.079329,0.10324,60,12,True,all
medtalk,brow_mean,clean,span,m.amp,True,-0.0056323,-0.045156,0.036894,0.6185,-0.11465,-0.25,0,-0.053112,0.10324,58,12,True,excl_fail
medtalk,brow_mean,clean,span,m.amp,False,-0.052509,-0.070036,-0.038525,1,-0.62,-0.62,0,-0.58005,0.098305,25,5,True,lang:cn (descriptive)
medtalk,brow_mean,clean,span,m.amp,False,-0.013962,-0.08018,0.057673,0.753,-0.13214,-0.1,0,-0.14601,0.12215,15,3,True,lang:en (descriptive)
medtalk,brow_mean,clean,span,m.amp,False,0.040864,-0.035567,0.11933,0.182,0.26165,0.125,0,0.32213,0.12294,20,4,True,lang:jp (descriptive)
medtalk,brow_mean,clean,span,m.vel_rms,False,-0.021678,-0.058252,0.017515,0.863,-0.27358,-0.24167,0,-0.19458,0.086167,60,12,True,all
medtalk,brow_mean,clean,span,m.vel_rms,True,-0.020356,-0.058174,0.019965,0.8405,-0.23615,-0.2,0.083333,-0.18214,0.080968,58,12,True,excl_fail
medtalk,brow_mean,clean,span,m.event_rate,False,0.048906,-0.087865,0.18482,0.2315,0.11376,0.1778,0,0.11882,0.33333,60,12,False,all
medtalk,brow_mean,clean,span,m.event_rate,True,0.068435,-0.080543,0.22593,0.187,0.19582,0.22805,0.090909,0.17037,0.33333,58,12,False,excl_fail
medtalk,brow_mean,clean,span_pyin,m.amp,False,-0.015858,-0.041076,0.035198,0.798,-0.17744,-0.28333,0,-0.20366,0.10324,60,12,True,all
medtalk,brow_mean,clean,span_pyin,m.amp,True,-0.0145,-0.038003,0.039794,0.768,-0.15519,-0.25,0,-0.18768,0.10324,58,12,True,excl_fail
medtalk,brow_mean,clean,span_pyin,m.amp,False,-0.064601,-0.089893,-0.043365,1,-0.61,-0.62,0,-0.58631,0.098305,25,5,True,lang:cn (descriptive)
medtalk,brow_mean,clean,span_pyin,m.amp,False,-0.021875,-0.092141,0.067231,0.865,-0.31786,-0.26667,0,-0.48593,0.12215,15,3,True,lang:en (descriptive)
medtalk,brow_mean,clean,span_pyin,m.amp,False,0.040718,-0.036705,0.12127,0.182,0.29173,0.125,0,0.31636,0.12294,20,4,True,lang:jp (descriptive)
medtalk,brow_mean,clean,span_pyin,m.vel_rms,False,-0.013625,-0.061064,0.015149,0.9025,-0.28313,-0.29167,0,-0.16677,0.086167,60,12,True,all
medtalk,brow_mean,clean,span_pyin,m.vel_rms,True,-0.012764,-0.060542,0.018547,0.8785,-0.25491,-0.2,0.083333,-0.15677,0.080968,58,12,True,excl_fail
medtalk,brow_mean,clean,span_pyin,m.event_rate,False,-0.034685,-0.092527,0.18123,0.634,0.062679,0.11681,0,-0.11491,0.33333,60,12,False,all
medtalk,brow_mean,clean,span_pyin,m.event_rate,True,-0.025592,-0.088655,0.22351,0.587,0.13632,0.22805,0.090909,-0.087452,0.33333,58,12,False,excl_fail
medtalk,brow_mean,clean,dyn,m.amp,False,0.0023566,-0.054229,0.052332,0.4395,0.020853,0.041667,0.33333,0.021474,0.062666,36,12,True,all
medtalk,brow_mean,clean,dyn,m.amp,False,0.047542,-0.012967,0.11108,0.089,0.30357,0.2,0.4,0.4791,0.086303,15,5,True,lang:cn (descriptive)
medtalk,brow_mean,clean,dyn,m.amp,False,-0.025852,-0.10053,0.057925,0.657,-0.26667,-0.33333,0.33333,-0.34179,0.044246,9,3,True,lang:en (descriptive)
medtalk,brow_mean,clean,dyn,m.amp,False,-0.034303,-0.16206,0.059452,0.701,-0.041958,0.125,0.25,-0.24446,0.057133,12,4,True,lang:jp (descriptive)
medtalk,brow_mean,clean,dyn,m.vel_rms,False,0.091374,0.020847,0.16996,0.005,0.42067,0.41667,0.58333,0.5309,0.088503,36,12,True,all
medtalk,brow_mean,clean,dyn,m.event_rate,False,0.041109,-0.23721,0.34769,0.4075,-0.013268,0.10309,0.18182,0.06881,0.18333,36,12,False,all
medtalk,brow_mean,clean,combined,m.amp,False,0.001447,-0.024064,0.026936,0.446,0.0098247,-0.041667,0.083333,0.025226,0.098511,36,12,True,all
medtalk,brow_mean,clean,combined,m.amp,True,0.0067659,-0.019447,0.032216,0.3005,0.11644,0,0.090909,0.1215,0.089696,35,12,True,excl_fail
medtalk,brow_mean,clean,combined,m.amp,False,0.0066972,-0.018043,0.030517,0.314,0.056695,-0.1,0,0.16167,0.070755,15,5,True,lang:cn (descriptive)
medtalk,brow_mean,clean,combined,m.amp,False,-0.022169,-0.065014,0.052392,0.753,-0.42164,-0.16667,0.33333,-0.3433,0.11948,9,3,True,lang:en (descriptive)
medtalk,brow_mean,clean,combined,m.amp,False,0.012596,-0.046882,0.057259,0.338,0.029566,0.125,0,0.18574,0.11942,12,4,True,lang:jp (descriptive)
medtalk,brow_mean,clean,combined,m.vel_rms,False,0.036656,0.006669,0.069116,0.0035,0.42901,0.375,0.33333,0.44679,0.11937,36,12,True,all
medtalk,brow_mean,clean,combined,m.vel_rms,True,0.041059,0.010342,0.074868,0.0025,0.4728,0.36364,0.36364,0.4865,0.11937,35,12,True,excl_fail
medtalk,brow_mean,clean,combined,m.event_rate,False,0.024976,-0.10351,0.14065,0.3215,0.18028,0.27273,0.27273,0.084691,0.34286,36,12,False,all
medtalk,brow_mean,clean,combined,m.event_rate,True,0.039974,-0.092997,0.16141,0.25,0.26003,0.3866,0.3,0.13317,0.34286,35,12,False,excl_fail
medtalk,brow_mean,clean,register,m.amp,False,-0.017294,-0.029604,-0.0066863,1,-0.51506,-0.41667,0.083333,-0.56982,0.095453,36,12,True,all
medtalk,brow_mean,clean,register,m.amp,False,-0.012256,-0.029427,-0.0002567,0.975,-0.25357,-0.2,0.2,-0.47933,0.044738,15,5,True,lang:cn (descriptive)
medtalk,brow_mean,clean,register,m.amp,False,-0.011756,-0.0258,0.013175,0.718,-0.65,-0.5,0,-0.47582,0.095988,9,3,True,lang:en (descriptive)
medtalk,brow_mean,clean,register,m.amp,False,-0.027633,-0.049795,-0.012398,1,-0.77622,-0.625,0,-0.71776,0.099942,12,4,True,lang:jp (descriptive)
medtalk,brow_mean,clean,register,m.vel_rms,False,-0.015778,-0.024266,-0.0065087,0.999,-0.56577,-0.54167,0.083333,-0.62573,0.079898,36,12,True,all
medtalk,brow_mean,clean,register,m.event_rate,False,-0.035213,-0.087948,0.022017,0.8905,-0.23046,-0.27321,0.2,-0.32182,0.30952,36,12,False,all
medtalk,brow_mean,clean,rate,m.amp,False,-0.33,-0.70154,0.0026379,0.9735,-0.43339,,,-0.4594,0.040646,24,12,True,all
medtalk,brow_mean,clean,rate,m.amp,False,-0.11302,-0.49146,0.31132,0.72,-0.17408,,,-0.22505,0.049792,10,5,True,lang:cn (descriptive)
medtalk,brow_mean,clean,rate,m.amp,False,-0.16562,-0.43006,0.29097,0.753,-0.68313,,,-0.45493,0.036993,6,3,True,lang:en (descriptive)
medtalk,brow_mean,clean,rate,m.amp,False,-0.72451,-1.4504,0.0013884,0.963,-0.54554,,,-0.68055,0.056766,8,4,True,lang:jp (descriptive)
medtalk,brow_mean,clean,rate,m.vel_rms,False,-0.20682,-0.44538,0.026191,0.9615,-0.50562,,,-0.45311,0.032205,24,12,True,all
medtalk,brow_mean,clean,rate,m.event_rate,False,-0.30885,-1.2468,0.69174,0.733,-0.24869,,,-0.1806,0.091668,24,12,False,all
medtalk,brow_mean,noise,span,m.amp,False,-0.0069542,-0.046144,0.035742,0.648,-0.1436,-0.18333,0,-0.063792,0.099494,60,12,True,all
medtalk,brow_mean,noise,span,m.amp,True,-0.0025696,-0.041843,0.040481,0.563,-0.10603,-0.19167,0,-0.024019,0.099494,58,12,True,excl_fail
medtalk,brow_mean,noise,span,m.amp,False,-0.048863,-0.061736,-0.034899,1,-0.59077,-0.5,0,-0.55903,0.076686,25,5,True,lang:cn (descriptive)
medtalk,brow_mean,noise,span,m.amp,False,-0.015452,-0.06823,0.051813,0.753,-0.11786,-0.033333,0,-0.1531,0.11539,15,3,True,lang:en (descriptive)
medtalk,brow_mean,noise,span,m.amp,False,0.042452,-0.042907,0.13008,0.183,0.22707,0.1,0,0.32046,0.11918,20,4,True,lang:jp (descriptive)
medtalk,brow_mean,noise,span,m.vel_rms,False,-0.024916,-0.061043,0.010261,0.9135,-0.27385,-0.25,0,-0.20725,0.083723,60,12,True,all
medtalk,brow_mean,noise,span,m.vel_rms,True,-0.022901,-0.060569,0.014988,0.881,-0.24249,-0.18333,0.083333,-0.19008,0.080298,58,12,True,excl_fail
medtalk,brow_mean,noise,span,m.event_rate,False,0.042013,-0.12161,0.19375,0.2735,0.18443,0.2111,0,0.10416,0.32051,60,12,False,all
medtalk,brow_mean,noise,span,m.event_rate,True,0.049227,-0.11909,0.20618,0.255,0.22536,0.22876,0,0.12091,0.32051,58,12,False,excl_fail
medtalk,brow_mean,noise,span_pyin,m.amp,False,-0.014981,-0.042612,0.035397,0.7955,-0.18961,-0.225,0,-0.18739,0.099494,60,12,True,all
medtalk,brow_mean,noise,span_pyin,m.amp,True,-0.012813,-0.036685,0.043334,0.748,-0.16257,-0.19167,0,-0.16439,0.099494,58,12,True,excl_fail
medtalk,brow_mean,noise,span_pyin,m.amp,False,-0.061056,-0.082299,-0.042012,1,-0.60077,-0.5,0,-0.5739,0.076686,25,5,True,lang:cn (descriptive)
medtalk,brow_mean,noise,span_pyin,m.amp,False,-0.021699,-0.12508,0.061193,0.865,-0.31071,-0.2,0,-0.45667,0.11539,15,3,True,lang:en (descriptive)
medtalk,brow_mean,noise,span_pyin,m.amp,False,0.042272,-0.044073,0.1321,0.183,0.25263,0.1,0,0.31452,0.11918,20,4,True,lang:jp (descriptive)
medtalk,brow_mean,noise,span_pyin,m.vel_rms,False,-0.012745,-0.065222,0.0078931,0.9245,-0.28675,-0.30833,0,-0.14456,0.083723,60,12,True,all
medtalk,brow_mean,noise,span_pyin,m.vel_rms,True,-0.011481,-0.06354,0.012186,0.893,-0.26347,-0.18333,0.083333,-0.1308,0.080298,58,12,True,excl_fail
medtalk,brow_mean,noise,span_pyin,m.event_rate,False,-0.044705,-0.11521,0.2117,0.636,0.16265,0.13253,0,-0.15113,0.32051,60,12,False,all
medtalk,brow_mean,noise,span_pyin,m.event_rate,True,-0.042138,-0.11477,0.23007,0.625,0.19287,0.22876,0,-0.14207,0.32051,58,12,False,excl_fail
medtalk,brow_mean,noise,dyn,m.amp,False,0.0084697,-0.0453,0.05225,0.3415,0.14005,0.29167,0.41667,0.078669,0.05663,36,12,True,all
medtalk,brow_mean,noise,dyn,m.amp,False,0.045683,0.0049175,0.089474,0.017,0.41071,0.3,0.4,0.59527,0.073218,15,5,True,lang:cn (descriptive)
medtalk,brow_mean,noise,dyn,m.amp,False,0.004607,-0.075836,0.060254,0.394,0.13333,0.5,0.66667,0.064317,0.046508,9,3,True,lang:en (descriptive)
medtalk,brow_mean,noise,dyn,m.amp,False,-0.03648,-0.16718,0.051477,0.72,-0.027972,0.125,0.25,-0.23621,0.05663,12,4,True,lang:jp (descriptive)
medtalk,brow_mean,noise,dyn,m.vel_rms,False,0.090061,0.019974,0.16438,0.004,0.40793,0.41667,0.58333,0.52041,0.10371,36,12,True,all
medtalk,brow_mean,noise,dyn,m.event_rate,False,-0.038716,-0.2352,0.14699,0.643,-0.030147,0.12418,0.090909,-0.087409,0.21111,36,12,False,all
medtalk,brow_mean,noise,combined,m.amp,False,0.003243,-0.020107,0.027012,0.382,0.049124,0,0.083333,0.062438,0.092392,36,12,True,all
medtalk,brow_mean,noise,combined,m.amp,True,0.0077773,-0.016174,0.032108,0.2675,0.13231,0.045455,0.090909,0.15259,0.091441,35,12,True,excl_fail
medtalk,brow_mean,noise,combined,m.amp,False,0.0057006,-0.023441,0.032003,0.372,0.15119,0,0,0.13989,0.075702,15,5,True,lang:cn (descriptive)
medtalk,brow_mean,noise,combined,m.amp,False,-0.017037,-0.062529,0.046713,0.753,-0.26352,-0.16667,0.33333,-0.29445,0.11637,9,3,True,lang:en (descriptive)
medtalk,brow_mean,noise,combined,m.amp,False,0.015381,-0.03617,0.052099,0.262,0.088697,0.125,0,0.25974,0.106,12,4,True,lang:jp (descriptive)
medtalk,brow_mean,noise,combined,m.vel_rms,False,0.035981,0.0048086,0.067528,0.0065,0.42901,0.41667,0.41667,0.43516,0.12017,36,12,True,all
medtalk,brow_mean,noise,combined,m.vel_rms,True,0.040434,0.0084109,0.074312,0.0045,0.46751,0.40909,0.45455,0.47556,0.12017,35,12,True,excl_fail
medtalk,brow_mean,noise,combined,m.event_rate,False,0.032685,-0.097862,0.14803,0.2895,0.26049,0.21509,0.18182,0.11023,0.34286,36,12,False,all
medtalk,brow_mean,noise,combined,m.event_rate,True,0.041531,-0.09772,0.15834,0.253,0.2877,0.32321,0.2,0.1361,0.34286,35,12,False,excl_fail
medtalk,brow_mean,noise,register,m.amp,False,-0.015391,-0.026591,-0.0055566,1,-0.46049,-0.41667,0,-0.5255,0.078243,36,12,True,all
medtalk,brow_mean,noise,register,m.amp,False,-0.010862,-0.026774,-6.4239e-05,0.982,-0.22857,-0.2,0,-0.43564,0.037429,15,5,True,lang:cn (descriptive)
medtalk,brow_mean,noise,register,m.amp,False,-0.0080961,-0.018598,0.012617,0.718,-0.51667,-0.33333,0,-0.40002,0.075915,9,3,True,lang:en (descriptive)
medtalk,brow_mean,noise,register,m.amp,False,-0.026396,-0.045634,-0.0083509,1,-0.74825,-0.75,0,-0.68576,0.11419,12,4,True,lang:jp (descriptive)
medtalk,brow_mean,noise,register,m.vel_rms,False,-0.015307,-0.024233,-0.00504,0.9975,-0.52767,-0.5,0.083333,-0.57713,0.084229,36,12,True,all
medtalk,brow_mean,noise,register,m.event_rate,False,-0.03176,-0.084791,0.020983,0.8765,-0.25268,-0.31845,0.11111,-0.25155,0.26786,36,12,False,all
medtalk,brow_mean,noise,rate,m.amp,False,-0.28774,-0.6226,0.04219,0.9615,-0.38523,,,-0.44003,0.052486,24,12,True,all
medtalk,brow_mean,noise,rate,m.amp,False,-0.27982,-0.67,0.12009,0.915,-0.59186,,,-0.51515,0.053685,10,5,True,lang:cn (descriptive)
medtalk,brow_mean,noise,rate,m.amp,False,0.014768,-0.4997,0.52746,0.376,0.29277,,,0.035197,0.051286,6,3,True,lang:en (descriptive)
medtalk,brow_mean,noise,rate,m.amp,False,-0.52452,-1.2092,0.16017,0.942,-0.43644,,,-0.59316,0.057461,8,4,True,lang:jp (descriptive)
medtalk,brow_mean,noise,rate,m.vel_rms,False,-0.12614,-0.40051,0.1412,0.8215,-0.30096,,,-0.26257,0.022181,24,12,True,all
medtalk,brow_mean,noise,rate,m.event_rate,False,-0.41124,-1.8198,1.0377,0.6935,-0.14478,,,-0.15299,0.225,24,12,False,all
medtalk,brow_inner,clean,span,m.amp,False,-0.025215,-0.07716,0.023783,0.8355,-0.16193,-0.175,0,-0.20017,0.11567,60,12,True,all
medtalk,brow_inner,clean,span,m.amp,True,-0.022288,-0.075654,0.025682,0.802,-0.12812,-0.18333,0,-0.17717,0.11567,58,12,True,excl_fail
medtalk,brow_inner,clean,span,m.amp,False,-0.058662,-0.075253,-0.040632,1,-0.58462,-0.6,0,-0.58419,0.088206,25,5,True,lang:cn (descriptive)
medtalk,brow_inner,clean,span,m.amp,False,-0.010148,-0.060032,0.051455,0.631,0.010714,0.16667,0,-0.095973,0.11613,15,3,True,lang:en (descriptive)
medtalk,brow_inner,clean,span,m.amp,False,-0.0030363,-0.12775,0.10206,0.546,0.11429,0.1,0,-0.019028,0.14342,20,4,True,lang:jp (descriptive)
medtalk,brow_inner,clean,span_pyin,m.amp,False,-0.014451,-0.075684,0.019681,0.8485,-0.14271,-0.21667,0,-0.15643,0.11567,60,12,True,all
medtalk,brow_inner,clean,span_pyin,m.amp,True,-0.012773,-0.073418,0.022867,0.8145,-0.11791,-0.18333,0,-0.13937,0.11567,58,12,True,excl_fail
medtalk,brow_inner,clean,span_pyin,m.amp,False,-0.068412,-0.076808,-0.061944,1,-0.56692,-0.6,0,-0.55974,0.088206,25,5,True,lang:cn (descriptive)
medtalk,brow_inner,clean,span_pyin,m.amp,False,-0.0068579,-0.12918,0.06072,0.753,-0.071429,5.5511e-17,0,-0.13777,0.11613,15,3,True,lang:en (descriptive)
medtalk,brow_inner,clean,span_pyin,m.amp,False,-0.0040991,-0.12697,0.10331,0.546,0.12782,0.1,0,-0.025319,0.14342,20,4,True,lang:jp (descriptive)
medtalk,brow_inner,clean,dyn,m.amp,False,0.025274,-0.066317,0.11981,0.2905,0.12383,0.16667,0.33333,0.13489,0.092625,36,12,True,all
medtalk,brow_inner,clean,dyn,m.amp,False,0.0911,0.056677,0.12259,0,0.68929,0.8,0.6,0.82404,0.090544,15,5,True,lang:cn (descriptive)
medtalk,brow_inner,clean,dyn,m.amp,False,-0.097407,-0.13306,-0.051349,1,-0.81667,-0.83333,0,-0.85517,0.077461,9,3,True,lang:en (descriptive)
medtalk,brow_inner,clean,dyn,m.amp,False,0.034035,-0.21283,0.28553,0.397,0.2028,0.125,0.25,0.11928,0.19053,12,4,True,lang:jp (descriptive)
medtalk,brow_inner,clean,combined,m.amp,False,0.0034616,-0.033086,0.040314,0.422,0.072048,0.16667,0.25,0.04485,0.11348,36,12,True,all
medtalk,brow_inner,clean,combined,m.amp,True,0.010921,-0.026275,0.047095,0.273,0.17642,0.22727,0.27273,0.14633,0.10513,35,12,True,excl_fail
medtalk,brow_inner,clean,combined,m.amp,False,0.012788,-0.0032613,0.028233,0.06,0.28347,0.3,0.2,0.28761,0.079368,15,5,True,lang:cn (descriptive)
medtalk,brow_inner,clean,combined,m.amp,False,-0.058295,-0.10193,0.0030571,0.967,-0.63246,-0.33333,0,-0.71225,0.1591,9,3,True,lang:en (descriptive)
medtalk,brow_inner,clean,combined,m.amp,False,0.038121,-0.055877,0.10633,0.262,0.29566,0.375,0.5,0.37424,0.17055,12,4,True,lang:jp (descriptive)
medtalk,brow_inner,clean,register,m.amp,False,-0.012359,-0.028545,0.0013481,0.9555,-0.27156,-0.125,0.083333,-0.347,0.11509,36,12,True,all
medtalk,brow_inner,clean,register,m.amp,False,-0.014803,-0.042173,0.0060795,0.883,-0.075,-0.3,0.2,-0.40265,0.079213,15,5,True,lang:cn (descriptive)
medtalk,brow_inner,clean,register,m.amp,False,0.0068713,0.0013832,0.016983,0,0.26667,0.5,0,0.24731,0.086319,9,3,True,lang:en (descriptive)
medtalk,brow_inner,clean,register,m.amp,False,-0.023517,-0.041832,0.0027756,0.949,-0.54545,-0.375,0,-0.60083,0.13627,12,4,True,lang:jp (descriptive)
medtalk,brow_inner,clean,rate,m.amp,False,-0.30024,-0.71081,0.091903,0.9365,-0.313,,,-0.39395,0.046612,24,12,True,all
medtalk,brow_inner,clean,rate,m.amp,False,-0.11019,-0.81357,0.38625,0.629,0.17408,,,-0.14585,0.040303,10,5,True,lang:cn (descriptive)
medtalk,brow_inner,clean,rate,m.amp,False,-0.091271,-0.60432,0.73734,0.753,0.09759,,,-0.15251,0.061687,6,3,True,lang:en (descriptive)
medtalk,brow_inner,clean,rate,m.amp,False,-0.69455,-1.2128,-0.17627,1,-0.87287,,,-0.7964,0.064134,8,4,True,lang:jp (descriptive)
medtalk,brow_inner,noise,span,m.amp,False,-0.024952,-0.076358,0.02706,0.8235,-0.14799,-0.15833,0,-0.1927,0.12024,60,12,True,all
medtalk,brow_inner,noise,span,m.amp,True,-0.021427,-0.074882,0.029454,0.787,-0.11901,-0.16667,0,-0.1665,0.11913,58,12,True,excl_fail
medtalk,brow_inner,noise,span,m.amp,False,-0.063597,-0.077819,-0.05216,1,-0.63846,-0.56,0,-0.59791,0.093144,25,5,True,lang:cn (descriptive)
medtalk,brow_inner,noise,span,m.amp,False,-0.008757,-0.068888,0.043465,0.631,0.064286,0.1,0,-0.082358,0.12061,15,3,True,lang:en (descriptive)
medtalk,brow_inner,noise,span,m.amp,False,0.0016299,-0.11982,0.11707,0.407,0.11429,0.15,0,0.0099868,0.15027,20,4,True,lang:jp (descriptive)
medtalk,brow_inner,noise,span_pyin,m.amp,False,-0.010885,-0.079956,0.02064,0.785,-0.12159,-0.2,0,-0.11463,0.12024,60,12,True,all
medtalk,brow_inner,noise,span_pyin,m.amp,True,-0.0088721,-0.075321,0.025356,0.741,-0.096927,-0.16667,0,-0.094632,0.11913,58,12,True,excl_fail
medtalk,brow_inner,noise,span_pyin,m.amp,False,-0.073855,-0.081645,-0.065609,1,-0.61,-0.56,0,-0.57047,0.093144,25,5,True,lang:cn (descriptive)
medtalk,brow_inner,noise,span_pyin,m.amp,False,-0.001785,-0.14573,0.051969,0.631,0.014286,-0.066667,0,-0.035662,0.12061,15,3,True,lang:en (descriptive)
medtalk,brow_inner,noise,span_pyin,m.amp,False,0.00031429,-0.11972,0.11837,0.407,0.12331,0.15,0,0.0018981,0.15027,20,4,True,lang:jp (descriptive)
medtalk,brow_inner,noise,dyn,m.amp,False,0.035755,-0.051916,0.1267,0.219,0.20094,0.375,0.5,0.1855,0.075491,36,12,True,all
medtalk,brow_inner,noise,dyn,m.amp,False,0.07902,0.052334,0.10762,0,0.64286,0.9,0.8,0.7245,0.063458,15,5,True,lang:cn (descriptive)
medtalk,brow_inner,noise,dyn,m.amp,False,-0.040764,-0.081777,0.055041,0.746,-0.38333,-0.16667,0.33333,-0.47095,0.065006,9,3,True,lang:en (descriptive)
medtalk,brow_inner,noise,dyn,m.amp,False,0.038377,-0.2132,0.28544,0.397,0.27972,0.125,0.25,0.12635,0.22459,12,4,True,lang:jp (descriptive)
medtalk,brow_inner,noise,combined,m.amp,False,0.0047647,-0.029818,0.038769,0.3885,0.075323,0.125,0.33333,0.066633,0.10893,36,12,True,all
medtalk,brow_inner,noise,combined,m.amp,True,0.011049,-0.024032,0.045809,0.256,0.15525,0.18182,0.36364,0.15753,0.094625,35,12,True,excl_fail
medtalk,brow_inner,noise,combined,m.amp,False,0.010661,-0.010343,0.028463,0.161,0.22678,0.3,0.2,0.25887,0.078352,15,5,True,lang:cn (descriptive)
medtalk,brow_inner,noise,combined,m.amp,False,-0.052678,-0.090647,-0.010344,1,-0.73786,-0.66667,0,-0.69825,0.14309,9,3,True,lang:en (descriptive)
medtalk,brow_inner,noise,combined,m.amp,False,0.040477,-0.043469,0.09887,0.17,0.35479,0.5,0.75,0.42783,0.17043,12,4,True,lang:jp (descriptive)
medtalk,brow_inner,noise,register,m.amp,False,-0.0074589,-0.023989,0.0069221,0.83,-0.12793,-0.041667,0.16667,-0.20636,0.1114,36,12,True,all
medtalk,brow_inner,noise,register,m.amp,False,-0.0088171,-0.035091,0.013431,0.762,0.18214,-0.1,0.4,-0.25808,0.067151,15,5,True,lang:cn (descriptive)
medtalk,brow_inner,noise,register,m.amp,False,0.013657,0.0089779,0.017949,0,0.48333,0.5,0,0.41312,0.11738,9,3,True,lang:en (descriptive)
medtalk,brow_inner,noise,register,m.amp,False,-0.021355,-0.039935,0.0045979,0.949,-0.44755,-0.375,0,-0.52783,0.14915,12,4,True,lang:jp (descriptive)
medtalk,brow_inner,noise,rate,m.amp,False,-0.18199,-0.5401,0.19052,0.821,-0.26485,,,-0.26307,0.052809,24,12,True,all
medtalk,brow_inner,noise,rate,m.amp,False,-0.13443,-0.67396,0.36065,0.663,-0.034816,,,-0.2131,0.052327,10,5,True,lang:cn (descriptive)
medtalk,brow_inner,noise,rate,m.amp,False,0.086919,-0.77522,1.215,0.414,0.09759,,,0.10366,0.078431,6,3,True,lang:en (descriptive)
medtalk,brow_inner,noise,rate,m.amp,False,-0.44312,-0.89441,0.0081616,0.962,-0.54554,,,-0.69122,0.046981,8,4,True,lang:jp (descriptive)
medtalk,brow_outer,clean,span,m.amp,False,0.0083686,-0.039494,0.052003,0.369,0.022395,0.025,0,0.064225,0.11471,60,12,True,all
medtalk,brow_outer,clean,span,m.amp,True,0.011023,-0.038265,0.056123,0.321,0.066782,0.058333,0,0.084012,0.11471,58,12,True,excl_fail
medtalk,brow_outer,clean,span,m.amp,False,-0.046356,-0.077916,-0.010519,0.993,-0.40462,-0.38,0,-0.42382,0.10219,25,5,True,lang:cn (descriptive)
medtalk,brow_outer,clean,span,m.amp,False,-0.017776,-0.13351,0.063891,0.657,-0.021429,0,0,-0.15673,0.10329,15,3,True,lang:en (descriptive)
medtalk,brow_outer,clean,span,m.amp,False,0.084765,0.03428,0.13659,0,0.4812,0.55,0,0.53252,0.13742,20,4,True,lang:jp (descriptive)
medtalk,brow_outer,clean,span_pyin,m.amp,False,-0.017265,-0.040613,0.058158,0.6765,-0.07302,-0.033333,0,-0.18068,0.11471,60,12,True,all
medtalk,brow_outer,clean,span_pyin,m.amp,True,-0.016227,-0.03991,0.063195,0.663,-0.045311,0.058333,0,-0.16976,0.11471,58,12,True,excl_fail
medtalk,brow_outer,clean,span_pyin,m.amp,False,-0.060791,-0.10923,-0.017435,0.995,-0.44615,-0.38,0,-0.45663,0.10219,25,5,True,lang:cn (descriptive)
medtalk,brow_outer,clean,span_pyin,m.amp,False,-0.036893,-0.0551,0.073742,0.769,-0.31429,-0.23333,0,-0.69097,0.10329,15,3,True,lang:en (descriptive)
medtalk,brow_outer,clean,span_pyin,m.amp,False,0.085535,0.033933,0.13922,0,0.4782,0.55,0,0.52964,0.13742,20,4,True,lang:jp (descriptive)
medtalk,brow_outer,clean,dyn,m.amp,False,-0.02056,-0.085232,0.047309,0.724,-0.26492,-0.33333,0.25,-0.1495,0.093487,36,12,True,all
medtalk,brow_outer,clean,dyn,m.amp,False,0.0039852,-0.096295,0.1081,0.474,-0.15357,-0.1,0.4,0.030509,0.10789,15,5,True,lang:cn (descriptive)
medtalk,brow_outer,clean,dyn,m.amp,False,0.045702,-0.067998,0.21279,0.318,0.11667,-0.16667,0.33333,0.34039,0.057216,9,3,True,lang:en (descriptive)
medtalk,brow_outer,clean,dyn,m.amp,False,-0.10264,-0.17435,-0.026003,1,-0.78322,-0.75,0,-0.69248,0.075602,12,4,True,lang:jp (descriptive)
medtalk,brow_outer,clean,combined,m.amp,False,-0.00056756,-0.024115,0.027296,0.5385,-0.091697,-0.125,0.25,-0.0096975,0.089146,36,12,True,all
medtalk,brow_outer,clean,combined,m.amp,True,0.0026104,-0.022148,0.032597,0.441,-0.04234,-0.090909,0.27273,0.044134,0.089146,35,12,True,excl_fail
medtalk,brow_outer,clean,combined,m.amp,False,0.0006067,-0.038074,0.045094,0.516,-0.13229,0,0.4,0.010695,0.10038,15,5,True,lang:cn (descriptive)
medtalk,brow_outer,clean,combined,m.amp,False,0.013957,-0.031756,0.10173,0.318,0.21082,0,0.33333,0.18964,0.077992,9,3,True,lang:en (descriptive)
medtalk,brow_outer,clean,combined,m.amp,False,-0.012929,-0.037887,0.008192,0.893,-0.23652,-0.375,0,-0.27623,0.089146,12,4,True,lang:jp (descriptive)
medtalk,brow_outer,clean,register,m.amp,False,-0.022229,-0.037484,-0.0084026,0.9995,-0.56731,-0.54167,0.083333,-0.60109,0.081221,36,12,True,all
medtalk,brow_outer,clean,register,m.amp,False,-0.0097091,-0.020801,0.0050968,0.917,-0.29643,-0.4,0.2,-0.43359,0.080859,15,5,True,lang:cn (descriptive)
medtalk,brow_outer,clean,register,m.amp,False,-0.030384,-0.052984,0.0093674,0.962,-0.71667,-0.5,0,-0.70677,0.17059,9,3,True,lang:en (descriptive)
medtalk,brow_outer,clean,register,m.amp,False,-0.031749,-0.060192,-0.0074746,1,-0.81119,-0.75,0,-0.69482,0.10863,12,4,True,lang:jp (descriptive)
medtalk,brow_outer,clean,rate,m.amp,False,-0.35976,-0.81497,0.032217,0.963,-0.38523,,,-0.42515,0.03535,24,12,True,all
medtalk,brow_outer,clean,rate,m.amp,False,-0.11585,-0.61191,0.37904,0.675,-0.24371,,,-0.19767,0.067059,10,5,True,lang:cn (descriptive)
medtalk,brow_outer,clean,rate,m.amp,False,-0.23997,-0.30871,-0.1554,1,-0.87831,,,-0.96665,0.02659,6,3,True,lang:en (descriptive)
medtalk,brow_outer,clean,rate,m.amp,False,-0.75448,-1.7588,0.17905,0.931,-0.54554,,,-0.58339,0.070849,8,4,True,lang:jp (descriptive)
medtalk,brow_outer,noise,span,m.amp,False,0.011044,-0.035147,0.055056,0.32,0.033509,-0.0083333,0,0.082068,0.11349,60,12,True,all
medtalk,brow_outer,noise,span,m.amp,True,0.016288,-0.03221,0.062939,0.255,0.097973,0.033333,0,0.12245,0.11075,58,12,True,excl_fail
medtalk,brow_outer,noise,span,m.amp,False,-0.03413,-0.067306,0.0057786,0.938,-0.40231,-0.38,0,-0.33116,0.099467,25,5,True,lang:cn (descriptive)
medtalk,brow_outer,noise,span,m.amp,False,-0.022148,-0.13566,0.06016,0.657,-0.075,0,0,-0.167,0.11397,15,3,True,lang:en (descriptive)
medtalk,brow_outer,noise,span,m.amp,False,0.083273,0.025007,0.14309,0.001,0.46015,0.45,0,0.51497,0.13357,20,4,True,lang:jp (descriptive)
medtalk,brow_outer,noise,span_pyin,m.amp,False,-0.019077,-0.043299,0.060424,0.6845,-0.081912,-0.066667,0,-0.19331,0.11349,60,12,True,all
medtalk,brow_outer,noise,span_pyin,m.amp,True,-0.016754,-0.041462,0.068665,0.6525,-0.041804,0.033333,0,-0.17289,0.11075,58,12,True,excl_fail
medtalk,brow_outer,noise,span_pyin,m.amp,False,-0.048258,-0.094675,-0.0048915,0.99,-0.45846,-0.38,0,-0.38471,0.099467,25,5,True,lang:cn (descriptive)
medtalk,brow_outer,noise,span_pyin,m.amp,False,-0.041612,-0.10444,0.070418,0.865,-0.33571,-0.23333,0,-0.66652,0.11397,15,3,True,lang:en (descriptive)
medtalk,brow_outer,noise,span_pyin,m.amp,False,0.08423,0.025017,0.14583,0.001,0.46015,0.45,0,0.5134,0.13357,20,4,True,lang:jp (descriptive)
medtalk,brow_outer,noise,dyn,m.amp,False,-0.018815,-0.08536,0.049863,0.7015,-0.21742,-0.16667,0.33333,-0.13713,0.074731,36,12,True,all
medtalk,brow_outer,noise,dyn,m.amp,False,0.012346,-0.076267,0.0999,0.412,-0.017857,0.1,0.4,0.10427,0.082463,15,5,True,lang:cn (descriptive)
medtalk,brow_outer,noise,dyn,m.amp,False,0.049978,-0.074654,0.20229,0.272,0.1,0.33333,0.66667,0.37387,0.062564,9,3,True,lang:en (descriptive)
medtalk,brow_outer,noise,dyn,m.amp,False,-0.11134,-0.19463,-0.022318,1,-0.78322,-0.875,0,-0.69404,0.085091,12,4,True,lang:jp (descriptive)
medtalk,brow_outer,noise,combined,m.amp,False,0.0017213,-0.022341,0.030158,0.469,-0.022924,-0.16667,0.25,0.029456,0.086124,36,12,True,all
medtalk,brow_outer,noise,combined,m.amp,True,0.0045052,-0.021014,0.034838,0.3915,0.02117,-0.13636,0.27273,0.075768,0.078949,35,12,True,excl_fail
medtalk,brow_outer,noise,combined,m.amp,False,0.00074071,-0.043774,0.048405,0.51,0,0,0.4,0.012333,0.1139,15,5,True,lang:cn (descriptive)
medtalk,brow_outer,noise,combined,m.amp,False,0.018604,-0.03441,0.10377,0.318,0.15811,-0.16667,0.33333,0.24461,0.08882,9,3,True,lang:en (descriptive)
medtalk,brow_outer,noise,combined,m.amp,False,-0.0097147,-0.028837,0.011109,0.859,-0.20696,-0.375,0,-0.25986,0.069983,12,4,True,lang:jp (descriptive)
medtalk,brow_outer,noise,register,m.amp,False,-0.023324,-0.038487,-0.0090218,0.999,-0.61725,-0.54167,0.083333,-0.61177,0.10918,36,12,True,all
medtalk,brow_outer,noise,register,m.amp,False,-0.012906,-0.028116,0.0051141,0.926,-0.38214,-0.4,0.2,-0.45291,0.091568,15,5,True,lang:cn (descriptive)
medtalk,brow_outer,noise,register,m.amp,False,-0.029849,-0.055145,0.011161,0.962,-0.78333,-0.5,0,-0.69389,0.16407,9,3,True,lang:en (descriptive)
medtalk,brow_outer,noise,register,m.amp,False,-0.031438,-0.060868,-0.007357,1,-0.79021,-0.75,0,-0.71071,0.11962,12,4,True,lang:jp (descriptive)
medtalk,brow_outer,noise,rate,m.amp,False,-0.39349,-0.83298,-0.021904,0.9805,-0.40931,,,-0.47645,0.022968,24,12,True,all
medtalk,brow_outer,noise,rate,m.amp,False,-0.42521,-0.94004,0.015775,0.972,-0.52223,,,-0.62248,0.018134,10,5,True,lang:cn (descriptive)
medtalk,brow_outer,noise,rate,m.amp,False,-0.057382,-0.22417,0.21207,0.718,-0.29277,,,-0.28592,0.022595,6,3,True,lang:en (descriptive)
medtalk,brow_outer,noise,rate,m.amp,False,-0.60593,-1.5923,0.31219,0.871,-0.43644,,,-0.50621,0.071593,8,4,True,lang:jp (descriptive)
medtalk,lid_upper,clean,span,m.amp,False,0.018596,-0.0069155,0.04508,0.0945,0.19339,0.125,0,0.20097,0.089753,60,12,True,all
medtalk,lid_upper,clean,span,m.amp,True,0.020874,-0.0046956,0.047852,0.0635,0.2236,0.15833,0,0.22424,0.089753,58,12,True,excl_fail
medtalk,lid_upper,clean,span,m.amp,False,-0.012047,-0.021929,0.0035764,0.945,-0.088462,-0.2,0,-0.13104,0.092802,25,5,True,lang:cn (descriptive)
medtalk,lid_upper,clean,span,m.amp,False,0.0075832,-0.032463,0.060264,0.318,0.10714,0.16667,0,0.12182,0.070001,15,3,True,lang:en (descriptive)
medtalk,lid_upper,clean,span,m.amp,False,0.058511,0.021601,0.1002,0,0.4812,0.5,0,0.52599,0.10305,20,4,True,lang:jp (descriptive)
medtalk,lid_upper,clean,span,m.vel_rms,False,0.0025892,-0.025565,0.026272,0.41,0.051903,0.083333,0,0.026976,0.085103,60,12,True,all
medtalk,lid_upper,clean,span,m.vel_rms,True,0.0011527,-0.027483,0.025157,0.46,0.059953,0.1,0,0.011935,0.085103,58,12,True,excl_fail
medtalk,lid_upper,clean,span,m.event_rate,False,0.064957,-0.14026,0.25724,0.257,0.071935,0.14565,0,0.10758,0.66666,60,12,False,all
medtalk,lid_upper,clean,span,m.event_rate,True,0.066735,-0.14431,0.26254,0.257,0.081413,0.14565,0,0.10905,0.66666,58,12,False,excl_fail
medtalk,lid_upper,clean,span_pyin,m.amp,False,0.0045925,-0.0090507,0.051045,0.3115,0.14165,0.066667,0,0.06768,0.089753,60,12,True,all
medtalk,lid_upper,clean,span_pyin,m.amp,True,0.0055963,-0.0081508,0.054958,0.2785,0.16614,0.15833,0,0.08252,0.089753,58,12,True,excl_fail
medtalk,lid_upper,clean,span_pyin,m.amp,False,-0.013357,-0.029606,0.01387,0.888,-0.10462,-0.2,0,-0.11936,0.092802,25,5,True,lang:cn (descriptive)
medtalk,lid_upper,clean,span_pyin,m.amp,False,-0.0070294,-0.048992,0.069542,0.769,-0.046429,-0.066667,0,-0.23987,0.070001,15,3,True,lang:en (descriptive)
medtalk,lid_upper,clean,span_pyin,m.amp,False,0.059923,0.023605,0.10157,0,0.53985,0.5,0,0.53095,0.10305,20,4,True,lang:jp (descriptive)
medtalk,lid_upper,clean,span_pyin,m.vel_rms,False,0.0022893,-0.021669,0.027288,0.352,0.052014,0.11667,0,0.032524,0.085103,60,12,True,all
medtalk,lid_upper,clean,span_pyin,m.vel_rms,True,0.0015744,-0.024969,0.025779,0.3995,0.034975,0.1,0,0.022376,0.085103,58,12,True,excl_fail
medtalk,lid_upper,clean,span_pyin,m.event_rate,False,0.10947,-0.14493,0.18268,0.173,0.077202,0.14565,0,0.24724,0.66666,60,12,False,all
medtalk,lid_upper,clean,span_pyin,m.event_rate,True,0.111,-0.14554,0.18507,0.173,0.071888,0.14565,0,0.24896,0.66666,58,12,False,excl_fail
medtalk,lid_upper,clean,dyn,m.amp,False,-0.12672,-0.21422,-0.041991,1,-0.53395,-0.5,0.16667,-0.56912,0.12891,36,12,True,all
medtalk,lid_upper,clean,dyn,m.amp,False,-0.065385,-0.27536,0.086864,0.733,-0.13571,-0.1,0.4,-0.29793,0.076929,15,5,True,lang:cn (descriptive)
medtalk,lid_upper,clean,dyn,m.amp,False,-0.16645,-0.28896,-0.034666,1,-0.73333,-0.5,0,-0.61329,0.13303,9,3,True,lang:en (descriptive)
medtalk,lid_upper,clean,dyn,m.amp,False,-0.17537,-0.20488,-0.14594,1,-0.86713,-1,0,-0.96493,0.13463,12,4,True,lang:jp (descriptive)
medtalk,lid_upper,clean,dyn,m.vel_rms,False,-0.12503,-0.19537,-0.053104,0.9995,-0.56034,-0.54167,0.16667,-0.63574,0.085364,36,12,True,all
medtalk,lid_upper,clean,dyn,m.event_rate,False,-0.42315,-0.67246,-0.17622,0.999,-0.57302,,0,-0.56609,0.5,36,12,False,all
medtalk,lid_upper,clean,combined,m.amp,False,-0.050676,-0.08516,-0.016478,0.9995,-0.49451,-0.33333,0.16667,-0.52339,0.12098,36,12,True,all
medtalk,lid_upper,clean,combined,m.amp,True,-0.047482,-0.084163,-0.010856,0.9925,-0.45163,-0.31818,0.18182,-0.49101,0.11849,35,12,True,excl_fail
medtalk,lid_upper,clean,combined,m.amp,False,-0.025874,-0.088471,0.031862,0.801,-0.20788,0,0.4,-0.28063,0.11806,15,5,True,lang:cn (descriptive)
medtalk,lid_upper,clean,combined,m.amp,False,-0.067848,-0.12817,-0.018305,1,-0.57975,-0.5,0,-0.61586,0.16608,9,3,True,lang:en (descriptive)
medtalk,lid_upper,clean,combined,m.amp,False,-0.0688,-0.1138,-0.016758,0.996,-0.73914,-0.625,0,-0.75089,0.15034,12,4,True,lang:jp (descriptive)
medtalk,lid_upper,clean,combined,m.vel_rms,False,-0.054919,-0.090979,-0.020805,1,-0.57966,-0.45833,0.083333,-0.59686,0.11471,36,12,True,all
medtalk,lid_upper,clean,combined,m.vel_rms,True,-0.053966,-0.092399,-0.017768,0.9995,-0.53984,-0.45455,0.090909,-0.57819,0.11315,35,12,True,excl_fail
medtalk,lid_upper,clean,combined,m.event_rate,False,-0.16802,-0.33284,-0.0091164,0.98,-0.42271,-0.24701,0.083333,-0.42227,0.83333,36,12,False,all
medtalk,lid_upper,clean,combined,m.event_rate,True,-0.12589,-0.29127,0.035806,0.9415,-0.35137,-0.19073,0.090909,-0.35435,0.83333,35,12,False,excl_fail
medtalk,lid_upper,clean,register,m.amp,False,-0.0043504,-0.016949,0.0085807,0.7455,-0.18224,-0.083333,0.16667,-0.14539,0.089332,36,12,True,all
medtalk,lid_upper,clean,register,m.amp,False,0.015094,0.0042795,0.02917,0,0.55714,0.7,0.4,0.52616,0.081558,15,5,True,lang:cn (descriptive)
medtalk,lid_upper,clean,register,m.amp,False,-0.012677,-0.020138,-0.0029137,1,-0.55,-0.66667,0,-0.75483,0.057639,9,3,True,lang:en (descriptive)
medtalk,lid_upper,clean,register,m.amp,False,-0.02234,-0.039055,0.0013433,0.959,-0.61538,-0.625,0,-0.58914,0.14321,12,4,True,lang:jp (descriptive)
medtalk,lid_upper,clean,register,m.vel_rms,False,-0.0011445,-0.015586,0.013526,0.5625,-0.089318,-0.083333,0.083333,-0.032668,0.11278,36,12,True,all
medtalk,lid_upper,clean,register,m.event_rate,False,0.021526,-0.029921,0.079453,0.2235,0.022976,,0,0.1712,0.41667,36,12,False,all
medtalk,lid_upper,clean,rate,m.amp,False,-0.73033,-1.1052,-0.34664,1,-0.73435,,,-0.73249,0.075795,24,12,True,all
medtalk,lid_upper,clean,rate,m.amp,False,-1.0553,-1.532,-0.59161,1,-0.87039,,,-0.8815,0.074535,10,5,True,lang:cn (descriptive)
medtalk,lid_upper,clean,rate,m.amp,False,-0.60603,-1.4944,-0.093305,1,-0.87831,,,-0.69289,0.023982,6,3,True,lang:en (descriptive)
medtalk,lid_upper,clean,rate,m.amp,False,-0.41738,-0.91062,0.28474,0.861,-0.54554,,,-0.53129,0.081194,8,4,True,lang:jp (descriptive)
medtalk,lid_upper,clean,rate,m.vel_rms,False,-0.73897,-1.0557,-0.41858,1,-0.81862,,,-0.78512,0.060429,24,12,True,all
medtalk,lid_upper,clean,rate,m.event_rate,False,-2.2508,-4.8309,0.25534,0.965,-0.44153,,,-0.45053,0.41667,24,12,False,all
medtalk,lid_upper,noise,span,m.amp,False,0.015391,-0.0093625,0.04154,0.1295,0.17849,0.14167,0,0.17173,0.074851,60,12,True,all
medtalk,lid_upper,noise,span,m.amp,True,0.018367,-0.0058111,0.043809,0.079,0.23394,0.175,0,0.20543,0.074851,58,12,True,excl_fail
medtalk,lid_upper,noise,span,m.amp,False,-0.011182,-0.029767,0.008242,0.837,-0.069231,-0.1,0,-0.11531,0.076985,25,5,True,lang:cn (descriptive)
medtalk,lid_upper,noise,span,m.amp,False,0.0042998,-0.027228,0.05558,0.318,0.010714,0.2,0,0.071763,0.055639,15,3,True,lang:en (descriptive)
medtalk,lid_upper,noise,span,m.amp,False,0.051219,0.019624,0.093928,0,0.48722,0.4,0,0.50861,0.080129,20,4,True,lang:jp (descriptive)
medtalk,lid_upper,noise,span,m.vel_rms,False,0.0047815,-0.026527,0.030365,0.355,0.053126,0.13333,0,0.050705,0.090705,60,12,True,all
medtalk,lid_upper,noise,span,m.vel_rms,True,0.0033964,-0.028886,0.029744,0.406,0.064382,0.13333,0,0.035946,0.090705,58,12,True,excl_fail
medtalk,lid_upper,noise,span,m.event_rate,False,0.14259,-0.040401,0.33142,0.071,0.24763,0.26542,0,0.23607,0.66667,60,12,False,all
medtalk,lid_upper,noise,span,m.event_rate,True,0.1465,-0.040433,0.33722,0.071,0.25542,0.26542,0,0.23928,0.66667,58,12,False,excl_fail
medtalk,lid_upper,noise,span_pyin,m.amp,False,0.0034235,-0.0092794,0.045623,0.348,0.12148,0.083333,0,0.052091,0.074851,60,12,True,all
medtalk,lid_upper,noise,span_pyin,m.amp,True,0.0048212,-0.0077254,0.049495,0.289,0.16663,0.175,0,0.074017,0.074851,58,12,True,excl_fail
medtalk,lid_upper,noise,span_pyin,m.amp,False,-0.011004,-0.035385,0.012811,0.84,-0.073077,-0.1,0,-0.093229,0.076985,25,5,True,lang:cn (descriptive)
medtalk,lid_upper,noise,span_pyin,m.amp,False,-0.00714,-0.063501,0.063709,0.865,-0.11786,-0.033333,0,-0.25313,0.055639,15,3,True,lang:en (descriptive)
medtalk,lid_upper,noise,span_pyin,m.amp,False,0.052379,0.021416,0.093239,0,0.53684,0.4,0,0.51266,0.080129,20,4,True,lang:jp (descriptive)
medtalk,lid_upper,noise,span_pyin,m.vel_rms,False,0.0035618,-0.021462,0.031859,0.311,0.057683,0.14167,0,0.051505,0.090705,60,12,True,all
medtalk,lid_upper,noise,span_pyin,m.vel_rms,True,0.0028794,-0.026098,0.031135,0.3445,0.051217,0.13333,0,0.041828,0.090705,58,12,True,excl_fail
medtalk,lid_upper,noise,span_pyin,m.event_rate,False,0.16172,-0.034027,0.22302,0.0625,0.25831,0.26542,0,0.36509,0.66667,60,12,False,all
medtalk,lid_upper,noise,span_pyin,m.event_rate,True,0.16398,-0.035859,0.22773,0.0625,0.2512,0.26542,0,0.36763,0.66667,58,12,False,excl_fail
medtalk,lid_upper,noise,dyn,m.amp,False,-0.13694,-0.23034,-0.046808,1,-0.54863,-0.54167,0.16667,-0.58387,0.12461,36,12,True,all
medtalk,lid_upper,noise,dyn,m.amp,False,-0.082481,-0.30602,0.07674,0.797,-0.11786,-0.2,0.4,-0.34274,0.064681,15,5,True,lang:cn (descriptive)
medtalk,lid_upper,noise,dyn,m.amp,False,-0.19333,-0.29386,-0.091335,1,-0.76667,-0.5,0,-0.67627,0.13355,9,3,True,lang:en (descriptive)
medtalk,lid_upper,noise,dyn,m.amp,False,-0.16404,-0.19118,-0.13165,1,-0.86014,-1,0,-0.93327,0.12931,12,4,True,lang:jp (descriptive)
medtalk,lid_upper,noise,dyn,m.vel_rms,False,-0.12232,-0.19204,-0.051341,1,-0.54064,-0.58333,0.16667,-0.62828,0.092714,36,12,True,all
medtalk,lid_upper,noise,dyn,m.event_rate,False,-0.36377,-0.5582,-0.16874,1,-0.5865,-0.60622,0,-0.5818,0.41667,36,12,False,all
medtalk,lid_upper,noise,combined,m.amp,False,-0.052869,-0.084878,-0.020703,1,-0.53708,-0.375,0.083333,-0.55438,0.124,36,12,True,all
medtalk,lid_upper,noise,combined,m.amp,True,-0.049009,-0.083619,-0.015056,0.9975,-0.48515,-0.36364,0.090909,-0.51999,0.11432,35,12,True,excl_fail
medtalk,lid_upper,noise,combined,m.amp,False,-0.028123,-0.084399,0.025395,0.841,-0.24568,-0.1,0.2,-0.33082,0.10917,15,5,True,lang:cn (descriptive)
medtalk,lid_upper,noise,combined,m.amp,False,-0.070948,-0.12573,-0.02216,1,-0.57975,-0.5,0,-0.62821,0.18322,9,3,True,lang:en (descriptive)
medtalk,lid_upper,noise,combined,m.amp,False,-0.070242,-0.11538,-0.019912,0.996,-0.73914,-0.625,0,-0.75373,0.15851,12,4,True,lang:jp (descriptive)
medtalk,lid_upper,noise,combined,m.vel_rms,False,-0.057621,-0.096256,-0.019951,0.999,-0.57638,-0.54167,0.083333,-0.59322,0.11453,36,12,True,all
medtalk,lid_upper,noise,combined,m.vel_rms,True,-0.056852,-0.098124,-0.01674,0.998,-0.52926,-0.54545,0.090909,-0.57591,0.10803,35,12,True,excl_fail
medtalk,lid_upper,noise,combined,m.event_rate,False,-0.1677,-0.33078,-0.010492,0.982,-0.41618,-0.186,0,-0.42268,0.83333,36,12,False,all
medtalk,lid_upper,noise,combined,m.event_rate,True,-0.12555,-0.28849,0.033566,0.9435,-0.3372,-0.12418,0,-0.35475,0.83333,35,12,False,excl_fail
medtalk,lid_upper,noise,register,m.amp,False,-0.0041485,-0.016396,0.008604,0.735,-0.13308,-0.25,0.16667,-0.14142,0.088401,36,12,True,all
medtalk,lid_upper,noise,register,m.amp,False,0.016314,0.0043878,0.028697,0.003,0.58571,0.5,0.4,0.54707,0.092058,15,5,True,lang:cn (descriptive)
medtalk,lid_upper,noise,register,m.amp,False,-0.015636,-0.021958,-0.0091938,1,-0.76667,-1,0,-0.90227,0.060508,9,3,True,lang:en (descriptive)
medtalk,lid_upper,noise,register,m.amp,False,-0.021068,-0.039091,-0.00013022,0.978,-0.65734,-0.625,0,-0.59876,0.12766,12,4,True,lang:jp (descriptive)
medtalk,lid_upper,noise,register,m.vel_rms,False,-0.00037684,-0.014891,0.014438,0.526,-0.075418,-0.041667,0.16667,-0.010891,0.10552,36,12,True,all
medtalk,lid_upper,noise,register,m.event_rate,False,0.021524,-0.029923,0.079452,0.2235,0.020398,,0,0.16983,0.41667,36,12,False,all
medtalk,lid_upper,noise,rate,m.amp,False,-0.68475,-0.96871,-0.36923,1,-0.78251,,,-0.7825,0.072468,24,12,True,all
medtalk,lid_upper,noise,rate,m.amp,False,-0.92319,-1.233,-0.62101,1,-0.87039,,,-0.93167,0.080588,10,5,True,lang:cn (descriptive)
medtalk,lid_upper,noise,rate,m.amp,False,-0.71481,-1.3925,-0.21151,1,-0.87831,,,-0.82068,0.055346,6,3,True,lang:en (descriptive)
medtalk,lid_upper,noise,rate,m.amp,False,-0.36416,-0.92027,0.19196,0.857,-0.54554,,,-0.5145,0.074767,8,4,True,lang:jp (descriptive)
medtalk,lid_upper,noise,rate,m.vel_rms,False,-0.69561,-1.0041,-0.37468,1,-0.81862,,,-0.77237,0.056602,24,12,True,all
medtalk,lid_upper,noise,rate,m.event_rate,False,-2.2695,-4.7206,0.19717,0.9615,-0.50345,,,-0.45812,0.33333,24,12,False,all
medtalk,jaw,clean,span,m.amp,False,0.0024805,-0.031078,0.034476,0.441,0.086357,0.075,0,0.027653,0.079317,60,12,True,all
medtalk,jaw,clean,span,m.amp,True,0.00037404,-0.032773,0.031526,0.489,0.053554,0.041667,0,0.0042164,0.079317,58,12,True,excl_fail
medtalk,jaw,clean,span,m.amp,False,-0.013608,-0.054367,0.036397,0.67,-0.14308,-0.1,0,-0.16136,0.074262,25,5,True,lang:cn (descriptive)
medtalk,jaw,clean,span,m.amp,False,0.0065136,-0.11853,0.1006,0.394,0.14643,0.066667,0,0.051711,0.13998,15,3,True,lang:en (descriptive)
medtalk,jaw,clean,span,m.amp,False,0.015687,-0.0078989,0.029528,0.05,0.36842,0.3,0,0.29527,0.04954,20,4,True,lang:jp (descriptive)
medtalk,jaw,clean,span,m.vel_rms,False,0.00096841,-0.025391,0.028941,0.4655,0.030731,0.05,0,0.013141,0.061109,60,12,True,all
medtalk,jaw,clean,span,m.vel_rms,True,-0.00015234,-0.027077,0.02854,0.5025,0.027531,0.041667,0,-0.0020563,0.061109,58,12,True,excl_fail
medtalk,jaw,clean,span,m.event_rate,False,-0.035635,-0.13548,0.035562,0.782,0.0097191,-0.004192,0,-0.12478,0.050001,60,12,False,all
medtalk,jaw,clean,span,m.event_rate,True,-0.036611,-0.13975,0.036857,0.782,0.0080052,-0.004192,0,-0.12648,0.050001,58,12,False,excl_fail
medtalk,jaw,clean,span_pyin,m.amp,False,-0.011012,-0.021819,0.026662,0.742,0.055293,0.05,0,-0.1674,0.079317,60,12,True,all
medtalk,jaw,clean,span_pyin,m.amp,True,-0.012221,-0.022611,0.023601,0.7665,0.032391,0.041667,0,-0.18909,0.079317,58,12,True,excl_fail
medtalk,jaw,clean,span_pyin,m.amp,False,-0.023111,-0.064553,0.041168,0.804,-0.21231,-0.1,0,-0.22514,0.074262,25,5,True,lang:cn (descriptive)
medtalk,jaw,clean,span_pyin,m.amp,False,-0.016247,-0.022021,0.097543,0.723,-0.042857,-0.033333,0,-0.274,0.13998,15,3,True,lang:en (descriptive)
medtalk,jaw,clean,span_pyin,m.amp,False,0.016757,-0.0068825,0.03009,0.05,0.36992,0.3,0,0.31088,0.04954,20,4,True,lang:jp (descriptive)
medtalk,jaw,clean,span_pyin,m.vel_rms,False,-0.0071617,-0.017025,0.030975,0.69,0.026619,0.041667,0,-0.13253,0.061109,60,12,True,all
medtalk,jaw,clean,span_pyin,m.vel_rms,True,-0.0078254,-0.017736,0.030539,0.705,0.018979,0.041667,0,-0.14499,0.061109,58,12,True,excl_fail
medtalk,jaw,clean,span_pyin,m.event_rate,False,-0.016132,-0.13632,0.034278,0.7385,0.012156,-0.004192,0,-0.077028,0.050001,60,12,False,all
medtalk,jaw,clean,span_pyin,m.event_rate,True,-0.016357,-0.14488,0.036011,0.7385,0.0056526,-0.004192,0,-0.077564,0.050001,58,12,False,excl_fail
medtalk,jaw,clean,dyn,m.amp,False,-0.0079467,-0.067169,0.040863,0.5825,0.076463,0.16667,0.33333,-0.075556,0.050297,36,12,True,all
medtalk,jaw,clean,dyn,m.amp,False,-0.019921,-0.12993,0.051789,0.659,0.125,0.4,0.4,-0.17252,0.030025,15,5,True,lang:cn (descriptive)
medtalk,jaw,clean,dyn,m.amp,False,0.07576,0.046511,0.10384,0,0.83333,0.83333,0.66667,0.89663,0.053577,9,3,True,lang:en (descriptive)
medtalk,jaw,clean,dyn,m.amp,False,-0.056318,-0.099948,-0.023516,1,-0.46853,-0.625,0,-0.53386,0.069072,12,4,True,lang:jp (descriptive)
medtalk,jaw,clean,dyn,m.vel_rms,False,0.0053923,-0.047941,0.058039,0.42,0.039261,0,0.33333,0.052848,0.06374,36,12,True,all
medtalk,jaw,clean,dyn,m.event_rate,False,0.14618,-0.057707,0.44689,0.131,0.050934,0.14286,0.14286,0.25502,0.1,36,12,False,all
medtalk,jaw,clean,combined,m.amp,False,0.019703,-0.00094066,0.038072,0.0265,0.43556,0.375,0.41667,0.4074,0.069445,36,12,True,all
medtalk,jaw,clean,combined,m.amp,True,0.020145,-0.0010338,0.041648,0.028,0.43575,0.36364,0.45455,0.40425,0.069445,35,12,True,excl_fail
medtalk,jaw,clean,combined,m.amp,False,0.0042538,-0.028742,0.030592,0.351,0.20788,0.2,0.4,0.11385,0.064535,15,5,True,lang:cn (descriptive)
medtalk,jaw,clean,combined,m.amp,False,0.053646,0.026571,0.081356,0,0.73786,0.83333,0.66667,0.74417,0.15633,9,3,True,lang:en (descriptive)
medtalk,jaw,clean,combined,m.amp,False,0.013556,-0.0067485,0.034939,0.123,0.44348,0.25,0.25,0.36573,0.066913,12,4,True,lang:jp (descriptive)
medtalk,jaw,clean,combined,m.vel_rms,False,0.0092807,-0.012532,0.031959,0.1985,0.16047,0.041667,0.25,0.20205,0.071859,36,12,True,all
medtalk,jaw,clean,combined,m.vel_rms,True,0.011637,-0.011252,0.034802,0.151,0.2117,0.090909,0.27273,0.24782,0.070187,35,12,True,excl_fail
medtalk,jaw,clean,combined,m.event_rate,False,-0.0063529,-0.089646,0.081059,0.562,-0.078242,,0,-0.0365,0.049999,36,12,False,all
medtalk,jaw,clean,combined,m.event_rate,True,0.01989,-0.049383,0.096491,0.3215,0.020633,,0,0.13519,0,35,12,False,excl_fail
medtalk,jaw,clean,register,m.amp,False,-0.013591,-0.020002,-0.0071648,1,-0.47748,-0.45833,0.083333,-0.61072,0.074152,36,12,True,all
medtalk,jaw,clean,register,m.amp,False,-0.0076923,-0.0179,0.0014954,0.94,-0.36071,-0.3,0.2,-0.4946,0.042852,15,5,True,lang:cn (descriptive)
medtalk,jaw,clean,register,m.amp,False,-0.025481,-0.03307,-0.020947,1,-0.66667,-0.83333,0,-0.75125,0.12253,9,3,True,lang:en (descriptive)
medtalk,jaw,clean,register,m.amp,False,-0.012138,-0.018864,-0.0030328,0.996,-0.41259,-0.375,0,-0.67205,0.074152,12,4,True,lang:jp (descriptive)
medtalk,jaw,clean,register,m.vel_rms,False,-0.016374,-0.025904,-0.0068523,1,-0.42934,-0.45833,0.083333,-0.57194,0.092207,36,12,True,all
medtalk,jaw,clean,register,m.event_rate,False,-0.009393,-0.047408,0.029779,0.6765,-0.19586,,0,-0.098234,0,36,12,False,all
medtalk,jaw,clean,rate,m.amp,False,-0.004229,-0.20115,0.16904,0.5095,0.10835,,,-0.012433,0.026261,24,12,True,all
medtalk,jaw,clean,rate,m.amp,False,0.0063539,-0.18125,0.16358,0.446,0.17408,,,0.030162,0.014352,10,5,True,lang:cn (descriptive)
medtalk,jaw,clean,rate,m.amp,False,-0.096873,-0.81654,0.43437,0.573,-0.09759,,,-0.18053,0.046829,6,3,True,lang:en (descriptive)
medtalk,jaw,clean,rate,m.amp,False,0.052025,-0.20266,0.29361,0.357,0,,,0.18915,0.031425,8,4,True,lang:jp (descriptive)
medtalk,jaw,clean,rate,m.vel_rms,False,0.062262,-0.14246,0.25695,0.2795,0.24077,,,0.16843,0.024186,24,12,True,all
medtalk,jaw,clean,rate,m.event_rate,False,1.5981,-0.027116,3.9456,0.0435,0.32992,,,0.39587,0,24,12,False,all
medtalk,jaw,noise,span,m.amp,False,0.00071243,-0.039412,0.032649,0.4675,0.084134,0.025,0,0.0075845,0.075185,60,12,True,all
medtalk,jaw,noise,span,m.amp,True,0.00014567,-0.039663,0.033238,0.478,0.068689,0.016667,0,0.0016222,0.075185,58,12,True,excl_fail
medtalk,jaw,noise,span,m.amp,False,-0.012239,-0.049439,0.036196,0.725,-0.19692,-0.16,0,-0.1534,0.071213,25,5,True,lang:cn (descriptive)
medtalk,jaw,noise,span,m.amp,False,-0.0066978,-0.1625,0.074678,0.611,0.05,-0.033333,0,-0.04771,0.13733,15,3,True,lang:en (descriptive)
medtalk,jaw,noise,span,m.amp,False,0.019758,-0.0075865,0.03646,0.05,0.40602,0.3,0,0.37798,0.047413,20,4,True,lang:jp (descriptive)
medtalk,jaw,noise,span,m.vel_rms,False,-0.0033116,-0.034329,0.027266,0.572,-0.0024451,0.016667,0,-0.039111,0.074989,60,12,True,all
medtalk,jaw,noise,span,m.vel_rms,True,-0.0039673,-0.035364,0.027533,0.5855,-0.012704,0.05,0.083333,-0.047259,0.072093,58,12,True,excl_fail
medtalk,jaw,noise,span,m.event_rate,False,0.027853,-0.028914,0.12016,0.245,0.022922,,0,0.083378,0,60,12,False,all
medtalk,jaw,noise,span,m.event_rate,True,0.028616,-0.029756,0.12433,0.245,0.026311,,0,0.084512,0,58,12,False,excl_fail
medtalk,jaw,noise,span_pyin,m.amp,False,-0.018,-0.031262,0.027445,0.719,0.023562,-0.016667,0,-0.2613,0.075185,60,12,True,all
medtalk,jaw,noise,span_pyin,m.amp,True,-0.018399,-0.031562,0.028441,0.7235,0.018303,0.016667,0,-0.28124,0.075185,58,12,True,excl_fail
medtalk,jaw,noise,span_pyin,m.amp,False,-0.02311,-0.05361,0.030438,0.825,-0.29615,-0.16,0,-0.23798,0.071213,25,5,True,lang:cn (descriptive)
medtalk,jaw,noise,span_pyin,m.amp,False,-0.027563,-0.035075,0.061607,0.723,-0.11429,-0.2,0,-0.41708,0.13733,15,3,True,lang:en (descriptive)
medtalk,jaw,noise,span_pyin,m.amp,False,0.020695,-0.0064782,0.036716,0.05,0.40902,0.3,0,0.3902,0.047413,20,4,True,lang:jp (descriptive)
medtalk,jaw,noise,span_pyin,m.vel_rms,False,-0.012955,-0.023754,0.028248,0.742,-0.0083356,-9.2519e-18,0,-0.20864,0.074989,60,12,True,all
medtalk,jaw,noise,span_pyin,m.vel_rms,True,-0.013342,-0.024021,0.028798,0.7485,-0.01738,0.05,0.083333,-0.21815,0.072093,58,12,True,excl_fail
medtalk,jaw,noise,span_pyin,m.event_rate,False,0.011238,-0.027375,0.11781,0.288,0.0068083,,0,0.045872,0,60,12,False,all
medtalk,jaw,noise,span_pyin,m.event_rate,True,0.011395,-0.028492,0.12221,0.288,0.014022,,0,0.046191,0,58,12,False,excl_fail
medtalk,jaw,noise,dyn,m.amp,False,-0.010414,-0.065929,0.037832,0.6265,-0.086503,0.083333,0.25,-0.09401,0.052207,36,12,True,all
medtalk,jaw,noise,dyn,m.amp,False,-0.035335,-0.13687,0.044814,0.79,-0.31429,0,0.2,-0.31213,0.044535,15,5,True,lang:cn (descriptive)
medtalk,jaw,noise,dyn,m.amp,False,0.075362,0.036123,0.13585,0,0.76667,0.83333,0.66667,0.75425,0.066067,9,3,True,lang:en (descriptive)
medtalk,jaw,noise,dyn,m.amp,False,-0.043701,-0.091755,-0.0047074,0.996,-0.37762,-0.375,0,-0.3787,0.071011,12,4,True,lang:jp (descriptive)
medtalk,jaw,noise,dyn,m.vel_rms,False,-0.00050904,-0.046056,0.047175,0.5175,-0.049688,-0.125,0.25,-0.0053772,0.056751,36,12,True,all
medtalk,jaw,noise,dyn,m.event_rate,False,0.16072,-0.17455,0.51711,0.191,0.12469,,0.125,0.23341,0.15556,36,12,False,all
medtalk,jaw,noise,combined,m.amp,False,0.018587,-0.0050647,0.039502,0.0575,0.40281,0.33333,0.33333,0.37606,0.080201,36,12,True,all
medtalk,jaw,noise,combined,m.amp,True,0.018098,-0.0062383,0.041197,0.0705,0.38106,0.31818,0.36364,0.35763,0.080201,35,12,True,excl_fail
medtalk,jaw,noise,combined,m.amp,False,0.0074582,-0.038907,0.042662,0.343,0.32127,0.4,0.4,0.15124,0.078402,15,5,True,lang:cn (descriptive)
medtalk,jaw,noise,combined,m.amp,False,0.042943,-0.0029973,0.08335,0.038,0.63246,0.33333,0.33333,0.69111,0.10967,9,3,True,lang:en (descriptive)
medtalk,jaw,noise,combined,m.amp,False,0.014231,-0.0027807,0.03221,0.062,0.41392,0.25,0.25,0.38126,0.073866,12,4,True,lang:jp (descriptive)
medtalk,jaw,noise,combined,m.vel_rms,False,0.0076831,-0.012701,0.029682,0.235,0.1441,0.16667,0.33333,0.17141,0.064988,36,12,True,all
medtalk,jaw,noise,combined,m.vel_rms,True,0.010591,-0.010739,0.033122,0.1675,0.20817,0.22727,0.36364,0.23351,0.05933,35,12,True,excl_fail
medtalk,jaw,noise,combined,m.event_rate,False,-0.0034529,-0.10943,0.099364,0.5345,-0.058439,,0,-0.015736,0.12698,36,12,False,all
medtalk,jaw,noise,combined,m.event_rate,True,0.022984,-0.073995,0.12283,0.3315,0.029194,,0,0.11394,0.055554,35,12,False,excl_fail
medtalk,jaw,noise,register,m.amp,False,-0.015375,-0.021497,-0.0098709,1,-0.56293,-0.66667,0,-0.5735,0.068945,36,12,True,all
medtalk,jaw,noise,register,m.amp,False,-0.0084481,-0.015112,-0.0029287,1,-0.47143,-0.5,0,-0.53424,0.049625,15,5,True,lang:cn (descriptive)
medtalk,jaw,noise,register,m.amp,False,-0.02947,-0.031574,-0.026225,1,-0.61667,-0.66667,0,-0.64467,0.11989,9,3,True,lang:en (descriptive)
medtalk,jaw,noise,register,m.amp,False,-0.013571,-0.019898,-0.0080393,1,-0.61538,-0.875,0,-0.79871,0.054833,12,4,True,lang:jp (descriptive)
medtalk,jaw,noise,register,m.vel_rms,False,-0.019238,-0.027751,-0.010528,1,-0.47465,-0.66667,0.083333,-0.59922,0.093804,36,12,True,all
medtalk,jaw,noise,register,m.event_rate,False,-0.060581,-0.10153,-0.021939,1,-0.52493,,0,-0.49957,0.11806,36,12,False,all
medtalk,jaw,noise,rate,m.amp,False,-0.065378,-0.31472,0.17248,0.6985,-0.096309,,,-0.14192,0.037669,24,12,True,all
medtalk,jaw,noise,rate,m.amp,False,-0.055629,-0.41588,0.23813,0.626,-0.17408,,,-0.15147,0.0085633,10,5,True,lang:cn (descriptive)
medtalk,jaw,noise,rate,m.amp,False,-0.16623,-0.9055,0.51643,0.606,-0.29277,,,-0.27469,0.055919,6,3,True,lang:en (descriptive)
medtalk,jaw,noise,rate,m.amp,False,-0.0019253,-0.45974,0.35095,0.502,0.10911,,,-0.0043781,0.037669,8,4,True,lang:jp (descriptive)
medtalk,jaw,noise,rate,m.vel_rms,False,0.11021,-0.11728,0.33196,0.177,0.18058,,,0.25694,0.033017,24,12,True,all
medtalk,jaw,noise,rate,m.event_rate,False,0.4847,-1.0013,1.9766,0.254,0.27254,,,0.17888,0,24,12,False,all
medtalk,brow_inner_net,clean,span,m.amp,False,-0.019718,-0.083036,0.043169,0.7255,-0.15604,-0.175,0.16667,-0.15145,0.099689,60,12,True,all
medtalk,brow_inner_net,clean,span,m.amp,True,-0.018257,-0.083293,0.047796,0.703,-0.12984,-0.15833,0.16667,-0.13961,0.095734,58,12,True,excl_fail
medtalk,brow_inner_net,clean,span,m.amp,False,-0.064349,-0.094213,-0.038092,1,-0.71692,-0.72,0,-0.6829,0.075163,25,5,True,lang:cn (descriptive)
medtalk,brow_inner_net,clean,span,m.amp,False,-0.0003327,-0.091233,0.044529,0.611,0,0.066667,0,-0.0036606,0.095764,15,3,True,lang:en (descriptive)
medtalk,brow_inner_net,clean,span,m.amp,False,0.010445,-0.15801,0.16916,0.391,0.13534,0.325,0.5,0.058356,0.16594,20,4,True,lang:jp (descriptive)
medtalk,brow_inner_net,clean,span_pyin,m.amp,False,-0.017094,-0.080103,0.042517,0.8065,-0.15866,-0.225,0.16667,-0.17904,0.099689,60,12,True,all
medtalk,brow_inner_net,clean,span_pyin,m.amp,True,-0.016229,-0.080165,0.04702,0.788,-0.13679,-0.15833,0.16667,-0.17034,0.095734,58,12,True,excl_fail
medtalk,brow_inner_net,clean,span_pyin,m.amp,False,-0.07983,-0.10566,-0.053819,1,-0.67308,-0.72,0,-0.69605,0.075163,25,5,True,lang:cn (descriptive)
medtalk,brow_inner_net,clean,span_pyin,m.amp,False,-0.012474,-0.025186,0.051845,0.769,-0.20357,-0.13333,0,-0.29155,0.095764,15,3,True,lang:en (descriptive)
medtalk,brow_inner_net,clean,span_pyin,m.amp,False,0.010371,-0.15724,0.17146,0.391,0.17895,0.325,0.5,0.057109,0.16594,20,4,True,lang:jp (descriptive)
medtalk,brow_inner_net,clean,dyn,m.amp,False,0.084537,-0.0091649,0.17531,0.0405,0.42299,0.58333,0.58333,0.40069,0.078354,36,12,True,all
medtalk,brow_inner_net,clean,dyn,m.amp,False,0.15087,0.077412,0.22109,0,0.83929,1,1,0.76395,0.091061,15,5,True,lang:cn (descriptive)
medtalk,brow_inner_net,clean,dyn,m.amp,False,-0.0016766,-0.064211,0.054082,0.611,-0.016667,0.33333,0.33333,-0.028579,0.043174,9,3,True,lang:en (descriptive)
medtalk,brow_inner_net,clean,dyn,m.amp,False,0.064855,-0.19549,0.29996,0.393,0.2028,0.25,0.25,0.22525,0.18149,12,4,True,lang:jp (descriptive)
medtalk,brow_inner_net,clean,combined,m.amp,False,0.026645,-0.0016543,0.055176,0.0355,0.40609,0.29167,0.33333,0.38581,0.099561,36,12,True,all
medtalk,brow_inner_net,clean,combined,m.amp,True,0.030895,0.00027773,0.061574,0.0235,0.46222,0.36364,0.36364,0.43709,0.098383,35,12,True,excl_fail
medtalk,brow_inner_net,clean,combined,m.amp,False,0.033992,0.0075543,0.061007,0.005,0.58584,0.5,0.4,0.59622,0.10464,15,5,True,lang:cn (descriptive)
medtalk,brow_inner_net,clean,combined,m.amp,False,0.011126,-0.034447,0.073845,0.318,0.10541,-0.16667,0.33333,0.19506,0.094481,9,3,True,lang:en (descriptive)
medtalk,brow_inner_net,clean,combined,m.amp,False,0.029102,-0.042594,0.092567,0.21,0.23652,0.375,0.25,0.32938,0.12026,12,4,True,lang:jp (descriptive)
medtalk,brow_inner_net,clean,register,m.amp,False,-0.014225,-0.026188,-0.0016016,0.987,-0.38121,-0.375,0.083333,-0.40353,0.12143,36,12,True,all
medtalk,brow_inner_net,clean,register,m.amp,False,-0.0076448,-0.013136,-0.00065936,0.99,-0.17143,-0.4,0,-0.24811,0.062296,15,5,True,lang:cn (descriptive)
medtalk,brow_inner_net,clean,register,m.amp,False,-0.022065,-0.043786,0.0057942,0.967,-0.73333,-0.5,0,-0.66916,0.10494,9,3,True,lang:en (descriptive)
medtalk,brow_inner_net,clean,register,m.amp,False,-0.016607,-0.04182,0.016182,0.838,-0.44755,-0.25,0.25,-0.40027,0.15426,12,4,True,lang:jp (descriptive)
medtalk,brow_inner_net,clean,rate,m.amp,False,-0.14188,-0.64455,0.47364,0.6905,-0.27689,,,-0.1381,0.06862,24,12,True,all
medtalk,brow_inner_net,clean,rate,m.amp,False,0.31985,-0.65412,1.5121,0.32,0.10445,,,0.24331,0.090296,10,5,True,lang:cn (descriptive)
medtalk,brow_inner_net,clean,rate,m.amp,False,-0.29504,-0.87387,0.64554,0.753,-0.68313,,,-0.40253,0.07038,6,3,True,lang:en (descriptive)
medtalk,brow_inner_net,clean,rate,m.amp,False,-0.60418,-1.1545,-0.27804,1,-0.87287,,,-0.77781,0.036306,8,4,True,lang:jp (descriptive)
medtalk,brow_inner_net,noise,span,m.amp,False,-0.012644,-0.076349,0.051197,0.6515,-0.089414,-0.083333,0.083333,-0.095681,0.10417,60,12,True,all
medtalk,brow_inner_net,noise,span,m.amp,True,-0.010753,-0.076331,0.056737,0.6215,-0.057246,-0.066667,0.083333,-0.080969,0.098382,58,12,True,excl_fail
medtalk,brow_inner_net,noise,span,m.amp,False,-0.042808,-0.072418,-0.013697,1,-0.53,-0.48,0,-0.51366,0.074911,25,5,True,lang:cn (descriptive)
medtalk,brow_inner_net,noise,span,m.amp,False,-0.0046174,-0.1214,0.063809,0.611,-0.021429,0.066667,0,-0.044471,0.1085,15,3,True,lang:en (descriptive)
medtalk,brow_inner_net,noise,span,m.amp,False,0.011749,-0.15741,0.17687,0.391,0.15188,0.3,0.25,0.064238,0.17284,20,4,True,lang:jp (descriptive)
medtalk,brow_inner_net,noise,span_pyin,m.amp,False,-0.017479,-0.069329,0.054658,0.775,-0.090747,-0.13333,0.083333,-0.18037,0.10417,60,12,True,all
medtalk,brow_inner_net,noise,span_pyin,m.amp,True,-0.016506,-0.068547,0.060705,0.76,-0.068258,-0.066667,0.083333,-0.1706,0.098382,58,12,True,excl_fail
medtalk,brow_inner_net,noise,span_pyin,m.amp,False,-0.053695,-0.087999,-0.013372,1,-0.47231,-0.48,0,-0.52935,0.074911,25,5,True,lang:cn (descriptive)
medtalk,brow_inner_net,noise,span_pyin,m.amp,False,-0.018572,-0.039311,0.074101,0.769,-0.21429,-0.13333,0,-0.37996,0.1085,15,3,True,lang:en (descriptive)
medtalk,brow_inner_net,noise,span_pyin,m.amp,False,0.012167,-0.15616,0.17895,0.391,0.19549,0.3,0.25,0.065569,0.17284,20,4,True,lang:jp (descriptive)
medtalk,brow_inner_net,noise,dyn,m.amp,False,0.07253,-0.016447,0.16421,0.0575,0.3343,0.29167,0.5,0.35255,0.065903,36,12,True,all
medtalk,brow_inner_net,noise,dyn,m.amp,False,0.13331,0.032767,0.22795,0.008,0.775,0.6,0.8,0.66469,0.073644,15,5,True,lang:cn (descriptive)
medtalk,brow_inner_net,noise,dyn,m.amp,False,-0.01097,-0.032856,0.035775,0.746,-0.65,-0.33333,0.33333,-0.33067,0.025529,9,3,True,lang:en (descriptive)
medtalk,brow_inner_net,noise,dyn,m.amp,False,0.057936,-0.18391,0.28448,0.393,0.1958,0.375,0.25,0.20955,0.16459,12,4,True,lang:jp (descriptive)
medtalk,brow_inner_net,noise,combined,m.amp,False,0.025533,-0.002327,0.053959,0.04,0.40281,0.29167,0.33333,0.38342,0.096919,36,12,True,all
medtalk,brow_inner_net,noise,combined,m.amp,True,0.028864,-0.0013656,0.059871,0.032,0.43928,0.27273,0.36364,0.42145,0.096919,35,12,True,excl_fail
medtalk,brow_inner_net,noise,combined,m.amp,False,0.030115,-1.4085e-05,0.062821,0.026,0.51025,0.3,0.4,0.55207,0.078147,15,5,True,lang:cn (descriptive)
medtalk,brow_inner_net,noise,combined,m.amp,False,0.012703,-0.036803,0.06585,0.394,0.36893,0.16667,0.33333,0.223,0.10375,9,3,True,lang:en (descriptive)
medtalk,brow_inner_net,noise,combined,m.amp,False,0.029427,-0.038901,0.090554,0.159,0.23652,0.375,0.25,0.34801,0.11743,12,4,True,lang:jp (descriptive)
medtalk,brow_inner_net,noise,register,m.amp,False,-0.015105,-0.027615,-0.0021626,0.9895,-0.4242,-0.33333,0.16667,-0.42849,0.12172,36,12,True,all
medtalk,brow_inner_net,noise,register,m.amp,False,-0.010294,-0.021807,0.0016841,0.96,-0.28929,-0.4,0,-0.32023,0.089547,15,5,True,lang:cn (descriptive)
medtalk,brow_inner_net,noise,register,m.amp,False,-0.02412,-0.051168,0.0061662,0.967,-0.7,-0.33333,0.33333,-0.68023,0.10168,9,3,True,lang:en (descriptive)
medtalk,brow_inner_net,noise,register,m.amp,False,-0.014425,-0.036705,0.017561,0.813,-0.44056,-0.25,0.25,-0.37345,0.14586,12,4,True,lang:jp (descriptive)
medtalk,brow_inner_net,noise,rate,m.amp,False,-0.19628,-0.69815,0.41375,0.7455,-0.30096,,,-0.19059,0.062809,24,12,True,all
medtalk,brow_inner_net,noise,rate,m.amp,False,0.20726,-0.78697,1.413,0.395,0.10445,,,0.15639,0.0638,10,5,True,lang:cn (descriptive)
medtalk,brow_inner_net,noise,rate,m.amp,False,-0.31203,-0.77956,0.5693,0.753,-0.68313,,,-0.44749,0.073622,6,3,True,lang:en (descriptive)
medtalk,brow_inner_net,noise,rate,m.amp,False,-0.61388,-1.1843,-0.2958,1,-0.87287,,,-0.77854,0.037372,8,4,True,lang:jp (descriptive)
medtalk,brow_outer_net,clean,span,m.amp,False,0.025261,-0.030734,0.073744,0.164,0.19355,0.28333,0.083333,0.21354,0.1031,60,12,True,all
medtalk,brow_outer_net,clean,span,m.amp,True,0.024513,-0.032736,0.074236,0.176,0.18884,0.3,0.16667,0.205,0.1031,58,12,True,excl_fail
medtalk,brow_outer_net,clean,span,m.amp,False,-0.042509,-0.11324,0.049795,0.821,-0.31385,-0.06,0.2,-0.37066,0.10293,25,5,True,lang:cn (descriptive)
medtalk,brow_outer_net,clean,span,m.amp,False,0.021271,-0.065181,0.061602,0.282,0.125,0.23333,0,0.24161,0.10328,15,3,True,lang:en (descriptive)
medtalk,brow_outer_net,clean,span,m.amp,False,0.097453,0.064248,0.14427,0,0.7218,0.75,0,0.69292,0.11077,20,4,True,lang:jp (descriptive)
medtalk,brow_outer_net,clean,span_pyin,m.amp,False,0.012618,-0.012542,0.082677,0.165,0.24512,0.275,0.083333,0.14545,0.1031,60,12,True,all
medtalk,brow_outer_net,clean,span_pyin,m.amp,True,0.012054,-0.013134,0.084024,0.176,0.23141,0.3,0.16667,0.13837,0.1031,58,12,True,excl_fail
medtalk,brow_outer_net,clean,span_pyin,m.amp,False,-0.042925,-0.1333,0.056793,0.824,-0.27231,-0.06,0.2,-0.30751,0.10293,25,5,True,lang:cn (descriptive)
medtalk,brow_outer_net,clean,span_pyin,m.amp,False,-3.1568e-05,-0.0074581,0.083445,0.611,0.11071,0.2,0,-0.00076169,0.10328,15,3,True,lang:en (descriptive)
medtalk,brow_outer_net,clean,span_pyin,m.amp,False,0.09833,0.062885,0.14518,0,0.74286,0.75,0,0.6891,0.11077,20,4,True,lang:jp (descriptive)
medtalk,brow_outer_net,clean,dyn,m.amp,False,0.032755,-0.036845,0.096672,0.174,0.32658,0.375,0.41667,0.22747,0.086233,36,12,True,all
medtalk,brow_outer_net,clean,dyn,m.amp,False,0.074894,0.024488,0.10418,0.002,0.81429,0.5,0.4,0.74303,0.080896,15,5,True,lang:cn (descriptive)
medtalk,brow_outer_net,clean,dyn,m.amp,False,0.04585,-0.11395,0.14391,0.282,0.3,0.5,0.66667,0.31871,0.1029,9,3,True,lang:en (descriptive)
medtalk,brow_outer_net,clean,dyn,m.amp,False,-0.031457,-0.19352,0.1138,0.633,-0.06993,0.125,0.25,-0.16967,0.089962,12,4,True,lang:jp (descriptive)
medtalk,brow_outer_net,clean,combined,m.amp,False,0.030636,0.00091461,0.05841,0.0215,0.37661,0.20833,0.33333,0.44168,0.11303,36,12,True,all
medtalk,brow_outer_net,clean,combined,m.amp,True,0.028309,-0.0024832,0.057879,0.0345,0.34578,0.13636,0.27273,0.40668,0.083267,35,12,True,excl_fail
medtalk,brow_outer_net,clean,combined,m.amp,False,0.022331,-0.0040572,0.059238,0.088,0.32127,0.1,0.2,0.43874,0.07019,15,5,True,lang:cn (descriptive)
medtalk,brow_outer_net,clean,combined,m.amp,False,0.056675,-0.019722,0.12035,0.038,0.57975,0.33333,0.66667,0.68215,0.13732,9,3,True,lang:en (descriptive)
medtalk,brow_outer_net,clean,combined,m.amp,False,0.021487,-0.038128,0.066393,0.244,0.23652,0.25,0.25,0.27699,0.13998,12,4,True,lang:jp (descriptive)
medtalk,brow_outer_net,clean,register,m.amp,False,-0.024886,-0.034939,-0.014887,1,-0.54981,-0.5,0,-0.6565,0.12893,36,12,True,all
medtalk,brow_outer_net,clean,register,m.amp,False,-0.019676,-0.035368,-0.0045366,0.993,-0.375,-0.5,0,-0.56821,0.1173,15,5,True,lang:cn (descriptive)
medtalk,brow_outer_net,clean,register,m.amp,False,-0.034801,-0.050632,-0.016942,1,-0.63333,-0.66667,0,-0.80204,0.16542,9,3,True,lang:en (descriptive)
medtalk,brow_outer_net,clean,register,m.amp,False,-0.024036,-0.040777,-0.0073034,0.999,-0.60839,-0.375,0,-0.64166,0.13292,12,4,True,lang:jp (descriptive)
medtalk,brow_outer_net,clean,rate,m.amp,False,-0.18751,-0.51228,0.19802,0.845,-0.313,,,-0.28916,0.036475,24,12,True,all
medtalk,brow_outer_net,clean,rate,m.amp,False,0.1806,-0.26942,0.78376,0.306,0.17408,,,0.27414,0.022164,10,5,True,lang:cn (descriptive)
medtalk,brow_outer_net,clean,rate,m.amp,False,-0.21072,-0.59362,-0.014752,1,-0.87831,,,-0.61415,0.0025032,6,3,True,lang:en (descriptive)
medtalk,brow_outer_net,clean,rate,m.amp,False,-0.63026,-1.0697,-0.16035,0.999,-0.76376,,,-0.79356,0.067107,8,4,True,lang:jp (descriptive)
medtalk,brow_outer_net,noise,span,m.amp,False,0.03076,-0.02022,0.079053,0.1115,0.19155,0.26667,0,0.25437,0.10285,60,12,True,all
medtalk,brow_outer_net,noise,span,m.amp,True,0.031663,-0.020459,0.081532,0.111,0.19758,0.275,0.083333,0.25837,0.10285,58,12,True,excl_fail
medtalk,brow_outer_net,noise,span,m.amp,False,-0.025032,-0.096853,0.060737,0.639,-0.24462,-0.02,0,-0.19567,0.11586,25,5,True,lang:cn (descriptive)
medtalk,brow_outer_net,noise,span,m.amp,False,0.018089,-0.048602,0.05341,0.282,0.15714,0.13333,0,0.22438,0.084312,15,3,True,lang:en (descriptive)
medtalk,brow_outer_net,noise,span,m.amp,False,0.097605,0.051036,0.15719,0,0.6406,0.725,0,0.70327,0.10285,20,4,True,lang:jp (descriptive)
medtalk,brow_outer_net,noise,span_pyin,m.amp,False,0.014223,-0.0091727,0.081335,0.1145,0.20272,0.23333,0,0.16038,0.10285,60,12,True,all
medtalk,brow_outer_net,noise,span_pyin,m.amp,True,0.014464,-0.0091741,0.083635,0.114,0.20453,0.275,0.083333,0.162,0.10285,58,12,True,excl_fail
medtalk,brow_outer_net,noise,span_pyin,m.amp,False,-0.033107,-0.12743,0.051847,0.767,-0.22923,-0.02,0,-0.21262,0.11586,25,5,True,lang:cn (descriptive)
medtalk,brow_outer_net,noise,span_pyin,m.amp,False,0.00041226,-0.0041095,0.054261,0.394,0.021429,0,0,0.010863,0.084312,15,3,True,lang:en (descriptive)
medtalk,brow_outer_net,noise,span_pyin,m.amp,False,0.098381,0.049176,0.15844,0,0.68271,0.725,0,0.69866,0.10285,20,4,True,lang:jp (descriptive)
medtalk,brow_outer_net,noise,dyn,m.amp,False,0.02692,-0.040094,0.091527,0.2185,0.22141,0.33333,0.5,0.19439,0.071692,36,12,True,all
medtalk,brow_outer_net,noise,dyn,m.amp,False,0.031288,-0.020641,0.067381,0.075,0.45357,0.5,0.6,0.43658,0.05452,15,5,True,lang:cn (descriptive)
medtalk,brow_outer_net,noise,dyn,m.amp,False,0.070007,-0.10982,0.22315,0.282,0.26667,0.33333,0.66667,0.41429,0.091247,9,3,True,lang:en (descriptive)
medtalk,brow_outer_net,noise,dyn,m.amp,False,-0.011532,-0.17301,0.11857,0.555,0.1049,0.125,0.25,-0.06646,0.089999,12,4,True,lang:jp (descriptive)
medtalk,brow_outer_net,noise,combined,m.amp,False,0.031036,-8.7579e-05,0.06085,0.026,0.37006,0.33333,0.41667,0.43784,0.11863,36,12,True,all
medtalk,brow_outer_net,noise,combined,m.amp,True,0.029611,-0.0020695,0.061685,0.0355,0.34578,0.27273,0.36364,0.41157,0.11329,35,12,True,excl_fail
medtalk,brow_outer_net,noise,combined,m.amp,False,0.01886,-0.0068218,0.053498,0.134,0.34017,0.3,0.4,0.41043,0.05857,15,5,True,lang:cn (descriptive)
medtalk,brow_outer_net,noise,combined,m.amp,False,0.064402,-0.019069,0.14057,0.038,0.68516,0.5,0.66667,0.66742,0.13546,9,3,True,lang:en (descriptive)
medtalk,brow_outer_net,noise,combined,m.amp,False,0.021231,-0.038828,0.063916,0.284,0.14783,0.25,0.25,0.28756,0.13465,12,4,True,lang:jp (descriptive)
medtalk,brow_outer_net,noise,register,m.amp,False,-0.02858,-0.037345,-0.019466,1,-0.65071,-0.70833,0,-0.73396,0.12917,36,12,True,all
medtalk,brow_outer_net,noise,register,m.amp,False,-0.022178,-0.039239,-0.006855,1,-0.475,-0.6,0,-0.62258,0.10537,15,5,True,lang:cn (descriptive)
medtalk,brow_outer_net,noise,register,m.amp,False,-0.037779,-0.04567,-0.031586,1,-0.76667,-0.83333,0,-0.85871,0.16446,9,3,True,lang:en (descriptive)
medtalk,brow_outer_net,noise,register,m.amp,False,-0.029739,-0.043394,-0.014605,1,-0.83916,-0.75,0,-0.76431,0.12735,12,4,True,lang:jp (descriptive)
medtalk,brow_outer_net,noise,rate,m.amp,False,-0.331,-0.66446,0.12167,0.934,-0.58989,,,-0.42775,0.040581,24,12,True,all
medtalk,brow_outer_net,noise,rate,m.amp,False,0.072202,-0.37976,0.88243,0.323,-0.24371,,,0.089326,0.038537,10,5,True,lang:cn (descriptive)
medtalk,brow_outer_net,noise,rate,m.amp,False,-0.5453,-0.85431,-0.33818,1,-0.87831,,,-0.92578,0.045643,6,3,True,lang:en (descriptive)
medtalk,brow_outer_net,noise,rate,m.amp,False,-0.67427,-1.145,-0.20356,1,-0.87287,,,-0.79493,0.058912,8,4,True,lang:jp (descriptive)
f0_follower,brow_mean,clean,span,m.amp,False,0.47011,0.29253,0.64223,0,0.68341,0.7,0.58333,0.66837,0.63487,60,12,True,all
f0_follower,brow_mean,clean,span,m.amp,True,0.48395,0.30123,0.65798,0,0.70433,0.7,0.58333,0.67916,0.63487,58,12,True,excl_fail
f0_follower,brow_mean,clean,span,m.amp,False,0.47603,0.30976,0.67437,0,0.61077,0.7,0.4,0.67963,0.61295,25,5,True,lang:cn (descriptive)
f0_follower,brow_mean,clean,span,m.amp,False,0.63947,0.39612,0.90718,0,0.925,1,1,0.91953,0.72112,15,3,True,lang:en (descriptive)
f0_follower,brow_mean,clean,span,m.amp,False,0.33035,-0.034683,0.66599,0.04,0.57143,0.475,0.5,0.46364,0.72142,20,4,True,lang:jp (descriptive)
f0_follower,brow_mean,clean,span,m.vel_rms,False,0.34576,0.17115,0.51525,0,0.60022,0.61667,0.41667,0.63776,0.53387,60,12,True,all
f0_follower,brow_mean,clean,span,m.vel_rms,True,0.35621,0.17804,0.51947,0,0.62909,0.625,0.41667,0.64827,0.53387,58,12,True,excl_fail
f0_follower,brow_mean,clean,span,m.event_rate,False,0.043619,-0.065453,0.19085,0.255,0.012784,0.032054,0,0.085528,0.33333,60,12,False,all
f0_follower,brow_mean,clean,span,m.event_rate,True,0.05694,-0.0653,0.21853,0.2215,0.043085,0.049712,0,0.11133,0.33333,58,12,False,excl_fail
f0_follower,brow_mean,clean,span_pyin,m.amp,False,0.31048,0.22315,0.63324,0,0.61712,0.675,0.5,0.60193,0.63487,60,12,True,all
f0_follower,brow_mean,clean,span_pyin,m.amp,True,0.31543,0.22612,0.65765,0,0.63186,0.7,0.58333,0.60761,0.63487,58,12,True,excl_fail
f0_follower,brow_mean,clean,span_pyin,m.amp,False,0.60227,0.4099,0.86998,0,0.61308,0.7,0.4,0.70647,0.61295,25,5,True,lang:cn (descriptive)
f0_follower,brow_mean,clean,span_pyin,m.amp,False,0.24838,0.21172,0.77428,0,0.77857,0.9,0.66667,0.75869,0.72112,15,3,True,lang:en (descriptive)
f0_follower,brow_mean,clean,span_pyin,m.amp,False,0.33166,-0.045415,0.67509,0.05,0.51429,0.475,0.5,0.45878,0.72142,20,4,True,lang:jp (descriptive)
f0_follower,brow_mean,clean,span_pyin,m.vel_rms,False,0.24507,0.17181,0.47387,0.0005,0.57094,0.575,0.41667,0.6164,0.53387,60,12,True,all
f0_follower,brow_mean,clean,span_pyin,m.vel_rms,True,0.24902,0.1779,0.49277,0,0.58682,0.625,0.41667,0.62208,0.53387,58,12,True,excl_fail
f0_follower,brow_mean,clean,span_pyin,m.event_rate,False,0.015247,-0.064694,0.20097,0.3665,-0.036082,-0.046514,0,0.040768,0.33333,60,12,False,all
f0_follower,brow_mean,clean,span_pyin,m.event_rate,True,0.021845,-0.055076,0.2283,0.2945,-0.015563,0.049712,0,0.058629,0.33333,58,12,False,excl_fail
f0_follower,brow_mean,clean,dyn,m.amp,False,0.095783,-0.0091922,0.24123,0.0515,0.06668,0.16667,0.25,0.31959,0.024728,36,12,True,all
f0_follower,brow_mean,clean,dyn,m.amp,False,0.09625,-0.042744,0.34427,0.302,0.017857,0.1,0.2,0.27521,0.054459,15,5,True,lang:cn (descriptive)
f0_follower,brow_mean,clean,dyn,m.amp,False,0.18718,-0.015119,0.67204,0.305,0.1,0.33333,0.33333,0.48613,0.015733,9,3,True,lang:en (descriptive)
f0_follower,brow_mean,clean,dyn,m.amp,False,0.025545,-0.0054342,0.08313,0.279,0.22378,0.125,0.25,0.43225,0.019572,12,4,True,lang:jp (descriptive)
f0_follower,brow_mean,clean,dyn,m.vel_rms,False,0.020633,-0.069414,0.10588,0.309,0.015833,0.29167,0.41667,0.098598,0.076815,36,12,True,all
f0_follower,brow_mean,clean,dyn,m.event_rate,False,0.10044,-3.2595e-33,0.25243,0.107,0.2334,,0,0.34106,0,36,12,False,all
f0_follower,brow_mean,clean,combined,m.amp,False,0.10687,0.050289,0.16389,0,0.62223,0.625,0.41667,0.57169,0.25086,36,12,True,all
f0_follower,brow_mean,clean,combined,m.amp,True,0.11162,0.050862,0.18161,0,0.62452,0.63636,0.45455,0.57878,0.25086,35,12,True,excl_fail
f0_follower,brow_mean,clean,combined,m.amp,False,0.046638,0.017053,0.081739,0,0.56695,0.6,0.2,0.51387,0.11668,15,5,True,lang:cn (descriptive)
f0_follower,brow_mean,clean,combined,m.amp,False,0.22777,0.22232,0.2342,0,0.79057,0.83333,0.66667,0.76498,0.49063,9,3,True,lang:en (descriptive)
f0_follower,brow_mean,clean,combined,m.amp,False,0.091487,-0.018346,0.20132,0.05,0.53218,0.5,0.5,0.54624,0.29075,12,4,True,lang:jp (descriptive)
f0_follower,brow_mean,clean,combined,m.vel_rms,False,0.076049,0.023592,0.12326,0.0035,0.53381,0.58333,0.5,0.51179,0.26361,36,12,True,all
f0_follower,brow_mean,clean,combined,m.vel_rms,True,0.078716,0.023226,0.13138,0.0045,0.53984,0.59091,0.54545,0.51387,0.26361,35,12,True,excl_fail
f0_follower,brow_mean,clean,combined,m.event_rate,False,-0.052078,-0.13011,0.008413,0.9315,-0.21093,,0,-0.24328,0.125,36,12,False,all
f0_follower,brow_mean,clean,combined,m.event_rate,True,-0.042216,-0.1275,0.038186,0.8385,-0.16367,,0,-0.19638,0.125,35,12,False,excl_fail
f0_follower,brow_mean,clean,register,m.amp,False,0.092314,0.065126,0.11672,0,0.81905,0.875,0.91667,0.86684,0.4741,36,12,True,all
f0_follower,brow_mean,clean,register,m.amp,False,0.11106,0.084939,0.13724,0,0.85,1,1,0.91144,0.56459,15,5,True,lang:cn (descriptive)
f0_follower,brow_mean,clean,register,m.amp,False,0.066236,-0.020938,0.13545,0.046,0.33333,0.5,0.66667,0.70689,0.40237,9,3,True,lang:en (descriptive)
f0_follower,brow_mean,clean,register,m.amp,False,0.088292,0.061684,0.11477,0,0.95804,1,1,0.93697,0.41203,12,4,True,lang:jp (descriptive)
f0_follower,brow_mean,clean,register,m.vel_rms,False,0.061722,0.036812,0.090364,0,0.75779,0.70833,0.58333,0.75603,0.23663,36,12,True,all
f0_follower,brow_mean,clean,register,m.event_rate,False,-0.0016563,-0.05044,0.045572,0.5245,0.13976,0.019139,0,-0.013335,0.26667,36,12,False,all
f0_follower,brow_mean,clean,rate,m.amp,False,-2.3013,-4.6661,-0.27727,0.9935,-0.42135,,,-0.50409,0.11729,24,12,True,all
f0_follower,brow_mean,clean,rate,m.amp,False,-3.8267,-7.3945,-1.2208,1,-0.80076,,,-0.73446,0.27509,10,5,True,lang:cn (descriptive)
f0_follower,brow_mean,clean,rate,m.amp,False,-3.4262,-10.574,0.23598,0.695,-0.09759,,,-0.56106,0.025174,6,3,True,lang:en (descriptive)
f0_follower,brow_mean,clean,rate,m.amp,False,0.44927,-0.14775,1.0463,0.058,0.43644,,,0.57111,0.047709,8,4,True,lang:jp (descriptive)
f0_follower,brow_mean,clean,rate,m.vel_rms,False,-1.7638,-3.3233,-0.36915,0.996,-0.4695,,,-0.54862,0.093427,24,12,True,all
f0_follower,brow_mean,clean,rate,m.event_rate,False,-1.3276,-3.2669,0.53875,0.91,-0.42454,,,-0.35955,0.1,24,12,False,all
f0_follower,brow_mean,noise,span,m.amp,False,0.44747,0.27683,0.61196,0,0.67958,0.73333,0.58333,0.66724,0.62535,60,12,True,all
f0_follower,brow_mean,noise,span,m.amp,True,0.46178,0.2887,0.62692,0,0.70568,0.73333,0.58333,0.67962,0.62535,58,12,True,excl_fail
f0_follower,brow_mean,noise,span,m.amp,False,0.44371,0.28235,0.63914,0,0.62385,0.7,0.4,0.66706,0.55494,25,5,True,lang:cn (descriptive)
f0_follower,brow_mean,noise,span,m.amp,False,0.60655,0.34359,0.87663,0,0.90714,1,1,0.91194,0.71995,15,3,True,lang:en (descriptive)
f0_follower,brow_mean,noise,span,m.amp,False,0.32568,-0.01628,0.6401,0.04,0.58045,0.575,0.5,0.47865,0.72394,20,4,True,lang:jp (descriptive)
f0_follower,brow_mean,noise,span,m.vel_rms,False,0.34994,0.17774,0.51473,0,0.62095,0.64167,0.41667,0.64803,0.5201,60,12,True,all
f0_follower,brow_mean,noise,span,m.vel_rms,True,0.36062,0.18572,0.52177,0,0.64514,0.65833,0.41667,0.65888,0.5201,58,12,True,excl_fail
f0_follower,brow_mean,noise,span,m.event_rate,False,0.048042,-0.066757,0.20957,0.2515,0.085214,0.17409,0,0.10132,0.26667,60,12,False,all
f0_follower,brow_mean,noise,span,m.event_rate,True,0.067548,-0.06163,0.24892,0.192,0.1459,0.24318,0.125,0.14458,0.26667,58,12,False,excl_fail
f0_follower,brow_mean,noise,span_pyin,m.amp,False,0.29914,0.21618,0.60237,0,0.61823,0.70833,0.5,0.60826,0.62535,60,12,True,all
f0_follower,brow_mean,noise,span_pyin,m.amp,True,0.30447,0.22053,0.62599,0,0.6385,0.73333,0.58333,0.61506,0.62535,58,12,True,excl_fail
f0_follower,brow_mean,noise,span_pyin,m.amp,False,0.56454,0.37016,0.80985,0,0.62231,0.7,0.4,0.6973,0.55494,25,5,True,lang:cn (descriptive)
f0_follower,brow_mean,noise,span_pyin,m.amp,False,0.24029,0.20595,0.75589,0,0.76071,0.9,0.66667,0.76744,0.71995,15,3,True,lang:en (descriptive)
f0_follower,brow_mean,noise,span_pyin,m.amp,False,0.3271,-0.026473,0.64913,0.04,0.52632,0.575,0.5,0.47383,0.72394,20,4,True,lang:jp (descriptive)
f0_follower,brow_mean,noise,span_pyin,m.vel_rms,False,0.24355,0.17198,0.48012,0,0.58472,0.6,0.41667,0.615,0.5201,60,12,True,all
f0_follower,brow_mean,noise,span_pyin,m.vel_rms,True,0.24752,0.17611,0.49745,0,0.5971,0.65833,0.41667,0.62076,0.5201,58,12,True,excl_fail
f0_follower,brow_mean,noise,span_pyin,m.event_rate,False,0.021245,-0.047697,0.21464,0.3015,0.050953,0.090234,0,0.061096,0.26667,60,12,False,all
f0_follower,brow_mean,noise,span_pyin,m.event_rate,True,0.031119,-0.028918,0.24362,0.1845,0.10423,0.24318,0.125,0.091426,0.26667,58,12,False,excl_fail
f0_follower,brow_mean,noise,dyn,m.amp,False,0.088374,-0.0070041,0.22061,0.048,0.11856,0.083333,0.25,0.31443,0.04769,36,12,True,all
f0_follower,brow_mean,noise,dyn,m.amp,False,0.079468,-0.038358,0.2974,0.334,0,-0.1,0.2,0.24832,0.049845,15,5,True,lang:cn (descriptive)
f0_follower,brow_mean,noise,dyn,m.amp,False,0.18525,-0.011613,0.64335,0.145,0.2,0.33333,0.33333,0.50452,0.021932,9,3,True,lang:en (descriptive)
f0_follower,brow_mean,noise,dyn,m.amp,False,0.026022,-0.018611,0.075704,0.17,0.23776,0.125,0.25,0.32735,0.058929,12,4,True,lang:jp (descriptive)
f0_follower,brow_mean,noise,dyn,m.vel_rms,False,0.016145,-0.08113,0.10769,0.356,0.01519,0.33333,0.5,0.073848,0.080087,36,12,True,all
f0_follower,brow_mean,noise,dyn,m.event_rate,False,0.0778,-0.0078148,0.22621,0.1075,0.14274,,0,0.19671,0,36,12,False,all
f0_follower,brow_mean,noise,combined,m.amp,False,0.10522,0.051252,0.1592,0,0.63861,0.625,0.41667,0.58755,0.23466,36,12,True,all
f0_follower,brow_mean,noise,combined,m.amp,True,0.10824,0.05073,0.17168,0,0.64569,0.63636,0.45455,0.58724,0.23466,35,12,True,excl_fail
f0_follower,brow_mean,noise,combined,m.amp,False,0.050774,0.025446,0.077154,0,0.64254,0.6,0.2,0.57231,0.13977,15,5,True,lang:cn (descriptive)
f0_follower,brow_mean,noise,combined,m.amp,False,0.221,0.19828,0.23681,0,0.79057,0.83333,0.66667,0.7786,0.47923,9,3,True,lang:en (descriptive)
f0_follower,brow_mean,noise,combined,m.amp,False,0.086454,-0.018701,0.19161,0.05,0.50262,0.5,0.5,0.53664,0.27454,12,4,True,lang:jp (descriptive)
f0_follower,brow_mean,noise,combined,m.vel_rms,False,0.0775,0.028524,0.12302,0.0005,0.54363,0.58333,0.5,0.53486,0.25851,36,12,True,all
f0_follower,brow_mean,noise,combined,m.vel_rms,True,0.081067,0.028977,0.13055,0.0015,0.56101,0.59091,0.54545,0.54218,0.25851,35,12,True,excl_fail
f0_follower,brow_mean,noise,combined,m.event_rate,False,-0.044438,-0.12397,0.016053,0.8975,-0.15476,-0.12372,0,-0.23055,0.13333,36,12,False,all
f0_follower,brow_mean,noise,combined,m.event_rate,True,-0.034067,-0.11929,0.043414,0.7785,-0.097444,-0.14434,0,-0.1772,0.13333,35,12,False,excl_fail
f0_follower,brow_mean,noise,register,m.amp,False,0.085701,0.059669,0.10876,0,0.83295,0.875,0.91667,0.86392,0.45324,36,12,True,all
f0_follower,brow_mean,noise,register,m.amp,False,0.1006,0.074661,0.1195,0,0.84286,1,1,0.92101,0.55666,15,5,True,lang:cn (descriptive)
f0_follower,brow_mean,noise,register,m.amp,False,0.061014,-0.023942,0.12666,0.046,0.33333,0.5,0.66667,0.68423,0.38073,9,3,True,lang:en (descriptive)
f0_follower,brow_mean,noise,register,m.amp,False,0.085429,0.056267,0.11444,0,0.96503,1,1,0.91902,0.36359,12,4,True,lang:jp (descriptive)
f0_follower,brow_mean,noise,register,m.vel_rms,False,0.061149,0.037235,0.088774,0,0.76345,0.70833,0.58333,0.7606,0.22565,36,12,True,all
f0_follower,brow_mean,noise,register,m.event_rate,False,0.019827,-0.030175,0.067865,0.2105,0.20127,0.0625,0,0.15192,0.33333,36,12,False,all
f0_follower,brow_mean,noise,rate,m.amp,False,-2.1224,-4.4116,-0.2178,0.989,-0.45747,,,-0.49155,0.14663,24,12,True,all
f0_follower,brow_mean,noise,rate,m.amp,False,-3.597,-6.9715,-1.256,1,-0.87039,,,-0.73147,0.2631,10,5,True,lang:cn (descriptive)
f0_follower,brow_mean,noise,rate,m.amp,False,-3.1818,-9.9588,0.29723,0.695,-0.09759,,,-0.55309,0.031812,6,3,True,lang:en (descriptive)
f0_follower,brow_mean,noise,rate,m.amp,False,0.51557,-0.26751,1.2987,0.058,0.43644,,,0.54985,0.087804,8,4,True,lang:jp (descriptive)
f0_follower,brow_mean,noise,rate,m.vel_rms,False,-1.6611,-3.1371,-0.35322,0.996,-0.49358,,,-0.54883,0.07703,24,12,True,all
f0_follower,brow_mean,noise,rate,m.event_rate,False,-0.14948,-2.3293,1.9365,0.557,-0.10081,,,-0.040871,0,24,12,False,all
energy_follower,brow_mean,clean,span,m.amp,False,0.0013659,-0.018144,0.023309,0.4455,0.031398,0.05,0.083333,0.025274,0.024129,60,12,True,all
energy_follower,brow_mean,clean,span,m.amp,True,0.0005698,-0.019385,0.023237,0.4745,0.0063059,0.025,0.083333,0.01047,0.017998,58,12,True,excl_fail
energy_follower,brow_mean,clean,span,m.amp,False,-0.0028193,-0.04105,0.058533,0.542,-0.24769,-0.24,0,-0.039761,0.033612,25,5,True,lang:cn (descriptive)
energy_follower,brow_mean,clean,span,m.amp,False,0.0071754,-0.05078,0.046072,0.394,0.33214,0.4,0.33333,0.11719,0.067797,15,3,True,lang:en (descriptive)
energy_follower,brow_mean,clean,span,m.amp,False,0.0010426,-0.0004042,0.0037879,0.319,0.097744,0.15,0,0.094831,0.011369,20,4,True,lang:jp (descriptive)
energy_follower,brow_mean,clean,span,m.vel_rms,False,-0.0048341,-0.010695,0.00082637,0.954,-0.35549,-0.275,0,-0.28023,0.018352,60,12,True,all
energy_follower,brow_mean,clean,span,m.vel_rms,True,-0.005104,-0.010864,0.00054091,0.961,-0.36774,-0.30833,0,-0.29256,0.018352,58,12,True,excl_fail
energy_follower,brow_mean,clean,span,m.event_rate,False,-0.052393,-0.16993,0.00066377,0.915,-0.1173,,0,-0.20318,0,60,12,False,all
energy_follower,brow_mean,clean,span,m.event_rate,True,-0.053827,-0.17346,0.00068066,0.914,-0.12197,,0,-0.20595,0,58,12,False,excl_fail
energy_follower,brow_mean,clean,span_pyin,m.amp,False,0.00042558,-0.0088598,0.024845,0.4595,0.062128,0.05,0.083333,0.010738,0.024129,60,12,True,all
energy_follower,brow_mean,clean,span_pyin,m.amp,True,1.6768e-05,-0.010683,0.024609,0.4905,0.046356,0.025,0.083333,0.00042291,0.017998,58,12,True,excl_fail
energy_follower,brow_mean,clean,span_pyin,m.amp,False,-0.0026464,-0.049039,0.06794,0.532,-0.18231,-0.24,0,-0.030664,0.033612,25,5,True,lang:cn (descriptive)
energy_follower,brow_mean,clean,span_pyin,m.amp,False,0.00087127,-0.0033376,0.054661,0.394,0.28571,0.4,0.33333,0.030228,0.067797,15,3,True,lang:en (descriptive)
energy_follower,brow_mean,clean,span_pyin,m.amp,False,0.00096561,-0.00039951,0.0035606,0.317,0.051128,0.15,0,0.086565,0.011369,20,4,True,lang:jp (descriptive)
energy_follower,brow_mean,clean,span_pyin,m.vel_rms,False,0.00052327,-0.011272,0.0037273,0.4735,-0.27102,-0.3,0,0.041364,0.018352,60,12,True,all
energy_follower,brow_mean,clean,span_pyin,m.vel_rms,True,0.00046314,-0.011897,0.0037269,0.4805,-0.28524,-0.30833,0,0.036439,0.018352,58,12,True,excl_fail
energy_follower,brow_mean,clean,span_pyin,m.event_rate,False,-0.024663,-0.1809,0.00014993,0.931,-0.090887,,0,-0.13043,0,60,12,False,all
energy_follower,brow_mean,clean,span_pyin,m.event_rate,True,-0.025008,-0.18582,0.00015277,0.931,-0.08958,,0,-0.13133,0,58,12,False,excl_fail
energy_follower,brow_mean,clean,dyn,m.amp,False,0.54185,0.35668,0.7188,0,0.81496,0.95833,0.91667,0.85157,0.49729,36,12,True,all
energy_follower,brow_mean,clean,dyn,m.amp,False,0.7355,0.63966,0.83675,0,0.87143,1,1,0.98058,0.55282,15,5,True,lang:cn (descriptive)
energy_follower,brow_mean,clean,dyn,m.amp,False,0.78641,0.66295,0.91775,0,0.88333,1,1,0.98908,0.61153,9,3,True,lang:en (descriptive)
energy_follower,brow_mean,clean,dyn,m.amp,False,0.10629,0.022777,0.25508,0,0.67133,0.875,0.75,0.62735,0.034809,12,4,True,lang:jp (descriptive)
energy_follower,brow_mean,clean,dyn,m.vel_rms,False,0.29853,0.25001,0.35101,0,0.8752,1,1,0.9548,0.22529,36,12,True,all
energy_follower,brow_mean,clean,dyn,m.event_rate,False,0.27689,0.10385,0.47278,0.001,0.5385,0.91962,0.4,0.57327,0,36,12,False,all
energy_follower,brow_mean,clean,combined,m.amp,False,0.21385,0.14105,0.28127,0,0.87113,0.95833,0.91667,0.85141,0.52183,36,12,True,all
energy_follower,brow_mean,clean,combined,m.amp,True,0.2061,0.13119,0.27679,0,0.86445,0.95455,0.90909,0.8412,0.46651,35,12,True,excl_fail
energy_follower,brow_mean,clean,combined,m.amp,False,0.28677,0.26089,0.31265,0,0.94491,1,1,0.97621,0.55948,15,5,True,lang:cn (descriptive)
energy_follower,brow_mean,clean,combined,m.amp,False,0.31563,0.27673,0.33541,0,0.94868,1,1,0.99066,0.61742,9,3,True,lang:en (descriptive)
energy_follower,brow_mean,clean,combined,m.amp,False,0.046373,0.0084118,0.10976,0,0.82784,0.875,0.75,0.63917,0.041993,12,4,True,lang:jp (descriptive)
energy_follower,brow_mean,clean,combined,m.vel_rms,False,0.11671,0.096613,0.13874,0,0.94317,1,1,0.94792,0.21959,36,12,True,all
energy_follower,brow_mean,clean,combined,m.vel_rms,True,0.11654,0.095272,0.14017,0,0.9509,1,1,0.94461,0.19344,35,12,True,excl_fail
energy_follower,brow_mean,clean,combined,m.event_rate,False,0.1005,0.03185,0.17656,0.001,0.54512,0.89282,0.2,0.5486,0,36,12,False,all
energy_follower,brow_mean,clean,combined,m.event_rate,True,0.1072,0.0392,0.18272,0.001,0.56344,0.89282,0.2,0.56659,0,35,12,False,excl_fail
energy_follower,brow_mean,clean,register,m.amp,False,-0.0038399,-0.010131,0.0013247,0.9175,-0.060232,-0.16667,0.25,-0.32744,0.025013,36,12,True,all
energy_follower,brow_mean,clean,register,m.amp,False,-0.0049164,-0.013766,0.0024236,0.91,-0.30714,-0.4,0.2,-0.43185,0.028418,15,5,True,lang:cn (descriptive)
energy_follower,brow_mean,clean,register,m.amp,False,-0.0085894,-0.029617,0.0057729,0.769,-0.11667,-0.16667,0.33333,-0.47476,0.029662,9,3,True,lang:en (descriptive)
energy_follower,brow_mean,clean,register,m.amp,False,0.0010011,-0.00080416,0.0034365,0.17,0.18881,0.125,0.25,0.37093,0.0067098,12,4,True,lang:jp (descriptive)
energy_follower,brow_mean,clean,register,m.vel_rms,False,-0.0013397,-0.0033888,0.00061172,0.905,-0.16577,-0.25,0.25,-0.28997,0.012715,36,12,True,all
energy_follower,brow_mean,clean,register,m.event_rate,False,-8.3632e-05,-0.011927,0.01166,0.6425,0.020226,0,0,-0.0037702,0,36,12,False,all
energy_follower,brow_mean,clean,rate,m.amp,False,0.57558,0.4195,0.73,0,0.86678,,,0.90458,0.073408,24,12,True,all
energy_follower,brow_mean,clean,rate,m.amp,False,0.69189,0.63378,0.74534,0,0.87039,,,0.99623,0.076124,10,5,True,lang:cn (descriptive)
energy_follower,brow_mean,clean,rate,m.amp,False,0.7299,0.29709,0.99759,0,0.87831,,,0.92093,0.098888,6,3,True,lang:en (descriptive)
energy_follower,brow_mean,clean,rate,m.amp,False,0.31446,0.15545,0.54331,0,0.87287,,,0.83869,0.026116,8,4,True,lang:jp (descriptive)
energy_follower,brow_mean,clean,rate,m.vel_rms,False,0.8956,0.84253,0.95282,0,0.86678,,,0.99417,0.10004,24,12,True,all
energy_follower,brow_mean,clean,rate,m.event_rate,False,0.78164,0,1.7432,0.0285,0.4985,,,0.42991,0,24,12,False,all
energy_follower,brow_mean,noise,span,m.amp,False,-0.0022658,-0.021732,0.022957,0.5785,-0.089303,-0.13333,0,-0.03921,0.041277,60,12,True,all
energy_follower,brow_mean,noise,span,m.amp,True,-0.0028706,-0.022784,0.022957,0.597,-0.10899,-0.19167,0,-0.049534,0.039829,58,12,True,excl_fail
energy_follower,brow_mean,noise,span,m.amp,False,0.0074438,-0.036427,0.079088,0.409,-0.088462,-0.02,0,0.09378,0.059754,25,5,True,lang:cn (descriptive)
energy_follower,brow_mean,noise,span,m.amp,False,-0.0076506,-0.055774,0.026475,0.657,-0.017857,0.13333,0,-0.13437,0.044295,15,3,True,lang:en (descriptive)
energy_follower,brow_mean,noise,span,m.amp,False,-0.0079058,-0.012954,-0.0048984,1,-0.30677,-0.475,0,-0.39579,0.018951,20,4,True,lang:jp (descriptive)
energy_follower,brow_mean,noise,span,m.vel_rms,False,-0.0091099,-0.01703,-0.0016304,0.991,-0.40033,-0.35,0,-0.39936,0.023069,60,12,True,all
energy_follower,brow_mean,noise,span,m.vel_rms,True,-0.0096894,-0.017296,-0.002316,0.996,-0.43,-0.40833,0,-0.42157,0.023069,58,12,True,excl_fail
energy_follower,brow_mean,noise,span,m.event_rate,False,0.0025102,-0.0082998,0.016046,0.4325,0.08603,,0,0.020426,0,60,12,False,all
energy_follower,brow_mean,noise,span,m.event_rate,True,0.0025789,-0.0084912,0.016487,0.4315,0.081204,,0,0.020703,0,58,12,False,excl_fail
energy_follower,brow_mean,noise,span_pyin,m.amp,False,-0.0015582,-0.013645,0.023565,0.603,-0.051348,-0.125,0,-0.03677,0.041277,60,12,True,all
energy_follower,brow_mean,noise,span_pyin,m.amp,True,-0.001823,-0.015074,0.023778,0.617,-0.075456,-0.19167,0,-0.043177,0.039829,58,12,True,excl_fail
energy_follower,brow_mean,noise,span_pyin,m.amp,False,0.011614,-0.044211,0.095847,0.344,0.00076923,-0.02,0,0.12022,0.059754,25,5,True,lang:cn (descriptive)
energy_follower,brow_mean,noise,span_pyin,m.amp,False,-0.0022992,-0.0075413,0.031455,0.769,0.053571,0.16667,0,-0.085776,0.044295,15,3,True,lang:en (descriptive)
energy_follower,brow_mean,noise,span_pyin,m.amp,False,-0.0081653,-0.01316,-0.0048568,1,-0.35489,-0.475,0,-0.4029,0.018951,20,4,True,lang:jp (descriptive)
energy_follower,brow_mean,noise,span_pyin,m.vel_rms,False,-0.0025296,-0.017931,0.0014425,0.8375,-0.33493,-0.34167,0,-0.15121,0.023069,60,12,True,all
energy_follower,brow_mean,noise,span_pyin,m.vel_rms,True,-0.0027288,-0.019066,0.001304,0.8555,-0.3683,-0.40833,0,-0.16296,0.023069,58,12,True,excl_fail
energy_follower,brow_mean,noise,span_pyin,m.event_rate,False,0.0019346,-0.005403,0.017355,0.384,0.092943,,0,0.021466,0,60,12,False,all
energy_follower,brow_mean,noise,span_pyin,m.event_rate,True,0.0019617,-0.0056867,0.017772,0.384,0.098703,,0,0.021616,0,58,12,False,excl_fail
energy_follower,brow_mean,noise,dyn,m.amp,False,0.53001,0.34776,0.69764,0,0.82294,0.875,0.91667,0.85375,0.50322,36,12,True,all
energy_follower,brow_mean,noise,dyn,m.amp,False,0.71548,0.6438,0.78966,0,0.90357,1,1,0.98572,0.56384,15,5,True,lang:cn (descriptive)
energy_follower,brow_mean,noise,dyn,m.amp,False,0.78059,0.69458,0.85498,0,0.91667,1,1,0.99529,0.61971,9,3,True,lang:en (descriptive)
energy_follower,brow_mean,noise,dyn,m.amp,False,0.10038,0.0061181,0.24996,0.021,0.63636,0.625,0.75,0.59664,0.039169,12,4,True,lang:jp (descriptive)
energy_follower,brow_mean,noise,dyn,m.vel_rms,False,0.29956,0.25076,0.35155,0,0.88228,1,1,0.95575,0.22819,36,12,True,all
energy_follower,brow_mean,noise,dyn,m.event_rate,False,0.44535,0.16071,0.74842,0,0.75327,0.9043,0.28571,0.5926,0.099999,36,12,False,all
energy_follower,brow_mean,noise,combined,m.amp,False,0.21392,0.14024,0.28247,0,0.8613,0.95833,0.91667,0.84751,0.5055,36,12,True,all
energy_follower,brow_mean,noise,combined,m.amp,True,0.20699,0.12961,0.27902,0,0.85387,0.95455,0.90909,0.83656,0.44811,35,12,True,excl_fail
energy_follower,brow_mean,noise,combined,m.amp,False,0.28216,0.25389,0.31043,0,0.94491,1,1,0.96673,0.54154,15,5,True,lang:cn (descriptive)
energy_follower,brow_mean,noise,combined,m.amp,False,0.32379,0.3209,0.32535,0,0.94868,1,1,0.99279,0.62241,9,3,True,lang:en (descriptive)
energy_follower,brow_mean,noise,combined,m.amp,False,0.046229,0.0094059,0.10532,0,0.82784,0.875,0.75,0.66212,0.048327,12,4,True,lang:jp (descriptive)
energy_follower,brow_mean,noise,combined,m.vel_rms,False,0.11485,0.09506,0.13566,0,0.94317,1,1,0.94843,0.22486,36,12,True,all
energy_follower,brow_mean,noise,combined,m.vel_rms,True,0.11429,0.093141,0.13652,0,0.9509,1,1,0.94494,0.19659,35,12,True,excl_fail
energy_follower,brow_mean,noise,combined,m.event_rate,False,0.16325,0.059724,0.28166,0,0.63767,0.9043,0.28571,0.57979,0.125,36,12,False,all
energy_follower,brow_mean,noise,combined,m.event_rate,True,0.17413,0.067043,0.30012,0,0.65843,0.9043,0.28571,0.59881,0.125,35,12,False,excl_fail
energy_follower,brow_mean,noise,register,m.amp,False,-0.0029614,-0.0076267,0.00092421,0.9175,-0.026255,-0.041667,0.25,-0.26815,0.028376,36,12,True,all
energy_follower,brow_mean,noise,register,m.amp,False,-0.0043072,-0.0094236,0.00039184,0.966,-0.22857,-0.3,0,-0.36071,0.049453,15,5,True,lang:cn (descriptive)
energy_follower,brow_mean,noise,register,m.amp,False,-0.0079637,-0.022377,-1.6463e-05,1,-0.43333,-0.5,0,-0.53127,0.0083588,9,3,True,lang:en (descriptive)
energy_follower,brow_mean,noise,register,m.amp,False,0.0024004,-0.00030703,0.0060822,0.058,0.72028,0.625,0.75,0.52938,0.0091549,12,4,True,lang:jp (descriptive)
energy_follower,brow_mean,noise,register,m.vel_rms,False,-0.00034738,-0.0022988,0.0017464,0.6085,-0.072072,-0.16667,0,-0.056534,0.017053,36,12,True,all
energy_follower,brow_mean,noise,register,m.event_rate,False,-0.0045296,-0.019696,0.0060599,0.753,0.11666,0.18301,0,-0.098347,0,36,12,False,all
energy_follower,brow_mean,noise,rate,m.amp,False,0.45836,0.27823,0.6505,0,0.83066,,,0.81922,0.053172,24,12,True,all
energy_follower,brow_mean,noise,rate,m.amp,False,0.49826,0.32568,0.67327,0,0.87039,,,0.92589,0.058843,10,5,True,lang:cn (descriptive)
energy_follower,brow_mean,noise,rate,m.amp,False,0.5562,-0.15203,1.0302,0.033,0.68313,,,0.73687,0.086842,6,3,True,lang:en (descriptive)
energy_follower,brow_mean,noise,rate,m.amp,False,0.33512,0.14985,0.52038,0,0.87287,,,0.86565,0.032236,8,4,True,lang:jp (descriptive)
energy_follower,brow_mean,noise,rate,m.vel_rms,False,0.88488,0.81748,0.95377,0,0.86678,,,0.99018,0.1013,24,12,True,all
energy_follower,brow_mean,noise,rate,m.event_rate,False,0.62432,0,1.298,0.035,0.4985,,,0.49087,0,24,12,False,all
medtalk_st,intensity,clean,span,m.mean_in_span,False,-0.00033921,-0.012621,0.014687,0.5585,-0.25146,-0.225,0.083333,-0.011219,0.016188,60,12,True,all
medtalk_st,intensity,clean,span,m.mean_in_span,True,-0.00036451,-0.012928,0.014997,0.5585,-0.26427,-0.24167,0.083333,-0.011895,0.016188,58,12,True,excl_fail
medtalk_st,intensity,clean,span,m.mean_in_span,False,0.00031681,-0.0091088,0.0070614,0.51,-0.018462,0.04,0,0.014703,0.016796,25,5,True,lang:cn (descriptive)
medtalk_st,intensity,clean,span,m.mean_in_span,False,-0.013759,-0.029073,0.001184,0.954,-0.55,-0.4,0,-0.67487,0.01558,15,3,True,lang:en (descriptive)
medtalk_st,intensity,clean,span,m.mean_in_span,False,0.0095889,-0.014635,0.047109,0.332,-0.15789,-0.425,0.25,0.22816,0.015792,20,4,True,lang:jp (descriptive)
medtalk_st,intensity,clean,span,m.amp,False,-0.0055707,-0.083047,0.077768,0.564,-0.051292,-0.083333,0.16667,-0.025382,0.10801,60,12,True,all
medtalk_st,intensity,clean,span,m.amp,True,-0.0033807,-0.082917,0.082293,0.5365,-0.0099357,-0.058333,0.16667,-0.015246,0.10801,58,12,True,excl_fail
medtalk_st,intensity,clean,span_pyin,m.mean_in_span,False,-0.0018274,-0.012573,0.014455,0.683,-0.33143,-0.25833,0.083333,-0.082413,0.016188,60,12,True,all
medtalk_st,intensity,clean,span_pyin,m.mean_in_span,True,-0.0018591,-0.012689,0.014977,0.684,-0.33963,-0.24167,0.083333,-0.08327,0.016188,58,12,True,excl_fail
medtalk_st,intensity,clean,span_pyin,m.mean_in_span,False,-0.00084219,-0.012234,0.0098716,0.591,-0.12154,0.04,0,-0.032112,0.016796,25,5,True,lang:cn (descriptive)
medtalk_st,intensity,clean,span_pyin,m.mean_in_span,False,-0.0051591,-0.033487,0.00079757,0.954,-0.59643,-0.53333,0,-0.53752,0.01558,15,3,True,lang:en (descriptive)
medtalk_st,intensity,clean,span_pyin,m.mean_in_span,False,0.0096947,-0.014946,0.046176,0.332,-0.17895,-0.425,0.25,0.22736,0.015792,20,4,True,lang:jp (descriptive)
medtalk_st,intensity,clean,span_pyin,m.amp,False,-0.0021064,-0.068775,0.081242,0.555,0.020061,-0.083333,0.16667,-0.013087,0.10801,60,12,True,all
medtalk_st,intensity,clean,span_pyin,m.amp,True,-0.0009723,-0.068305,0.085878,0.53,0.052447,-0.058333,0.16667,-0.0060186,0.10801,58,12,True,excl_fail
medtalk_st,intensity,clean,dyn,m.mean_in_span,False,-0.016948,-0.034479,-0.004094,0.9995,-0.50537,-0.58333,0,-0.45676,0.010053,36,12,True,all
medtalk_st,intensity,clean,dyn,m.mean_in_span,False,-0.012181,-0.023663,-0.00454,1,-0.56071,-0.6,0,-0.65616,0.0087444,15,5,True,lang:cn (descriptive)
medtalk_st,intensity,clean,dyn,m.mean_in_span,False,-0.0068558,-0.025703,0.011897,0.753,-0.43333,-0.5,0,-0.38523,0.011362,9,3,True,lang:en (descriptive)
medtalk_st,intensity,clean,dyn,m.mean_in_span,False,-0.030775,-0.076912,-0.00067069,0.984,-0.55944,-0.625,0,-0.51922,0.010157,12,4,True,lang:jp (descriptive)
medtalk_st,intensity,clean,dyn,m.amp,False,0.054794,-0.0094319,0.11859,0.0505,0.26363,0.375,0.58333,0.37833,0.091247,36,12,True,all
medtalk_st,intensity,clean,combined,m.mean_in_span,False,-0.0058945,-0.0095481,-0.0027062,1,-0.65498,-0.625,0,-0.57375,0.010992,36,12,True,all
medtalk_st,intensity,clean,combined,m.mean_in_span,True,-0.005855,-0.0096757,-0.0024494,1,-0.6404,-0.59091,0,-0.55881,0.0092861,35,12,True,excl_fail
medtalk_st,intensity,clean,combined,m.mean_in_span,False,-0.0071696,-0.01544,-0.00094813,0.992,-0.52915,-0.4,0,-0.51458,0.022531,15,5,True,lang:cn (descriptive)
medtalk_st,intensity,clean,combined,m.mean_in_span,False,-0.0058991,-0.0091586,-0.0022156,1,-0.89598,-0.83333,0,-0.87706,0.01264,9,3,True,lang:en (descriptive)
medtalk_st,intensity,clean,combined,m.mean_in_span,False,-0.0042971,-0.0089264,-0.0004567,1,-0.70957,-0.75,0,-0.67892,0.0059277,12,4,True,lang:jp (descriptive)
medtalk_st,intensity,clean,combined,m.amp,False,0.0018681,-0.05644,0.050233,0.447,0.068773,0.041667,0.33333,0.01661,0.041159,36,12,True,all
medtalk_st,intensity,clean,combined,m.amp,True,0.0035185,-0.058499,0.053894,0.4225,0.14466,0.13636,0.36364,0.030332,0.035512,35,12,True,excl_fail
medtalk_st,intensity,clean,register,m.mean_in_span,False,0.0026086,0.00067407,0.0045495,0.0045,0.6157,0.58333,0.66667,0.56446,0.017013,36,12,True,all
medtalk_st,intensity,clean,register,m.mean_in_span,False,0.003332,-0.0011393,0.0065544,0.074,0.62857,0.7,0.8,0.57117,0.021123,15,5,True,lang:cn (descriptive)
medtalk_st,intensity,clean,register,m.mean_in_span,False,0.00034363,-0.00087559,0.0026194,0.277,-0.016667,0,0.33333,0.1832,0.0049175,9,3,True,lang:en (descriptive)
medtalk_st,intensity,clean,register,m.mean_in_span,False,0.0033823,0.0016805,0.0043029,0,0.75524,0.875,0.75,0.78019,0.017013,12,4,True,lang:jp (descriptive)
medtalk_st,intensity,clean,register,m.amp,False,-0.023774,-0.045166,-0.0040459,0.9935,-0.47748,-0.33333,0.16667,-0.53045,0.073897,36,12,True,all
medtalk_st,intensity,clean,rate,m.mean_in_span,False,0.010749,-0.015601,0.03701,0.215,0.18058,,,0.21656,0.0036247,24,12,True,all
medtalk_st,intensity,clean,rate,m.mean_in_span,False,0.01983,-0.018059,0.058963,0.183,0.31334,,,0.39289,0.0031732,10,5,True,lang:cn (descriptive)
medtalk_st,intensity,clean,rate,m.mean_in_span,False,-0.024919,-0.061916,0.048911,0.746,-0.68313,,,-0.43077,0.0064852,6,3,True,lang:en (descriptive)
medtalk_st,intensity,clean,rate,m.mean_in_span,False,0.026149,-0.0058349,0.060805,0.031,0.76376,,,0.63475,0.0024766,8,4,True,lang:jp (descriptive)
medtalk_st,intensity,clean,rate,m.amp,False,-0.099701,-0.51158,0.27565,0.6865,-0.024077,,,-0.13567,0.051683,24,12,True,all
